customer_id,age,gender,tenure_years,segment,account_type,balance,num_accounts,primary_account_flag,avg_monthly_credits,avg_monthly_debits,num_txn_3m,num_txn_6m,num_txn_12m,num_products,has_loan,has_investment,has_credit_card,nps_score,digital_banking_active,last_branch_visit_days,complaint_count,attrition_flag,attrition_type
CUST01001,53,Male,10,Retail,RD,16524.67,4,1,2148.1,1544.96,8,17,35,1,0,0,0,44,1,90,4,1,Full Withdrawal
CUST01002,57,Male,6,HNI,Current,1760458.33,2,1,268504.73,248284.97,10,15,40,2,0,0,1,8,1,444,0,0,None
CUST01003,71,Female,18,SME,RD,450288.48,1,1,78448.63,73195.86,28,38,56,2,0,1,0,55,1,50,0,0,None
CUST01004,58,Male,2,Retail,Current,61110.38,3,1,5420.06,4693.95,33,36,80,2,0,1,0,36,1,691,0,0,None
CUST01005,69,Female,20,Retail,Savings,16810.05,4,1,711.8,513.24,24,48,66,3,1,1,0,38,1,57,0,0,None
CUST01006,35,Male,9,Retail,Current,22458.98,1,1,2879.13,1770.39,28,34,70,3,0,1,1,56,1,450,0,0,None
CUST01007,48,Female,19,Retail,Current,56079.79,2,1,6633.42,3493.52,26,32,62,4,1,1,1,19,1,447,0,0,None
CUST01008,40,Female,6,SME,Savings,442344.14,3,1,21529.69,14940.54,30,54,61,2,0,0,1,92,1,553,1,0,None
CUST01009,52,Male,2,Retail,Current,67976.66,3,1,9598.37,5663.97,25,30,49,3,1,0,1,72,0,332,1,0,None
CUST01010,67,Male,15,SME,Current,213499.01,2,1,40698.05,17907.53,17,37,62,2,1,0,0,74,1,236,0,0,None
CUST01011,30,Male,17,Retail,Current,98695.63,1,1,10299.59,6817.52,17,27,61,2,0,0,1,48,0,35,1,0,None
CUST01012,59,Female,16,HNI,Savings,681177.64,3,1,124722.01,89063.66,29,42,60,2,1,0,0,97,1,224,0,0,None
CUST01013,38,Male,21,SME,Current,152143.78,3,1,25879.08,19052.78,21,25,68,2,1,0,0,67,0,589,0,0,None
CUST01014,40,Female,8,Retail,Savings,86610.81,2,1,5705.45,2513.81,20,26,67,2,0,0,1,20,1,693,0,0,None
CUST01015,65,Male,10,Retail,Savings,32628.06,3,1,5415.11,3604.9,11,14,59,4,1,1,1,10,1,4,0,0,None
CUST01016,25,Male,10,Retail,Savings,36590.01,3,1,4488.61,3414.72,27,51,83,3,1,0,1,6,0,120,1,1,Account Closure
CUST01017,69,Male,18,Retail,Savings,57123.47,3,1,10680.98,9918.2,3,17,23,3,0,1,1,42,1,520,0,0,None
CUST01018,32,Male,10,Retail,Savings,41221.11,4,1,2898.18,1199.19,4,33,59,3,0,1,1,40,1,592,2,1,Partial Withdrawal
CUST01019,43,Female,9,Retail,Savings,32325.84,1,1,1939.79,1497.43,3,31,42,3,1,0,1,13,1,278,3,0,None
CUST01020,25,Female,24,Retail,Savings,92131.65,1,1,7242.0,3145.1,26,34,82,2,0,1,0,90,0,714,0,0,None
CUST01021,38,Female,19,Retail,RD,17281.05,2,1,856.11,417.24,5,34,70,3,1,1,0,29,1,585,1,0,None
CUST01022,29,Male,1,Retail,Current,43407.53,1,1,3959.32,1961.13,16,38,58,3,0,1,1,94,1,455,1,0,None
CUST01023,67,Female,4,Retail,Current,5281.87,3,1,450.45,261.66,19,28,68,2,0,1,0,87,1,232,0,0,None
CUST01024,55,Female,24,Retail,RD,81708.1,1,1,8709.63,7466.02,8,34,40,3,1,1,0,36,0,381,0,0,None
CUST01025,32,Female,3,Retail,RD,20999.79,4,1,2395.58,2086.38,28,49,70,1,0,0,0,9,1,209,4,1,Full Withdrawal
CUST01026,52,Male,10,SME,FD,316084.87,3,1,19962.43,12101.7,19,31,38,2,0,0,1,5,1,75,1,0,None
CUST01027,32,Male,12,Retail,Savings,19117.3,3,1,2659.21,1694.49,8,21,48,1,0,0,0,47,1,183,1,1,Partial Withdrawal
CUST01028,59,Male,18,Retail,Current,44590.19,4,1,3378.63,1754.75,30,49,90,2,0,0,1,38,1,327,5,1,Account Closure
CUST01029,42,Female,23,Retail,FD,74177.57,4,1,4414.2,2815.74,34,53,96,2,0,0,1,31,1,61,0,0,None
CUST01030,67,Male,20,Retail,FD,30726.84,1,1,4713.8,2598.05,3,31,63,2,1,0,0,1,1,663,0,0,None
CUST01031,51,Male,6,Retail,Current,34822.13,1,1,1519.56,753.98,19,36,85,3,1,1,0,30,1,94,0,0,None
CUST01032,31,Male,21,Retail,Savings,68395.64,1,1,6766.97,3296.58,24,45,90,3,1,0,1,47,1,528,0,0,None
CUST01033,47,Female,2,Retail,RD,22831.59,4,1,1440.78,1190.96,7,30,42,3,1,1,0,49,1,654,3,1,Account Closure
CUST01034,48,Female,10,HNI,Current,1498978.73,1,1,271685.15,126148.99,26,33,70,2,1,0,0,13,1,598,1,0,None
CUST01035,29,Male,2,HNI,Savings,696495.56,2,1,119736.88,88463.88,20,39,47,2,1,0,0,2,0,570,1,1,Account Closure
CUST01036,60,Male,9,SME,Savings,289377.71,1,1,14377.52,7075.39,9,27,38,1,0,0,0,23,1,644,2,1,Account Closure
CUST01037,29,Female,10,Retail,Savings,81246.89,4,1,10405.47,8957.15,38,57,72,3,1,0,1,50,1,479,1,0,None
CUST01038,29,Female,2,Retail,Savings,40565.19,4,1,3539.59,1950.16,27,52,96,4,1,1,1,16,1,206,0,0,None
CUST01039,55,Female,8,SME,Savings,251702.92,2,1,17822.4,7569.02,30,52,64,2,0,1,0,91,1,389,0,0,None
CUST01040,37,Female,24,Retail,RD,20760.83,3,1,1865.28,1209.9,29,33,57,2,0,0,1,74,0,38,1,0,None
CUST01041,62,Female,17,Retail,Savings,98617.78,2,1,16818.47,15975.67,8,18,65,1,0,0,0,56,1,580,2,0,None
CUST01042,34,Female,17,Retail,Current,73913.94,4,1,3640.77,3084.55,37,66,109,3,1,1,0,3,1,203,0,0,None
CUST01043,44,Male,4,Retail,FD,47754.51,3,1,6863.15,4897.85,16,45,77,3,1,0,1,96,1,374,1,0,None
CUST01044,33,Female,18,HNI,Current,1999697.68,2,1,372222.17,187671.2,34,42,57,1,0,0,0,91,1,473,0,0,None
CUST01045,48,Female,12,Retail,Savings,6796.46,2,1,759.09,352.69,6,31,57,3,1,0,1,90,0,524,0,0,None
CUST01046,43,Female,17,SME,Current,64514.81,3,1,11886.35,10236.56,30,53,93,2,0,0,1,30,1,52,0,0,None
CUST01047,53,Male,9,Retail,Savings,95907.05,2,1,17751.25,14791.04,18,26,36,3,1,1,0,95,1,351,1,0,None
CUST01048,70,Male,19,Retail,Savings,15150.1,3,1,2083.67,1363.14,28,48,59,3,1,1,0,97,0,71,0,0,None
CUST01049,48,Male,14,Retail,Current,76676.67,1,1,8659.44,5470.82,18,20,34,3,0,1,1,46,1,321,2,0,None
CUST01050,23,Male,14,Retail,RD,19557.5,3,1,3090.6,2508.86,5,7,51,3,1,1,0,19,1,601,4,1,Partial Withdrawal
CUST01051,66,Male,17,HNI,FD,657179.59,2,1,122626.83,85203.66,13,15,23,2,0,1,0,34,1,46,0,0,None
CUST01052,54,Female,2,SME,Savings,127835.99,1,1,19022.72,11837.71,24,36,49,2,1,0,0,63,1,628,1,0,None
CUST01053,47,Male,8,HNI,Savings,1741716.93,4,1,128080.9,68964.71,12,40,82,2,0,1,0,-10,1,349,1,1,Full Withdrawal
CUST01054,49,Male,5,SME,Savings,161021.17,4,1,27568.26,12885.68,37,66,89,1,0,0,0,92,1,266,0,0,None
CUST01055,40,Male,7,Retail,Current,63913.22,4,1,12287.02,8934.34,13,37,74,2,0,0,1,81,0,603,1,0,None
CUST01056,64,Female,22,HNI,Savings,1670008.29,2,1,176426.32,150725.75,10,29,71,1,0,0,0,98,1,19,3,0,None
CUST01057,26,Male,16,Retail,FD,27327.32,1,1,4143.21,3357.66,25,39,65,3,1,0,1,72,1,629,1,1,Partial Withdrawal
CUST01058,54,Male,16,Retail,Savings,97922.71,3,1,12035.35,9423.38,19,48,91,3,1,0,1,83,1,629,1,0,None
CUST01059,41,Female,17,Retail,Savings,87920.57,4,1,5092.49,4638.59,28,51,56,2,1,0,0,73,0,276,0,0,None
CUST01060,51,Male,22,Retail,Current,15219.47,4,1,1460.68,901.22,10,26,51,2,1,0,0,41,1,413,1,0,None
CUST01061,66,Female,7,Retail,Savings,44286.28,1,1,2932.32,1394.23,34,52,63,3,1,0,1,9,1,629,3,1,Partial Withdrawal
CUST01062,29,Female,20,Retail,FD,93067.8,1,1,13752.79,6272.26,7,18,29,3,1,0,1,12,1,278,0,0,None
CUST01063,59,Male,8,SME,RD,349339.38,1,1,46509.35,43033.08,34,43,69,3,1,0,1,84,0,696,2,0,None
CUST01064,38,Male,8,Retail,Savings,48107.46,2,1,2182.42,1579.92,7,29,46,2,0,0,1,85,1,470,1,0,None
CUST01065,65,Female,23,Retail,Savings,73741.41,1,1,3676.53,3110.11,5,15,42,3,0,1,1,100,0,477,0,0,None
CUST01066,22,Male,11,Retail,RD,8177.49,3,1,668.32,464.19,4,24,50,2,0,0,1,79,1,535,0,0,None
CUST01067,24,Male,15,Retail,FD,76518.94,3,1,12180.1,7541.58,14,33,63,1,0,0,0,67,1,375,0,0,None
CUST01068,67,Male,18,SME,RD,437029.84,4,1,26350.18,13442.5,27,36,58,3,0,1,1,-5,1,629,0,0,None
CUST01069,47,Female,6,Retail,Savings,28690.32,3,1,2087.62,1818.37,35,63,74,3,0,1,1,22,0,703,0,1,Account Closure
CUST01070,52,Male,22,HNI,Savings,1404132.85,1,1,260073.8,113114.78,14,20,26,3,1,0,1,-3,0,649,0,1,Account Closure
CUST01071,29,Female,12,SME,Savings,296470.51,3,1,37765.01,33804.52,9,24,47,3,1,1,0,52,1,612,0,0,None
CUST01072,64,Female,15,Retail,Savings,88024.23,4,1,12264.94,6288.93,13,27,45,4,1,1,1,-7,1,690,1,1,Partial Withdrawal
CUST01073,67,Male,23,Retail,FD,69220.28,2,1,7816.53,3167.59,9,11,40,4,1,1,1,2,0,701,1,0,None
CUST01074,29,Male,6,SME,Savings,460013.97,3,1,40464.37,18498.02,20,32,69,2,1,0,0,24,1,496,3,1,Partial Withdrawal
CUST01075,56,Female,18,SME,Current,382872.63,4,1,30576.53,27088.66,11,24,67,4,1,1,1,82,1,352,1,0,None
CUST01076,60,Male,24,SME,Savings,352629.72,4,1,47349.4,20859.25,33,40,64,2,0,1,0,78,1,126,1,0,None
CUST01077,49,Female,20,SME,FD,284041.95,1,1,32765.96,19508.27,22,35,83,3,1,1,0,23,0,226,0,0,None
CUST01078,25,Male,9,Retail,Savings,71904.85,4,1,7513.0,4039.55,24,28,37,3,1,0,1,45,1,538,1,0,None
CUST01079,37,Male,8,Retail,Savings,56667.87,3,1,8562.61,3598.61,28,37,62,3,0,1,1,0,1,118,1,0,None
CUST01080,34,Male,14,Retail,Current,40433.11,4,1,4231.92,2929.79,26,49,66,3,0,1,1,27,0,464,1,1,Full Withdrawal
CUST01081,41,Male,19,SME,Savings,145185.02,4,1,6660.63,6321.49,8,11,29,3,0,1,1,82,1,230,0,0,None
CUST01082,26,Male,19,Retail,Current,80289.37,1,1,13998.23,12166.62,36,43,63,3,1,0,1,34,1,241,4,1,Account Closure
CUST01083,58,Female,8,Retail,Savings,12332.22,1,1,1121.55,552.8,3,7,56,1,0,0,0,75,0,3,1,0,None
CUST01084,41,Male,2,Retail,FD,71456.41,3,1,13678.49,12124.26,29,37,82,1,0,0,0,47,0,493,0,0,None
CUST01085,45,Male,4,Retail,Current,56181.21,4,1,10153.59,6584.47,8,25,57,3,1,1,0,23,1,194,2,1,Partial Withdrawal
CUST01086,57,Male,6,Retail,Current,14846.17,2,1,1149.49,632.55,13,31,36,3,1,0,1,99,1,164,0,0,None
CUST01087,55,Female,3,SME,RD,147068.39,4,1,28601.18,21512.9,18,31,37,3,0,1,1,64,1,476,5,1,Partial Withdrawal
CUST01088,66,Male,3,Retail,RD,23288.06,2,1,4111.97,2134.86,23,39,51,3,1,0,1,81,1,216,2,0,None
CUST01089,69,Female,19,SME,Current,193078.4,3,1,38152.8,33719.77,10,25,42,2,0,0,1,61,1,497,0,0,None
CUST01090,55,Male,11,Retail,Current,31453.82,1,1,4670.0,3471.22,4,6,48,3,0,1,1,13,1,429,2,1,Partial Withdrawal
CUST01091,40,Male,10,Retail,Current,19282.67,3,1,3642.81,1729.65,23,50,73,3,1,0,1,63,1,90,0,0,None
CUST01092,38,Male,12,SME,Savings,162465.65,1,1,24437.25,17444.7,37,50,56,1,0,0,0,68,1,321,1,0,None
CUST01093,26,Female,14,SME,RD,191084.16,1,1,33786.53,22998.63,19,40,75,1,0,0,0,52,0,617,0,0,None
CUST01094,46,Male,18,Retail,FD,23965.3,4,1,3299.27,2175.21,18,42,56,2,1,0,0,98,1,617,1,0,None
CUST01095,39,Male,24,SME,Savings,175372.6,4,1,33087.18,19876.69,28,49,58,2,0,0,1,92,1,726,2,0,None
CUST01096,71,Male,9,Retail,Savings,5285.1,1,1,649.51,429.2,36,51,78,3,1,0,1,28,1,205,2,1,Account Closure
CUST01097,29,Female,15,Retail,Savings,85145.69,2,1,13440.33,9708.04,33,50,84,2,0,1,0,10,0,400,0,1,Full Withdrawal
CUST01098,48,Male,24,Retail,Savings,54503.78,2,1,10176.6,8176.52,4,30,66,2,0,1,0,89,1,559,1,0,None
CUST01099,36,Male,3,Retail,Savings,92603.83,4,1,9962.54,9014.42,14,30,35,3,0,1,1,25,0,115,0,0,None
CUST01100,66,Male,23,Retail,Savings,24438.07,3,1,1080.76,458.69,18,27,76,1,0,0,0,37,0,393,1,0,None
CUST01101,34,Male,11,Retail,Savings,14716.01,2,1,854.82,609.61,19,41,89,3,1,1,0,73,1,716,1,0,None
CUST01102,37,Female,10,Retail,Current,64371.03,1,1,12584.91,10238.9,18,20,66,2,0,0,1,2,1,264,2,1,Full Withdrawal
CUST01103,43,Female,18,Retail,Savings,72139.1,4,1,12964.29,6009.66,17,31,38,2,1,0,0,-9,1,330,1,1,Account Closure
CUST01104,41,Male,4,Retail,Savings,40395.58,4,1,4740.29,4272.54,23,27,61,2,1,0,0,100,0,482,1,0,None
CUST01105,34,Male,13,HNI,Current,1072484.18,1,1,207787.27,111113.07,26,51,92,2,1,0,0,16,1,175,0,0,None
CUST01106,41,Male,6,Retail,FD,43661.43,3,1,3043.07,2611.97,2,15,47,2,0,0,1,-4,1,212,1,0,None
CUST01107,23,Male,21,Retail,Current,27209.76,1,1,1571.49,1200.78,28,36,61,3,0,1,1,94,1,720,5,1,Partial Withdrawal
CUST01108,56,Male,13,SME,Savings,129691.96,3,1,17667.99,12504.53,15,24,41,2,0,1,0,79,0,365,2,1,Partial Withdrawal
CUST01109,68,Female,20,Retail,Current,53141.67,4,1,5374.71,4719.44,29,47,91,3,1,1,0,83,0,395,2,0,None
CUST01110,40,Female,5,Retail,Savings,71722.47,3,1,6767.96,6315.04,37,56,86,2,1,0,0,8,1,569,0,1,Account Closure
CUST01111,66,Female,20,Retail,Savings,96506.4,1,1,15196.31,14412.51,33,44,88,2,0,1,0,29,1,462,2,0,None
CUST01112,58,Female,14,Retail,Savings,18679.99,4,1,1195.56,927.52,30,46,80,2,0,0,1,10,0,351,2,1,Partial Withdrawal
CUST01113,27,Female,13,HNI,Current,1856986.76,2,1,305570.59,179223.9,18,42,70,3,1,1,0,47,1,424,1,0,None
CUST01114,35,Female,14,SME,Current,195741.8,4,1,19087.16,16817.4,29,51,93,4,1,1,1,15,1,674,1,1,Account Closure
CUST01115,25,Male,8,Retail,Current,25966.95,1,1,5138.29,3904.54,22,44,89,2,1,0,0,63,1,388,0,0,None
CUST01116,43,Female,16,SME,Savings,404860.65,1,1,68583.14,39629.47,25,54,63,3,1,0,1,25,1,690,2,0,None
CUST01117,60,Male,13,SME,FD,370002.02,4,1,53056.72,48430.2,36,47,67,3,1,0,1,33,0,250,0,1,Full Withdrawal
CUST01118,57,Male,24,Retail,Savings,97889.77,4,1,7509.26,6091.57,21,31,77,3,1,1,0,53,1,391,0,0,None
CUST01119,55,Female,15,SME,Savings,270593.64,4,1,52232.21,33901.59,23,25,45,2,1,0,0,16,1,384,1,1,Full Withdrawal
CUST01120,48,Male,19,Retail,Savings,19944.92,3,1,902.82,586.81,5,27,41,3,1,1,0,-3,0,682,0,0,None
CUST01121,28,Male,1,SME,Current,422375.12,2,1,31988.99,30317.91,17,41,63,3,1,1,0,79,1,102,1,0,None
CUST01122,24,Female,22,SME,Savings,169679.66,3,1,7785.6,4714.49,22,28,70,2,0,0,1,-10,0,449,0,1,Partial Withdrawal
CUST01123,68,Male,2,Retail,Current,55063.85,1,1,10717.77,4841.69,22,38,59,1,0,0,0,12,1,634,0,0,None
CUST01124,54,Male,18,Retail,FD,33063.76,4,1,5932.69,4130.39,12,27,72,3,1,1,0,62,1,558,1,0,None
CUST01125,23,Female,19,Retail,Savings,49819.41,3,1,9582.13,8496.18,38,65,109,2,1,0,0,20,1,42,0,0,None
CUST01126,63,Female,8,Retail,Current,91914.36,3,1,14192.09,10239.39,23,35,70,4,1,1,1,-4,1,92,1,1,Partial Withdrawal
CUST01127,37,Male,3,SME,Savings,81290.91,1,1,3608.33,3017.28,21,45,75,2,1,0,0,-2,0,280,0,1,Full Withdrawal
CUST01128,46,Male,23,SME,Savings,298677.46,3,1,56462.08,24288.61,3,21,51,2,1,0,0,60,0,138,3,1,Full Withdrawal
CUST01129,36,Male,14,Retail,Savings,98152.62,1,1,10536.92,8117.3,12,34,78,3,0,1,1,81,0,375,2,0,None
CUST01130,45,Female,9,Retail,RD,80513.09,3,1,7963.72,3532.36,22,37,53,4,1,1,1,87,1,386,0,0,None
CUST01131,36,Female,8,Retail,Savings,5557.74,2,1,474.97,335.33,34,41,63,3,0,1,1,42,1,225,4,1,Account Closure
CUST01132,52,Male,17,Retail,FD,15674.89,1,1,1346.28,907.09,18,41,79,1,0,0,0,5,0,348,2,1,Full Withdrawal
CUST01133,35,Male,23,Retail,Savings,57627.03,2,1,9687.14,8912.97,37,42,81,2,0,0,1,63,1,347,0,0,None
CUST01134,35,Male,23,Retail,FD,38245.65,3,1,3098.69,1465.23,15,29,44,2,0,0,1,13,1,710,0,0,None
CUST01135,27,Female,24,HNI,FD,1522398.13,2,1,115010.98,46604.78,38,60,94,3,1,0,1,63,1,701,3,0,None
CUST01136,35,Male,16,Retail,FD,90090.27,2,1,13665.18,6498.41,32,57,106,3,1,1,0,35,1,442,2,1,Partial Withdrawal
CUST01137,38,Female,10,Retail,RD,27861.83,2,1,2395.95,1183.33,5,28,43,2,1,0,0,18,0,251,0,0,None
CUST01138,39,Male,21,SME,Savings,343633.85,3,1,14467.31,7783.43,7,25,33,3,0,1,1,78,0,563,4,1,Full Withdrawal
CUST01139,41,Female,10,Retail,Current,55862.75,1,1,10562.68,8960.31,22,44,84,3,1,1,0,94,1,593,3,0,None
CUST01140,38,Female,24,HNI,Current,321421.87,3,1,28982.68,17600.73,14,27,41,3,1,1,0,19,0,256,0,0,None
CUST01141,37,Female,6,HNI,Current,806951.02,3,1,130968.47,112949.39,39,63,101,3,0,1,1,40,1,481,0,0,None
CUST01142,61,Male,22,Retail,FD,58667.76,3,1,6749.02,3709.02,16,29,64,3,0,1,1,72,0,174,0,0,None
CUST01143,60,Female,17,Retail,Savings,65351.98,1,1,4016.06,3507.22,6,31,67,3,1,0,1,20,1,515,0,0,None
CUST01144,53,Female,16,Retail,Savings,10914.14,4,1,1592.47,644.07,39,44,76,3,0,1,1,19,0,583,0,0,None
CUST01145,65,Male,15,Retail,Savings,60658.57,3,1,4673.72,4271.75,25,28,75,2,1,0,0,23,0,306,0,0,None
CUST01146,30,Female,22,Retail,FD,33567.57,3,1,2889.06,2341.08,19,40,81,2,0,1,0,81,1,548,0,0,None
CUST01147,48,Female,14,Retail,RD,51862.95,1,1,2343.43,1469.33,30,37,73,3,0,1,1,8,1,692,0,0,None
CUST01148,67,Female,4,Retail,Current,26091.05,4,1,1112.12,797.98,33,40,76,2,0,0,1,64,1,44,3,0,None
CUST01149,54,Female,4,Retail,Current,63375.19,4,1,7743.12,7070.7,8,31,52,3,1,1,0,17,1,598,2,1,Account Closure
CUST01150,31,Male,2,Retail,Current,19009.54,4,1,936.17,674.42,31,33,71,3,1,0,1,-5,0,479,2,1,Partial Withdrawal
CUST01151,38,Male,11,HNI,Current,565013.74,4,1,41532.36,21834.09,39,51,90,2,0,1,0,6,0,487,2,1,Full Withdrawal
CUST01152,70,Male,4,Retail,Savings,22899.08,1,1,4300.66,3075.32,27,51,94,3,1,1,0,90,1,270,0,0,None
CUST01153,70,Female,21,Retail,Current,82659.13,1,1,4402.17,3870.81,9,33,58,1,0,0,0,80,1,706,1,0,None
CUST01154,57,Female,21,Retail,Current,8185.72,4,1,708.28,667.98,26,48,84,2,0,0,1,96,0,689,1,0,None
CUST01155,38,Female,16,HNI,Current,901789.55,2,1,140899.66,101623.29,31,44,82,3,1,1,0,25,0,595,5,1,Partial Withdrawal
CUST01156,39,Male,21,Retail,Savings,10368.22,1,1,1881.75,913.79,25,30,68,3,1,1,0,-10,1,155,1,1,Full Withdrawal
CUST01157,44,Male,4,SME,FD,131164.83,2,1,6216.4,5125.2,31,60,72,3,1,1,0,5,1,454,1,0,None
CUST01158,55,Female,1,SME,FD,115545.8,2,1,8050.11,7633.93,6,23,43,2,0,0,1,57,1,2,0,0,None
CUST01159,29,Male,24,Retail,Current,26951.93,4,1,2750.75,1816.87,5,33,72,1,0,0,0,36,1,589,1,0,None
CUST01160,34,Male,19,SME,FD,216771.36,4,1,21191.37,12949.05,10,30,57,1,0,0,0,12,1,503,0,0,None
CUST01161,44,Female,2,Retail,Current,32471.92,3,1,2797.91,1969.38,34,62,88,3,1,0,1,85,0,47,3,1,Full Withdrawal
CUST01162,41,Male,9,Retail,Current,71463.26,2,1,5629.1,2761.76,30,42,77,1,0,0,0,56,0,188,0,0,None
CUST01163,43,Male,23,Retail,Savings,29208.53,3,1,2423.88,2264.4,32,44,77,3,1,0,1,51,1,650,0,0,None
CUST01164,68,Male,13,Retail,FD,52668.15,4,1,3231.09,2782.24,20,34,76,4,1,1,1,97,1,189,5,1,Account Closure
CUST01165,44,Male,18,Retail,Current,17774.28,2,1,1175.45,543.23,3,17,40,4,1,1,1,74,1,296,3,0,None
CUST01166,62,Female,16,SME,Current,179311.93,1,1,24580.56,22609.07,21,30,79,1,0,0,0,77,1,5,1,0,None
CUST01167,56,Male,16,Retail,Current,64349.21,3,1,5582.33,5127.65,13,25,65,2,1,0,0,4,1,223,2,0,None
CUST01168,24,Male,10,Retail,FD,11822.8,4,1,1228.98,705.43,22,39,52,1,0,0,0,64,1,89,0,0,None
CUST01169,55,Male,9,Retail,FD,82465.21,2,1,8734.27,6467.97,32,46,85,2,0,1,0,56,1,710,2,0,None
CUST01170,54,Female,11,Retail,Current,94056.41,4,1,5413.7,2495.25,37,62,67,3,0,1,1,72,1,332,0,0,None
CUST01171,67,Male,4,SME,FD,160799.16,3,1,27515.79,12280.44,21,25,62,2,0,0,1,32,1,451,2,0,None
CUST01172,38,Female,10,Retail,Current,77146.11,4,1,14890.55,10065.82,21,49,70,2,0,0,1,-3,1,623,1,1,Partial Withdrawal
CUST01173,66,Male,3,Retail,RD,34779.33,4,1,2857.7,1221.16,37,49,79,2,0,0,1,87,1,242,1,0,None
CUST01174,40,Male,6,Retail,FD,69288.84,1,1,6035.45,5318.38,19,41,58,1,0,0,0,87,1,151,0,0,None
CUST01175,51,Male,3,Retail,Savings,34134.35,4,1,5151.03,4689.77,7,16,25,1,0,0,0,33,1,449,1,1,Full Withdrawal
CUST01176,44,Female,9,Retail,FD,86922.6,2,1,4597.7,2009.28,34,45,68,4,1,1,1,93,1,79,0,0,None
CUST01177,36,Female,3,SME,Current,414147.26,2,1,76688.34,32669.74,11,38,84,3,1,0,1,91,1,488,4,0,None
CUST01178,35,Male,18,Retail,RD,85638.92,1,1,5077.9,2649.55,19,42,55,1,0,0,0,15,1,589,1,1,Full Withdrawal
CUST01179,23,Male,8,HNI,FD,1657431.92,2,1,260432.27,237378.05,35,54,64,2,0,0,1,56,1,422,0,0,None
CUST01180,60,Female,22,Retail,Savings,23650.77,4,1,2049.16,1686.37,16,34,59,2,1,0,0,21,1,654,1,1,Account Closure
CUST01181,70,Male,8,Retail,Savings,19910.54,4,1,1826.24,1409.99,4,12,38,1,0,0,0,53,1,137,1,0,None
CUST01182,39,Female,15,Retail,Current,79067.31,2,1,4944.49,4089.05,9,28,71,3,1,0,1,32,1,348,2,0,None
CUST01183,27,Male,13,HNI,FD,1959131.29,3,1,280966.96,143212.3,12,23,32,3,1,0,1,96,1,295,1,0,None
CUST01184,53,Female,7,SME,FD,408069.37,4,1,68228.83,36920.23,33,60,86,2,0,0,1,63,1,516,1,0,None
CUST01185,42,Female,19,Retail,Savings,94580.09,2,1,18163.03,10438.22,18,39,50,2,0,1,0,63,0,338,1,0,None
CUST01186,61,Female,8,SME,Current,279126.05,4,1,25972.1,19032.0,31,59,89,3,0,1,1,51,1,25,2,0,None
CUST01187,49,Female,10,SME,Current,422941.42,4,1,58953.36,43302.48,9,32,61,1,0,0,0,0,1,227,0,0,None
CUST01188,48,Male,17,Retail,Savings,23521.89,1,1,2502.7,1288.23,8,22,31,3,1,0,1,67,1,246,0,0,None
CUST01189,23,Female,1,Retail,Savings,88827.31,2,1,11481.37,7350.37,21,29,65,3,1,0,1,84,1,359,0,0,None
CUST01190,54,Male,13,Retail,Savings,12789.81,4,1,845.01,658.69,13,37,49,4,1,1,1,-2,1,210,0,0,None
CUST01191,37,Male,13,Retail,Savings,40183.37,3,1,5347.62,3049.7,22,30,43,2,0,1,0,37,0,417,0,0,None
CUST01192,60,Female,24,SME,Savings,107793.59,2,1,18955.84,8369.24,29,50,82,3,1,0,1,-5,1,392,2,1,Account Closure
CUST01193,43,Female,16,HNI,Savings,1402185.61,3,1,249847.75,127063.69,29,41,65,2,1,0,0,43,0,578,2,0,None
CUST01194,64,Female,9,Retail,FD,16221.01,2,1,1903.41,933.82,17,28,36,2,1,0,0,51,1,452,0,0,None
CUST01195,68,Male,10,Retail,Savings,89564.25,3,1,6960.88,5203.73,11,38,45,3,0,1,1,43,1,335,0,0,None
CUST01196,34,Female,6,Retail,Savings,48361.29,3,1,8408.51,3680.42,23,36,84,3,0,1,1,88,1,200,0,0,None
CUST01197,23,Female,5,SME,Savings,288118.26,2,1,57597.31,51066.48,8,22,67,2,0,1,0,87,1,94,1,0,None
CUST01198,35,Male,2,SME,Current,206540.21,1,1,20725.39,9252.08,5,18,64,2,0,0,1,96,0,303,0,0,None
CUST01199,59,Male,11,SME,Current,441559.98,1,1,82968.68,60471.75,25,38,53,3,1,0,1,45,1,633,3,1,Partial Withdrawal
CUST01200,62,Male,9,SME,Savings,455321.64,2,1,89859.37,81883.72,35,42,75,2,0,0,1,71,0,167,0,0,None
CUST01201,49,Male,6,Retail,Current,80974.24,4,1,8364.49,3632.97,15,19,66,1,0,0,0,76,1,216,0,0,None
CUST01202,28,Female,8,Retail,FD,19699.54,2,1,3045.66,1860.01,18,27,53,3,1,0,1,19,0,704,1,0,None
CUST01203,39,Female,9,Retail,Savings,35919.65,2,1,4776.41,2772.09,9,27,39,3,1,1,0,-8,1,244,2,1,Partial Withdrawal
CUST01204,62,Female,9,SME,Current,263476.81,4,1,40984.08,24152.53,14,28,66,2,0,1,0,50,0,140,1,0,None
CUST01205,57,Female,8,Retail,Current,60936.24,2,1,3940.41,2877.17,8,17,52,2,0,0,1,4,1,36,2,1,Account Closure
CUST01206,62,Male,12,Retail,Savings,80043.66,2,1,7898.32,4297.92,4,10,18,1,0,0,0,90,1,526,0,0,None
CUST01207,57,Female,8,Retail,FD,26927.07,4,1,1347.64,559.31,25,50,69,3,1,1,0,96,1,480,3,0,None
CUST01208,65,Male,3,SME,FD,239287.3,4,1,33049.07,30710.89,25,54,76,2,0,0,1,-8,1,183,0,1,Full Withdrawal
CUST01209,25,Female,13,Retail,Current,26080.75,1,1,4910.26,3986.28,8,13,28,2,0,1,0,4,1,334,3,1,Full Withdrawal
CUST01210,51,Male,19,Retail,Savings,41253.13,3,1,5348.28,2536.8,31,48,79,2,1,0,0,56,1,156,0,0,None
CUST01211,45,Female,2,Retail,RD,55834.8,3,1,2861.7,1861.07,6,25,48,2,0,0,1,18,0,555,0,0,None
CUST01212,41,Male,17,SME,Current,240827.95,1,1,45482.86,19762.16,22,27,40,2,0,1,0,20,1,148,0,0,None
CUST01213,67,Male,16,SME,Savings,162292.03,1,1,9944.34,4130.09,9,21,50,1,0,0,0,60,1,397,5,1,Full Withdrawal
CUST01214,52,Female,4,Retail,Savings,93038.04,3,1,16865.06,7186.73,8,17,43,2,0,1,0,60,0,174,0,0,None
CUST01215,45,Male,18,SME,Current,254663.01,1,1,39288.48,32046.74,3,30,57,1,0,0,0,44,1,81,2,0,None
CUST01216,28,Female,14,Retail,FD,8532.53,2,1,1210.07,780.14,13,15,56,2,0,0,1,64,1,30,0,0,None
CUST01217,47,Male,2,Retail,Savings,54827.95,1,1,7341.22,6345.88,29,57,71,3,1,0,1,81,1,432,1,0,None
CUST01218,34,Female,13,SME,Savings,395431.71,1,1,24114.96,13694.12,20,34,55,3,1,0,1,89,1,616,1,0,None
CUST01219,29,Male,21,Retail,Current,37690.87,1,1,4527.99,3742.05,29,51,68,2,0,0,1,32,1,401,1,0,None
CUST01220,26,Male,20,SME,RD,434690.14,1,1,31067.69,13758.76,36,64,72,2,0,0,1,99,0,636,5,1,Account Closure
CUST01221,65,Male,17,SME,Savings,349888.64,3,1,46005.25,34472.17,13,36,72,1,0,0,0,93,1,595,1,0,None
CUST01222,34,Male,15,Retail,FD,18461.93,4,1,2059.89,1232.5,29,34,66,2,1,0,0,14,1,73,1,0,None
CUST01223,50,Male,20,Retail,Current,51894.92,3,1,7719.27,4262.57,27,32,66,2,0,1,0,70,1,171,0,0,None
CUST01224,41,Male,5,Retail,FD,7438.41,3,1,1466.85,1244.34,39,44,88,2,0,0,1,44,0,576,0,0,None
CUST01225,35,Male,7,Retail,Current,31776.66,4,1,3106.56,1331.34,7,21,46,2,0,0,1,39,0,636,0,0,None
CUST01226,53,Male,18,Retail,Savings,82127.92,3,1,11389.02,10503.44,20,40,59,4,1,1,1,27,1,129,1,0,None
CUST01227,71,Female,24,HNI,Current,404535.84,2,1,72130.81,60016.44,28,45,52,2,0,0,1,49,0,109,0,0,None
CUST01228,48,Female,11,Retail,RD,91765.71,4,1,5035.02,2998.78,10,39,60,4,1,1,1,74,1,268,0,0,None
CUST01229,46,Male,18,SME,Savings,258895.08,2,1,43504.57,41121.96,11,26,45,2,0,1,0,41,0,119,2,1,Full Withdrawal
CUST01230,25,Female,5,Retail,Current,93039.4,3,1,7285.73,3725.7,11,22,59,3,1,0,1,73,1,236,0,0,None
CUST01231,42,Female,13,SME,Savings,370997.3,3,1,46910.44,29146.76,34,40,49,4,1,1,1,63,1,28,1,0,None
CUST01232,39,Male,18,Retail,Savings,87431.74,4,1,17367.46,15399.44,19,35,47,3,1,1,0,59,1,109,3,1,Full Withdrawal
CUST01233,60,Female,2,Retail,FD,91908.54,3,1,18147.19,17207.96,11,18,31,3,1,0,1,65,0,415,1,0,None
CUST01234,36,Male,20,Retail,Savings,51377.09,1,1,4651.05,2472.09,8,28,58,2,1,0,0,70,1,316,0,0,None
CUST01235,59,Male,4,Retail,FD,25065.74,2,1,1531.07,1238.2,33,48,54,2,1,0,0,34,1,205,1,0,None
CUST01236,69,Male,13,SME,Savings,276406.43,2,1,52547.52,29854.93,7,35,76,1,0,0,0,86,1,245,2,0,None
CUST01237,45,Female,24,Retail,RD,7237.09,1,1,1324.13,1087.85,20,32,72,3,1,1,0,89,1,619,0,0,None
CUST01238,29,Female,16,Retail,Savings,66038.59,4,1,9150.64,4290.79,35,39,55,3,1,1,0,8,1,500,2,0,None
CUST01239,49,Male,6,Retail,Savings,37041.61,4,1,1673.75,978.97,6,32,55,2,0,1,0,-6,1,565,0,0,None
CUST01240,42,Male,8,Retail,Savings,52110.18,1,1,8348.3,3683.69,20,23,54,1,0,0,0,98,1,523,4,1,Full Withdrawal
CUST01241,37,Female,16,HNI,FD,997990.9,1,1,65604.76,43990.83,15,22,50,2,0,1,0,31,1,215,0,0,None
CUST01242,37,Male,13,HNI,Savings,785723.33,2,1,149981.54,117859.29,11,36,42,3,0,1,1,82,1,570,0,0,None
CUST01243,56,Male,23,HNI,Savings,872678.01,1,1,95663.11,58186.02,12,21,41,3,1,0,1,90,1,630,4,1,Account Closure
CUST01244,38,Female,4,Retail,FD,47256.6,1,1,6541.19,4828.02,32,34,40,4,1,1,1,19,1,559,0,0,None
CUST01245,30,Female,2,Retail,FD,47118.59,1,1,4003.8,2854.7,3,32,57,3,1,0,1,54,1,605,1,0,None
CUST01246,56,Female,9,HNI,FD,1877691.66,3,1,217835.03,122429.4,11,26,40,3,1,0,1,65,1,63,1,0,None
CUST01247,50,Female,18,Retail,Savings,68440.81,1,1,11001.29,7345.87,22,39,85,2,0,0,1,68,1,393,0,0,None
CUST01248,60,Female,17,HNI,Savings,1800815.48,3,1,213797.59,93634.89,2,20,41,2,1,0,0,-6,1,14,1,1,Full Withdrawal
CUST01249,39,Male,8,HNI,FD,988379.67,2,1,173511.61,113294.81,32,41,57,2,1,0,0,27,1,451,2,0,None
CUST01250,33,Male,15,SME,Current,63906.27,2,1,9846.96,6420.26,12,30,41,2,0,0,1,0,1,519,4,1,Partial Withdrawal
CUST01251,40,Male,9,Retail,Savings,27908.03,4,1,1461.75,607.79,11,25,38,2,0,1,0,73,1,390,0,0,None
CUST01252,69,Female,17,Retail,Savings,86804.2,2,1,11900.31,8123.51,21,41,55,1,0,0,0,18,1,419,2,1,Full Withdrawal
CUST01253,43,Female,23,SME,RD,341187.95,4,1,47089.37,37941.39,22,32,52,2,0,0,1,3,1,219,1,1,Account Closure
CUST01254,70,Male,2,Retail,Savings,83551.92,3,1,8434.04,5471.49,38,42,47,2,0,0,1,79,1,412,1,0,None
CUST01255,36,Female,6,Retail,FD,37432.79,1,1,3430.18,2590.86,38,57,70,3,0,1,1,87,1,337,1,0,None
CUST01256,22,Male,5,Retail,Current,20442.96,2,1,1023.42,709.06,15,17,34,3,1,0,1,63,1,62,1,0,None
CUST01257,23,Male,17,HNI,FD,356909.31,1,1,39754.36,33069.6,6,20,40,2,0,1,0,80,1,398,3,1,Account Closure
CUST01258,29,Male,2,SME,Current,51698.58,4,1,4852.19,3313.81,7,21,59,3,1,0,1,97,1,93,0,0,None
CUST01259,43,Male,18,Retail,Savings,9957.25,3,1,1913.49,1114.39,25,38,83,4,1,1,1,94,1,26,0,0,None
CUST01260,46,Female,10,Retail,Savings,31549.65,2,1,4665.18,3989.49,17,19,53,3,1,0,1,94,1,47,3,0,None
CUST01261,23,Male,10,Retail,FD,49567.19,1,1,5631.32,2461.97,24,35,52,2,0,0,1,78,0,499,0,0,None
CUST01262,30,Female,6,HNI,Savings,1546728.24,4,1,248617.88,139027.35,39,59,71,3,1,0,1,-1,1,729,0,1,Partial Withdrawal
CUST01263,30,Female,12,Retail,FD,94711.7,1,1,15589.84,11307.57,17,40,55,3,1,1,0,28,1,427,1,0,None
CUST01264,34,Male,17,Retail,Current,67329.61,2,1,7869.01,6852.45,14,22,57,3,1,0,1,49,1,449,0,0,None
CUST01265,27,Female,13,SME,Current,429332.75,1,1,22377.36,9838.83,9,24,71,3,0,1,1,85,0,275,1,0,None
CUST01266,51,Male,20,SME,Savings,85021.09,3,1,14018.97,6348.2,39,46,61,3,1,1,0,87,1,395,3,0,None
CUST01267,36,Male,16,SME,Savings,453422.32,2,1,24686.78,13708.86,33,40,51,1,0,0,0,12,1,348,0,0,None
CUST01268,36,Male,10,SME,FD,226408.56,4,1,39757.59,23437.68,23,33,38,4,1,1,1,86,0,371,0,0,None
CUST01269,71,Female,21,Retail,Savings,18609.01,2,1,1739.29,1502.65,18,39,66,4,1,1,1,85,1,338,0,0,None
CUST01270,28,Male,2,Retail,RD,35635.17,4,1,5064.42,4696.73,6,23,59,2,1,0,0,11,1,181,1,0,None
CUST01271,32,Male,2,SME,RD,289078.8,4,1,45808.79,18757.59,9,15,34,3,1,0,1,75,1,398,0,0,None
CUST01272,61,Male,23,SME,Savings,319175.81,2,1,14564.25,5948.71,31,47,69,2,0,1,0,76,1,589,0,0,None
CUST01273,59,Male,7,SME,Savings,369654.54,4,1,37534.09,32866.56,20,22,54,2,0,0,1,72,1,435,4,0,None
CUST01274,61,Female,6,HNI,Savings,1127050.7,2,1,154026.0,73099.1,13,18,36,4,1,1,1,12,0,32,1,0,None
CUST01275,23,Male,1,Retail,RD,66879.84,3,1,11750.99,6893.54,26,37,54,3,0,1,1,11,1,417,0,0,None
CUST01276,69,Male,12,Retail,Savings,46165.16,3,1,7148.36,3941.37,14,21,59,3,1,0,1,51,0,518,1,0,None
CUST01277,60,Male,13,SME,Savings,471506.39,1,1,86466.06,47991.04,5,29,53,2,0,0,1,83,1,158,1,0,None
CUST01278,31,Male,12,Retail,FD,13099.51,3,1,697.36,404.97,11,39,67,3,0,1,1,8,1,586,2,1,Account Closure
CUST01279,65,Female,19,SME,Savings,295493.27,4,1,15215.4,8898.35,29,32,64,3,1,1,0,11,1,670,0,0,None
CUST01280,38,Male,9,SME,Savings,89328.28,1,1,13771.2,10205.64,6,17,32,3,1,0,1,-10,0,73,0,1,Full Withdrawal
CUST01281,28,Female,10,SME,Savings,249245.17,1,1,25862.81,19289.29,29,52,84,2,0,1,0,23,1,134,0,0,None
CUST01282,61,Male,17,Retail,Current,84146.83,2,1,9850.31,6772.98,32,52,78,2,0,0,1,15,0,128,1,0,None
CUST01283,60,Male,18,Retail,Savings,8060.49,1,1,1101.79,960.98,17,41,75,1,0,0,0,-7,1,326,4,1,Account Closure
CUST01284,25,Female,8,Retail,Current,18191.98,2,1,3597.48,3112.25,24,34,76,2,0,0,1,37,1,724,2,0,None
CUST01285,56,Male,7,Retail,FD,85606.36,1,1,4344.23,2256.7,30,42,63,3,0,1,1,34,1,721,0,0,None
CUST01286,68,Female,9,Retail,Current,94235.24,3,1,5411.29,3782.5,22,27,53,2,1,0,0,1,1,386,0,0,None
CUST01287,57,Female,10,Retail,Current,10301.84,2,1,1779.03,1478.57,3,28,33,1,0,0,0,81,1,514,1,0,None
CUST01288,52,Male,12,Retail,Savings,71618.95,4,1,3099.95,2717.98,24,35,59,2,1,0,0,26,1,10,0,0,None
CUST01289,46,Male,15,Retail,Savings,39744.65,1,1,4454.29,2406.89,17,24,33,2,0,1,0,-8,1,61,1,1,Account Closure
CUST01290,62,Female,15,Retail,Savings,39607.57,3,1,6490.05,4359.72,12,16,53,3,1,0,1,17,1,513,0,0,None
CUST01291,34,Male,4,Retail,Current,66053.57,3,1,4705.86,3241.23,10,24,73,3,0,1,1,82,0,290,1,0,None
CUST01292,39,Male,4,Retail,Savings,81970.53,2,1,5731.51,4498.1,3,23,28,2,1,0,0,73,1,168,0,0,None
CUST01293,42,Male,23,SME,Savings,125120.63,2,1,11215.86,6523.62,19,23,71,3,1,0,1,-9,0,371,0,0,None
CUST01294,69,Male,1,Retail,Savings,72008.66,2,1,4608.67,2587.3,14,35,48,3,1,1,0,45,0,224,3,1,Full Withdrawal
CUST01295,22,Female,12,Retail,Savings,65408.25,4,1,9717.6,7658.23,9,28,64,3,1,1,0,90,1,568,0,0,None
CUST01296,57,Male,2,Retail,Current,54145.46,4,1,3899.66,2416.36,11,24,54,2,1,0,0,54,1,17,4,1,Account Closure
CUST01297,71,Male,15,SME,Current,287826.03,4,1,21960.32,8832.73,28,41,90,1,0,0,0,35,1,316,0,0,None
CUST01298,29,Female,17,Retail,Savings,6715.07,1,1,886.32,811.71,18,40,86,2,0,1,0,100,1,679,2,0,None
CUST01299,69,Male,7,Retail,Current,5386.26,4,1,1049.11,505.99,25,38,48,3,1,0,1,89,1,470,0,0,None
CUST01300,42,Male,6,Retail,Current,57291.66,2,1,10668.92,5139.74,22,47,81,2,0,0,1,33,1,133,1,1,Account Closure
CUST01301,64,Female,12,Retail,Current,54790.3,3,1,9770.18,8305.64,2,31,75,3,1,1,0,95,1,18,0,0,None
CUST01302,42,Male,19,Retail,FD,11776.84,3,1,1471.49,860.12,17,25,52,3,1,0,1,7,0,69,0,1,Account Closure
CUST01303,48,Female,1,Retail,Savings,51742.5,2,1,4534.73,2632.39,34,44,87,2,1,0,0,62,1,62,1,0,None
CUST01304,40,Female,21,Retail,Savings,76965.23,4,1,11769.73,8736.88,7,20,49,3,0,1,1,26,1,327,0,0,None
CUST01305,44,Male,14,SME,Current,348841.6,4,1,35697.79,15438.27,13,33,62,2,0,0,1,43,1,398,0,0,None
CUST01306,71,Male,4,HNI,RD,781678.32,2,1,128559.07,68178.6,33,38,55,3,1,0,1,14,1,94,2,1,Full Withdrawal
CUST01307,64,Male,5,Retail,Current,73201.3,3,1,3117.69,1338.42,12,37,66,2,0,0,1,94,1,401,0,0,None
CUST01308,56,Male,1,Retail,FD,21325.2,1,1,2659.82,1490.38,19,30,51,3,0,1,1,72,1,397,4,1,Full Withdrawal
CUST01309,61,Female,1,SME,FD,275402.57,3,1,25881.25,22735.68,3,31,79,3,1,1,0,51,1,408,0,0,None
CUST01310,63,Female,21,Retail,Current,19064.55,4,1,1522.26,1370.24,33,53,84,2,1,0,0,14,0,484,1,1,Account Closure
CUST01311,69,Male,6,Retail,Current,54764.83,3,1,7989.85,4555.73,21,39,54,2,0,0,1,41,1,658,0,1,Partial Withdrawal
CUST01312,26,Female,5,Retail,Savings,61234.44,4,1,8899.8,4478.14,22,41,51,1,0,0,0,52,1,151,2,0,None
CUST01313,62,Female,2,Retail,Current,16558.96,3,1,760.57,360.82,37,48,67,3,1,0,1,4,0,406,0,1,Partial Withdrawal
CUST01314,29,Female,21,HNI,Current,1982708.43,2,1,379950.03,234402.77,39,66,107,4,1,1,1,35,1,537,2,1,Account Closure
CUST01315,32,Male,5,SME,FD,205633.8,4,1,20130.83,17202.27,28,53,89,2,1,0,0,45,1,281,1,0,None
CUST01316,37,Male,9,SME,Savings,293938.56,1,1,54903.39,47709.12,12,25,53,2,1,0,0,15,1,612,3,1,Partial Withdrawal
CUST01317,60,Male,19,Retail,Savings,23013.82,1,1,3069.93,1305.52,19,43,58,2,0,0,1,99,1,624,1,0,None
CUST01318,68,Female,21,Retail,FD,31148.11,2,1,4498.24,2316.93,18,39,85,3,0,1,1,53,1,572,2,0,None
CUST01319,45,Male,15,Retail,Current,71741.86,3,1,13895.14,7110.75,35,44,77,3,0,1,1,9,1,501,2,0,None
CUST01320,42,Female,13,Retail,RD,28592.76,2,1,4905.13,4197.01,27,47,59,2,1,0,0,56,0,510,0,0,None
CUST01321,44,Male,12,Retail,Savings,42765.06,2,1,2668.78,1737.27,7,9,50,1,0,0,0,14,1,113,1,0,None
CUST01322,70,Male,5,SME,Savings,350658.56,1,1,14319.27,8629.04,31,36,50,1,0,0,0,10,1,118,0,0,None
CUST01323,59,Male,2,SME,Savings,493796.67,1,1,44132.57,40872.64,33,40,54,2,0,1,0,23,0,517,0,0,None
CUST01324,68,Female,4,Retail,FD,29269.86,4,1,3458.7,3143.77,18,41,46,1,0,0,0,91,1,706,0,0,None
CUST01325,29,Male,18,HNI,Savings,375462.5,4,1,59001.67,37882.53,14,19,68,2,0,1,0,77,1,180,0,0,None
CUST01326,28,Female,21,SME,RD,385481.28,4,1,56190.74,26442.38,14,31,58,2,0,1,0,94,0,407,5,1,Partial Withdrawal
CUST01327,23,Male,10,Retail,Savings,90522.94,2,1,8152.22,4027.62,7,16,38,2,1,0,0,14,0,386,5,1,Full Withdrawal
CUST01328,51,Male,13,Retail,FD,57009.4,2,1,7224.19,3335.02,23,33,60,2,1,0,0,54,0,214,0,0,None
CUST01329,34,Male,12,Retail,FD,58322.25,4,1,8407.11,6509.43,34,50,59,3,1,1,0,18,0,108,3,1,Partial Withdrawal
CUST01330,44,Male,2,Retail,FD,89402.49,1,1,10924.99,7702.97,34,53,95,3,1,0,1,21,1,636,3,1,Account Closure
CUST01331,50,Male,15,Retail,Savings,10166.27,1,1,1527.34,1078.54,5,9,44,3,1,1,0,100,1,433,4,1,Account Closure
CUST01332,59,Male,14,SME,Current,205452.5,3,1,24168.39,10975.05,15,44,90,3,0,1,1,-10,1,465,0,0,None
CUST01333,58,Male,10,Retail,Savings,44581.67,4,1,5561.55,4651.13,36,61,104,2,0,0,1,24,1,168,3,1,Account Closure
CUST01334,41,Male,22,Retail,Savings,91427.52,2,1,17419.14,12098.73,28,46,70,2,1,0,0,45,0,189,2,0,None
CUST01335,54,Female,8,Retail,Savings,96251.33,3,1,9843.17,4429.75,7,9,42,2,0,0,1,5,1,89,1,0,None
CUST01336,50,Female,15,Retail,FD,21173.49,3,1,3407.09,2762.88,2,10,47,3,1,0,1,21,1,391,0,0,None
CUST01337,71,Male,13,SME,Savings,427955.42,3,1,40034.48,37620.96,29,40,83,3,1,1,0,100,0,25,0,0,None
CUST01338,36,Female,8,SME,RD,495686.34,4,1,46146.78,29656.19,30,46,82,3,1,1,0,68,0,96,2,0,None
CUST01339,44,Female,21,Retail,Savings,14559.62,4,1,2741.1,1270.8,33,57,86,2,0,1,0,-6,1,122,2,1,Partial Withdrawal
CUST01340,63,Male,21,Retail,Savings,50879.67,4,1,7722.89,3519.86,29,43,91,2,0,0,1,-1,1,698,0,0,None
CUST01341,24,Female,22,Retail,Savings,53742.73,1,1,10137.67,4199.36,28,52,83,2,0,1,0,75,1,573,0,0,None
CUST01342,58,Female,14,Retail,FD,59432.93,3,1,11835.06,9748.76,11,17,44,2,1,0,0,96,0,328,0,0,None
CUST01343,50,Male,1,Retail,Savings,67981.04,1,1,2721.45,2127.36,19,48,54,3,1,0,1,61,0,14,0,0,None
CUST01344,66,Male,13,Retail,FD,10977.16,4,1,2165.84,1562.29,5,13,21,1,0,0,0,68,1,368,0,0,None
CUST01345,29,Female,8,Retail,Current,64135.94,1,1,3600.55,2956.4,39,54,83,3,0,1,1,9,1,134,3,1,Partial Withdrawal
CUST01346,43,Male,18,Retail,RD,91811.88,1,1,4706.81,4469.65,33,48,97,2,0,0,1,78,0,119,0,0,None
CUST01347,50,Male,22,Retail,Savings,48224.14,2,1,7853.28,4877.02,6,16,43,2,0,1,0,1,1,535,0,0,None
CUST01348,23,Male,9,Retail,Current,15137.68,4,1,1453.66,1145.77,23,46,91,2,1,0,0,79,0,79,0,0,None
CUST01349,62,Male,13,Retail,Current,13164.68,3,1,2459.82,1494.19,23,30,70,2,0,0,1,57,1,676,2,0,None
CUST01350,70,Female,3,Retail,FD,31766.46,4,1,4038.19,2397.2,3,23,68,2,0,0,1,52,1,429,0,0,None
CUST01351,71,Female,18,Retail,Savings,76489.84,1,1,7784.97,6757.4,35,51,78,1,0,0,0,15,1,428,1,0,None
CUST01352,66,Female,10,SME,FD,350493.63,4,1,18138.04,12989.01,3,20,57,2,0,0,1,49,1,393,0,0,None
CUST01353,22,Male,5,SME,Savings,53589.28,4,1,6127.49,2857.48,37,61,93,2,0,0,1,63,1,453,0,0,None
CUST01354,65,Male,6,Retail,FD,82867.62,2,1,6999.3,4353.1,9,32,44,4,1,1,1,50,1,128,1,0,None
CUST01355,41,Male,8,Retail,Savings,48425.62,2,1,2530.63,2120.93,34,47,84,3,1,1,0,4,1,12,1,1,Account Closure
CUST01356,42,Male,24,Retail,Savings,33574.94,4,1,4944.32,4533.94,34,56,89,2,0,0,1,-6,1,65,0,0,None
CUST01357,58,Male,7,Retail,Savings,61778.38,2,1,12131.66,8952.38,5,9,28,3,0,1,1,21,1,184,0,0,None
CUST01358,29,Female,21,Retail,FD,82000.36,1,1,8251.39,5089.6,19,23,42,3,0,1,1,85,0,533,0,0,None
CUST01359,48,Female,18,HNI,RD,1648607.07,1,1,144355.97,77748.73,20,27,68,3,1,0,1,11,1,702,0,1,Full Withdrawal
CUST01360,68,Male,14,Retail,Savings,95575.24,1,1,5198.68,3286.15,11,34,57,1,0,0,0,11,1,21,0,0,None
CUST01361,56,Female,15,Retail,FD,66360.53,2,1,5023.71,3572.41,31,53,100,2,0,0,1,1,1,603,3,1,Partial Withdrawal
CUST01362,27,Male,10,Retail,Current,42824.04,4,1,3665.55,1475.12,23,43,68,2,0,0,1,53,1,514,3,1,Partial Withdrawal
CUST01363,66,Male,21,Retail,FD,53071.83,1,1,5045.44,2763.75,39,52,91,3,1,1,0,64,1,392,1,0,None
CUST01364,65,Female,12,Retail,Savings,41631.29,3,1,5888.11,4529.92,2,19,49,1,0,0,0,77,1,396,1,1,Account Closure
CUST01365,40,Male,7,HNI,Current,1480471.95,1,1,86429.4,66574.52,31,50,82,2,0,0,1,96,1,662,0,0,None
CUST01366,39,Female,7,Retail,Savings,61583.58,4,1,3039.02,2307.08,6,11,37,1,0,0,0,98,1,9,1,0,None
CUST01367,22,Female,11,HNI,Savings,1851829.97,1,1,349797.89,322677.46,27,48,88,2,1,0,0,94,1,684,0,0,None
CUST01368,46,Male,13,HNI,Current,806734.43,3,1,135426.66,96518.6,32,59,79,3,1,0,1,69,0,461,0,0,None
CUST01369,48,Female,15,Retail,FD,26568.76,1,1,2245.47,1231.3,13,27,43,1,0,0,0,5,1,728,4,1,Full Withdrawal
CUST01370,28,Male,18,Retail,Current,43713.86,1,1,6216.41,5261.49,18,32,64,2,0,0,1,54,1,640,0,0,None
CUST01371,65,Male,7,Retail,RD,40250.47,4,1,5425.71,3332.24,19,22,33,1,0,0,0,40,1,130,1,0,None
CUST01372,63,Male,6,Retail,FD,73609.43,1,1,11695.19,6217.28,3,32,69,3,1,0,1,76,0,387,0,0,None
CUST01373,50,Male,23,Retail,Savings,29622.04,1,1,5257.53,3712.93,25,35,63,2,0,0,1,81,0,655,1,0,None
CUST01374,52,Female,11,SME,Savings,484788.0,2,1,47140.94,26350.32,29,57,72,3,1,0,1,21,0,728,3,1,Account Closure
CUST01375,65,Male,8,Retail,Current,10267.01,4,1,1496.24,924.51,11,23,42,3,1,0,1,42,1,562,3,0,None
CUST01376,64,Female,20,Retail,RD,6074.74,4,1,1022.54,798.85,34,38,61,2,0,0,1,89,1,410,1,0,None
CUST01377,57,Female,1,SME,RD,430534.54,4,1,65392.64,61977.28,25,43,62,1,0,0,0,90,1,136,2,0,None
CUST01378,40,Male,8,Retail,FD,86572.76,4,1,16236.0,12251.72,12,25,38,1,0,0,0,-8,0,616,0,0,None
CUST01379,27,Female,8,SME,Current,52593.33,1,1,6266.49,3459.5,9,15,32,3,1,0,1,2,0,693,0,0,None
CUST01380,46,Male,19,Retail,FD,99613.46,3,1,16777.15,7545.62,28,43,76,2,0,1,0,81,1,517,0,0,None
CUST01381,52,Male,3,Retail,Savings,6929.71,3,1,1285.87,770.34,27,54,84,2,0,0,1,81,1,712,2,0,None
CUST01382,30,Male,5,SME,Savings,307930.75,2,1,39762.62,16327.36,13,33,60,2,0,1,0,47,1,174,1,0,None
CUST01383,41,Male,3,Retail,Current,71125.35,1,1,3041.82,1994.26,36,59,80,2,0,0,1,34,1,39,0,1,Account Closure
CUST01384,31,Male,15,SME,FD,384204.61,4,1,65653.4,50092.96,16,34,43,3,1,1,0,13,1,366,0,0,None
CUST01385,58,Female,14,SME,RD,499927.68,4,1,87670.04,59746.06,22,49,69,3,1,0,1,40,1,126,4,1,Account Closure
CUST01386,48,Male,21,SME,Savings,369742.26,3,1,38444.36,33673.62,38,43,86,2,0,0,1,2,0,529,0,0,None
CUST01387,34,Male,15,Retail,FD,85328.31,2,1,6540.63,4393.52,31,33,67,4,1,1,1,13,1,128,0,0,None
CUST01388,62,Female,24,Retail,FD,72780.97,1,1,14301.74,9357.76,6,24,49,3,1,0,1,-6,1,487,0,0,None
CUST01389,23,Female,17,SME,Current,362845.25,2,1,46538.45,26541.92,18,29,38,3,1,0,1,70,1,461,2,0,None
CUST01390,71,Female,18,SME,Savings,203950.61,1,1,25002.05,21518.95,27,36,66,3,1,1,0,39,0,172,2,0,None
CUST01391,42,Male,2,HNI,Current,669963.03,2,1,128212.09,115003.59,35,62,109,4,1,1,1,65,0,335,0,0,None
CUST01392,54,Female,12,Retail,Current,96449.32,2,1,10155.68,9524.56,34,46,80,3,1,0,1,38,1,301,0,0,None
CUST01393,45,Female,16,Retail,Current,48165.27,4,1,8462.72,7952.12,19,40,66,3,0,1,1,7,1,604,2,1,Account Closure
CUST01394,65,Female,4,SME,Current,391661.48,3,1,59573.35,55953.26,26,37,86,3,0,1,1,22,0,176,0,0,None
CUST01395,63,Female,2,Retail,FD,41985.9,4,1,8180.3,6475.34,31,51,57,2,0,1,0,47,1,222,0,0,None
CUST01396,55,Male,14,HNI,Savings,1895681.74,3,1,205840.99,146035.76,38,45,93,2,0,1,0,20,1,527,1,1,Account Closure
CUST01397,30,Male,11,SME,Savings,459566.64,2,1,85121.0,42116.97,21,33,49,3,1,0,1,23,1,678,1,0,None
CUST01398,23,Male,13,Retail,Current,9002.16,1,1,1179.47,969.39,3,20,66,3,1,1,0,83,1,686,0,0,None
CUST01399,51,Male,7,SME,Savings,130139.0,4,1,15114.37,12154.74,14,25,56,3,1,0,1,98,0,509,1,0,None
CUST01400,43,Female,10,SME,RD,212629.39,1,1,18904.06,16320.28,21,47,77,3,1,0,1,85,1,335,1,0,None
CUST01401,67,Male,24,Retail,Savings,35751.68,4,1,4591.65,3004.54,7,30,79,1,0,0,0,63,0,423,0,0,None
CUST01402,32,Female,1,HNI,Current,1614371.57,4,1,212464.72,189270.33,12,14,62,4,1,1,1,20,1,691,5,1,Full Withdrawal
CUST01403,64,Female,21,Retail,FD,52102.87,4,1,9573.52,7613.54,26,35,64,2,1,0,0,88,1,674,3,0,None
CUST01404,38,Male,4,SME,Savings,125080.95,1,1,19093.6,9434.51,11,29,52,4,1,1,1,68,0,292,0,0,None
CUST01405,57,Male,18,Retail,FD,13074.1,4,1,2251.83,1156.98,32,52,83,4,1,1,1,16,1,20,0,0,None
CUST01406,34,Female,6,SME,Current,298983.35,4,1,48752.47,41334.59,5,15,36,3,1,0,1,48,1,525,0,0,None
CUST01407,28,Female,2,Retail,Savings,90986.58,4,1,7666.84,4861.78,26,47,57,4,1,1,1,16,1,556,0,0,None
CUST01408,37,Male,3,Retail,RD,68565.18,1,1,5000.29,2684.94,29,38,65,3,1,0,1,-10,1,557,1,1,Full Withdrawal
CUST01409,54,Male,14,HNI,Savings,631855.07,4,1,51405.84,32509.93,25,35,57,3,0,1,1,65,1,303,0,0,None
CUST01410,66,Male,8,Retail,Current,7617.75,1,1,483.37,236.25,36,53,100,3,1,1,0,57,1,533,0,0,None
CUST01411,22,Female,16,Retail,Savings,94079.15,3,1,9572.92,8524.26,6,21,69,3,0,1,1,12,1,407,0,0,None
CUST01412,32,Male,19,HNI,Savings,1416101.74,4,1,204802.46,89979.28,34,59,65,1,0,0,0,87,1,558,2,0,None
CUST01413,27,Female,18,HNI,FD,394473.95,2,1,49670.74,29518.47,12,19,68,3,0,1,1,41,1,726,0,0,None
CUST01414,41,Male,6,Retail,FD,91633.32,3,1,13623.52,9622.44,9,19,42,2,0,0,1,46,1,605,1,0,None
CUST01415,56,Male,14,Retail,Savings,59924.55,1,1,5811.23,5116.82,22,34,42,2,1,0,0,76,1,424,0,0,None
CUST01416,65,Male,3,Retail,Current,42493.31,2,1,3095.4,2568.72,33,56,93,3,1,1,0,40,1,448,0,0,None
CUST01417,58,Male,16,Retail,FD,50664.52,1,1,3670.2,1513.34,6,22,60,2,1,0,0,72,0,344,4,1,Account Closure
CUST01418,62,Male,1,Retail,FD,78837.87,1,1,10732.83,9164.62,35,51,87,3,1,1,0,73,1,345,1,0,None
CUST01419,47,Male,12,SME,Current,360972.79,4,1,23927.86,17969.01,10,16,38,2,1,0,0,52,1,434,0,0,None
CUST01420,33,Male,14,SME,FD,303591.44,2,1,31435.91,14879.92,39,48,96,2,1,0,0,73,1,148,1,0,None
CUST01421,51,Male,19,SME,Current,116363.71,1,1,8617.11,6373.32,33,54,67,2,1,0,0,82,1,481,0,0,None
CUST01422,49,Male,22,SME,Current,359995.52,3,1,52574.34,44679.87,11,15,56,3,0,1,1,66,1,150,0,0,None
CUST01423,48,Female,19,Retail,RD,66487.95,4,1,9206.41,6731.37,13,34,74,3,1,0,1,17,1,381,4,1,Partial Withdrawal
CUST01424,63,Male,9,Retail,Savings,26019.89,3,1,2627.49,2494.88,36,65,72,3,1,1,0,13,1,302,2,0,None
CUST01425,40,Male,7,Retail,Savings,50661.22,3,1,3069.81,2083.95,19,45,67,4,1,1,1,11,1,83,0,1,Partial Withdrawal
CUST01426,26,Female,14,Retail,Savings,99734.6,4,1,7369.46,5676.12,24,29,73,2,1,0,0,75,0,32,2,0,None
CUST01427,26,Female,5,Retail,Savings,36196.08,1,1,4182.58,1834.92,13,21,50,2,0,1,0,29,1,373,0,0,None
CUST01428,62,Male,18,SME,Savings,125742.46,3,1,24586.82,20831.4,32,50,56,1,0,0,0,64,0,26,0,0,None
CUST01429,48,Female,9,Retail,FD,7058.4,1,1,588.13,437.13,12,25,73,2,0,1,0,-3,1,300,1,0,None
CUST01430,49,Female,21,Retail,Current,22540.07,1,1,1591.11,1127.59,35,42,47,3,1,1,0,85,1,264,0,0,None
CUST01431,47,Female,7,Retail,Savings,22761.8,4,1,1714.18,1353.94,28,53,81,3,1,0,1,77,0,317,0,0,None
CUST01432,48,Male,9,SME,Savings,282555.0,3,1,43316.32,30680.1,22,46,74,3,0,1,1,1,0,699,1,1,Full Withdrawal
CUST01433,70,Female,4,Retail,Savings,19834.7,3,1,3696.19,3036.6,11,33,79,2,0,1,0,38,1,528,2,0,None
CUST01434,63,Male,17,Retail,Savings,86951.84,4,1,4523.88,3261.42,14,19,63,4,1,1,1,93,1,715,1,0,None
CUST01435,42,Female,12,Retail,Current,13238.07,1,1,2116.58,1452.04,26,45,53,3,1,0,1,10,1,251,0,1,Full Withdrawal
CUST01436,22,Female,6,SME,Savings,254643.31,1,1,30337.46,14387.87,14,31,70,2,0,1,0,56,1,571,0,0,None
CUST01437,49,Male,18,Retail,RD,29353.58,4,1,5049.71,3330.32,7,9,48,2,0,1,0,28,1,565,0,0,None
CUST01438,69,Female,8,SME,Savings,451487.25,1,1,48508.17,33763.1,36,54,70,4,1,1,1,98,1,477,0,0,None
CUST01439,36,Male,21,SME,RD,128149.85,1,1,5232.95,3890.78,29,35,62,2,0,1,0,51,0,553,0,0,None
CUST01440,38,Female,15,Retail,Savings,42055.29,3,1,6276.64,4084.47,21,47,73,2,0,0,1,71,0,517,0,0,None
CUST01441,47,Male,3,Retail,FD,13147.94,1,1,2225.62,1069.75,21,45,75,2,1,0,0,95,1,3,0,0,None
CUST01442,41,Male,2,HNI,Current,919744.33,1,1,169530.38,81832.22,5,24,32,4,1,1,1,47,0,461,2,0,None
CUST01443,46,Male,24,Retail,FD,37858.36,1,1,4961.27,3951.87,21,28,39,4,1,1,1,51,1,464,0,0,None
CUST01444,34,Female,23,Retail,Current,85954.26,1,1,5116.66,3908.08,6,33,60,3,1,0,1,59,1,584,1,0,None
CUST01445,54,Male,9,SME,RD,61588.97,4,1,6108.0,3314.96,23,47,82,2,0,1,0,25,1,284,0,0,None
CUST01446,46,Male,8,HNI,Current,1064811.99,4,1,176205.13,113691.37,25,39,50,2,0,1,0,34,1,166,0,0,None
CUST01447,29,Male,4,HNI,FD,1709730.26,4,1,203639.26,115835.45,18,27,53,3,1,0,1,68,1,578,0,0,None
CUST01448,26,Female,2,SME,FD,338698.98,1,1,51441.3,25698.15,6,34,77,2,1,0,0,98,1,318,0,0,None
CUST01449,27,Male,14,Retail,FD,15615.98,4,1,636.36,368.7,27,53,97,3,1,1,0,4,0,262,1,0,None
CUST01450,44,Male,2,Retail,Current,22988.92,2,1,1188.08,646.88,37,57,80,3,1,1,0,51,0,658,0,0,None
CUST01451,51,Male,2,SME,Savings,252097.92,2,1,37559.11,16726.39,9,38,72,2,1,0,0,27,1,62,1,1,Account Closure
CUST01452,35,Male,22,Retail,FD,12069.38,2,1,1043.18,706.72,10,27,57,2,1,0,0,53,1,38,1,0,None
CUST01453,44,Male,7,Retail,Current,75600.55,3,1,7719.56,5002.17,18,37,82,2,0,0,1,97,1,472,5,1,Partial Withdrawal
CUST01454,32,Male,12,HNI,Current,981248.1,1,1,140064.6,111076.07,9,17,43,2,0,1,0,77,1,295,1,0,None
CUST01455,52,Female,6,Retail,Savings,60621.43,3,1,3511.33,2602.49,6,31,44,2,1,0,0,60,1,728,1,0,None
CUST01456,27,Male,18,Retail,Current,99791.9,4,1,17287.28,10179.75,11,21,54,2,1,0,0,-2,1,568,1,1,Partial Withdrawal
CUST01457,32,Male,4,Retail,Current,21519.83,1,1,1358.11,913.96,15,42,78,2,0,1,0,64,0,439,4,1,Account Closure
CUST01458,34,Male,19,Retail,Current,29803.2,2,1,4688.79,3257.99,28,57,79,1,0,0,0,69,1,379,2,0,None
CUST01459,33,Female,13,Retail,Savings,90350.53,1,1,7846.06,7097.95,28,50,85,1,0,0,0,60,1,130,1,1,Account Closure
CUST01460,23,Female,20,Retail,Savings,64497.22,3,1,5262.67,4946.55,6,32,68,1,0,0,0,14,1,144,0,0,None
CUST01461,56,Female,21,Retail,Savings,51790.47,4,1,8877.01,7532.57,16,18,31,3,1,0,1,67,1,611,0,0,None
CUST01462,57,Male,23,Retail,FD,58456.98,4,1,7503.09,5320.87,29,39,73,1,0,0,0,54,0,135,2,0,None
CUST01463,38,Male,2,SME,Savings,104797.52,3,1,7637.61,6953.73,6,17,58,3,0,1,1,9,1,670,3,1,Full Withdrawal
CUST01464,49,Male,8,Retail,Current,86255.57,1,1,3485.36,1735.58,23,45,81,2,0,0,1,17,1,35,5,1,Full Withdrawal
CUST01465,49,Male,19,HNI,Current,768502.27,3,1,150384.81,117762.26,13,32,44,3,1,1,0,38,0,295,0,0,None
CUST01466,43,Male,9,Retail,RD,66034.31,4,1,7199.18,4702.92,9,32,60,2,1,0,0,91,1,656,1,0,None
CUST01467,59,Female,4,Retail,Savings,93515.55,2,1,9687.06,4646.03,2,4,12,2,1,0,0,23,1,398,1,0,None
CUST01468,28,Female,16,SME,Savings,192683.84,4,1,9258.52,4086.39,36,50,71,3,0,1,1,62,1,16,0,0,None
CUST01469,36,Female,19,Retail,Current,53628.33,4,1,9819.59,6524.21,17,32,57,3,1,1,0,9,1,288,0,0,None
CUST01470,53,Male,10,HNI,Current,1761116.89,1,1,110059.29,58489.15,31,55,68,3,0,1,1,96,1,436,0,0,None
CUST01471,32,Female,6,Retail,Savings,24571.34,2,1,2301.67,1237.79,11,19,28,2,1,0,0,91,1,87,1,0,None
CUST01472,45,Male,16,HNI,FD,368070.18,4,1,39522.13,22769.46,35,64,73,2,0,0,1,84,1,258,0,0,None
CUST01473,24,Male,10,Retail,Current,20416.87,2,1,3463.05,2753.47,12,39,73,1,0,0,0,74,1,613,0,0,None
CUST01474,51,Female,13,SME,Savings,345346.82,3,1,33676.38,16509.82,21,30,40,3,0,1,1,11,0,416,0,0,None
CUST01475,27,Male,9,Retail,Savings,66963.85,1,1,8372.76,6653.46,8,10,52,1,0,0,0,66,0,43,0,0,None
CUST01476,23,Male,7,HNI,FD,1222665.89,2,1,132777.89,110270.77,22,25,37,1,0,0,0,33,1,726,1,1,Account Closure
CUST01477,35,Male,4,Retail,Savings,28652.89,2,1,2575.76,1872.48,12,24,61,2,0,1,0,36,1,18,0,0,None
CUST01478,62,Female,19,Retail,Savings,10380.67,1,1,1986.95,1065.32,38,40,59,1,0,0,0,14,1,426,0,0,None
CUST01479,39,Female,4,HNI,Savings,1992259.9,3,1,333704.11,142939.78,24,49,90,4,1,1,1,11,1,637,0,0,None
CUST01480,65,Male,19,Retail,Current,91276.4,2,1,6197.35,3869.44,32,45,58,2,0,0,1,91,1,191,1,0,None
CUST01481,52,Female,19,Retail,FD,75997.4,1,1,9784.89,8474.64,19,28,35,2,0,1,0,50,1,110,1,0,None
CUST01482,34,Male,12,SME,Savings,118217.84,4,1,19795.53,9027.33,25,54,89,2,0,0,1,41,1,87,0,0,None
CUST01483,47,Male,13,Retail,Savings,45254.44,1,1,6008.27,4864.64,23,27,70,2,1,0,0,9,1,219,0,0,None
CUST01484,65,Female,4,Retail,Savings,62117.54,4,1,7392.28,4859.24,38,49,60,2,0,0,1,85,0,649,2,0,None
CUST01485,33,Female,10,Retail,Current,50948.77,2,1,2625.36,2348.01,2,18,38,2,0,1,0,69,0,341,2,0,None
CUST01486,39,Female,21,HNI,Savings,1731157.52,2,1,98625.2,58771.64,7,20,52,2,0,0,1,9,1,145,2,1,Full Withdrawal
CUST01487,30,Male,7,Retail,FD,99181.28,2,1,7858.96,6189.81,39,42,81,3,1,1,0,94,1,398,0,0,None
CUST01488,70,Female,5,Retail,Savings,93613.64,3,1,11434.29,9228.22,30,56,75,1,0,0,0,75,1,722,0,0,None
CUST01489,42,Female,17,HNI,Savings,608195.46,3,1,120402.92,61322.16,12,18,29,3,1,0,1,95,1,664,2,0,None
CUST01490,69,Female,18,SME,Savings,238901.88,4,1,40222.14,19587.41,17,27,66,1,0,0,0,91,1,371,4,1,Partial Withdrawal
CUST01491,70,Male,11,Retail,FD,63665.03,1,1,3667.63,1654.11,7,26,61,2,0,0,1,34,1,457,0,0,None
CUST01492,61,Female,15,Retail,Current,14219.51,4,1,2200.63,1729.41,2,9,51,3,1,0,1,26,1,671,1,0,None
CUST01493,64,Female,21,Retail,RD,18188.04,1,1,3086.06,2164.82,36,48,60,1,0,0,0,4,0,341,0,0,None
CUST01494,45,Male,22,Retail,Savings,23177.75,2,1,2463.38,1102.84,25,40,82,2,0,0,1,65,0,483,0,0,None
CUST01495,55,Male,7,Retail,Savings,39531.88,1,1,3669.49,2090.08,39,41,61,2,0,0,1,-2,1,703,1,1,Account Closure
CUST01496,29,Male,18,Retail,Current,61219.72,3,1,8175.18,3910.11,4,28,66,1,0,0,0,90,1,154,1,0,None
CUST01497,65,Female,6,Retail,Current,36687.6,1,1,4514.94,2036.12,3,8,13,2,0,0,1,33,1,512,2,1,Account Closure
CUST01498,54,Female,18,Retail,Current,47965.38,1,1,3953.99,2231.33,16,24,47,3,0,1,1,4,0,260,4,1,Full Withdrawal
CUST01499,44,Female,16,HNI,Savings,1471608.99,2,1,152429.93,69045.09,23,33,51,3,1,0,1,33,1,135,0,0,None
CUST01500,34,Female,2,HNI,Savings,1948297.0,2,1,247648.04,134498.22,5,23,46,3,1,1,0,75,1,643,1,0,None
CUST01501,70,Male,19,SME,Savings,238572.39,3,1,31679.53,22302.25,25,43,70,3,1,0,1,1,1,60,1,0,None
CUST01502,35,Male,1,Retail,Current,14442.06,1,1,1806.41,1279.84,20,32,40,3,1,0,1,16,0,254,0,0,None
CUST01503,35,Male,11,Retail,Current,79586.13,1,1,13957.59,6872.73,31,55,93,3,1,0,1,8,1,556,1,0,None
CUST01504,37,Male,20,SME,FD,60376.69,1,1,2721.73,1374.63,23,50,56,3,0,1,1,100,1,422,3,0,None
CUST01505,70,Male,5,SME,Savings,177284.44,2,1,16536.63,14390.74,28,56,72,4,1,1,1,14,0,23,1,1,Account Closure
CUST01506,59,Male,16,Retail,FD,57521.69,3,1,9201.94,4525.64,16,29,56,1,0,0,0,63,0,458,2,1,Full Withdrawal
CUST01507,60,Male,23,HNI,Savings,1941911.68,1,1,280189.15,119124.6,38,54,101,1,0,0,0,88,1,366,0,0,None
CUST01508,47,Male,1,SME,Savings,292102.15,1,1,54600.51,29192.24,2,5,27,4,1,1,1,53,0,189,0,0,None
CUST01509,47,Male,19,HNI,RD,902797.38,1,1,121050.11,86797.11,13,22,58,4,1,1,1,97,1,149,0,0,None
CUST01510,22,Male,14,SME,Current,129411.78,1,1,18389.95,7429.05,10,31,52,3,0,1,1,1,0,498,1,1,Account Closure
CUST01511,53,Male,3,Retail,Current,21418.27,3,1,3272.53,3081.88,20,44,79,2,0,1,0,39,1,131,1,0,None
CUST01512,36,Female,2,Retail,Current,69669.43,3,1,4862.38,2561.09,19,46,86,3,0,1,1,61,1,560,1,0,None
CUST01513,42,Female,24,HNI,Savings,866889.53,3,1,139152.28,73884.94,12,15,45,3,0,1,1,0,1,523,3,1,Account Closure
CUST01514,39,Female,5,SME,FD,405072.92,2,1,35639.26,28733.78,12,37,53,2,1,0,0,92,0,137,2,0,None
CUST01515,51,Male,17,Retail,FD,80667.03,1,1,8705.6,4670.54,31,38,77,3,1,0,1,72,1,494,0,0,None
CUST01516,34,Female,18,Retail,Savings,48367.95,1,1,2043.11,1262.4,21,23,43,1,0,0,0,12,1,719,1,1,Full Withdrawal
CUST01517,45,Female,1,Retail,Current,22157.91,1,1,3876.98,2710.61,16,42,50,1,0,0,0,77,1,691,1,0,None
CUST01518,51,Female,15,SME,FD,433039.82,1,1,83385.66,34357.38,26,54,86,2,1,0,0,4,1,450,2,1,Full Withdrawal
CUST01519,23,Male,22,HNI,Savings,1917734.08,4,1,95178.2,81901.88,4,23,65,1,0,0,0,52,1,216,0,0,None
CUST01520,40,Female,9,Retail,Savings,21188.6,3,1,3000.98,2045.55,27,32,69,2,0,0,1,9,0,535,2,1,Account Closure
CUST01521,68,Female,23,Retail,Savings,87873.15,4,1,17023.19,9739.06,29,55,96,4,1,1,1,78,1,498,0,0,None
CUST01522,65,Female,5,Retail,Current,86180.76,4,1,11815.74,7324.37,7,16,30,1,0,0,0,67,1,707,1,0,None
CUST01523,68,Female,13,HNI,FD,1503344.57,2,1,252069.03,108567.04,33,42,77,4,1,1,1,-1,0,206,0,0,None
CUST01524,46,Male,19,SME,Current,67684.08,2,1,3986.63,3168.93,12,27,45,1,0,0,0,50,1,666,0,0,None
CUST01525,71,Male,24,SME,Savings,342233.38,1,1,27096.66,18878.99,14,35,44,2,0,1,0,82,0,317,1,0,None
CUST01526,35,Male,10,Retail,Current,85255.55,4,1,8126.35,7335.62,18,33,47,3,1,0,1,36,1,705,3,1,Full Withdrawal
CUST01527,27,Female,20,Retail,FD,99671.33,4,1,19633.92,12866.16,37,39,68,2,0,0,1,38,1,93,2,0,None
CUST01528,33,Male,21,Retail,Savings,95972.44,3,1,15843.56,13556.08,31,58,103,3,1,1,0,38,1,524,0,0,None
CUST01529,41,Male,14,Retail,FD,41370.5,4,1,7517.27,3785.55,5,26,75,2,0,0,1,65,1,261,1,0,None
CUST01530,44,Male,22,SME,FD,289211.86,2,1,34107.4,14703.02,15,19,40,2,1,0,0,22,1,316,1,1,Account Closure
CUST01531,51,Male,21,SME,Savings,485269.73,4,1,75065.82,69183.82,29,45,69,2,1,0,0,76,1,233,0,0,None
CUST01532,51,Male,12,HNI,Savings,1861694.05,2,1,292379.78,158273.05,8,36,73,1,0,0,0,67,1,55,0,0,None
CUST01533,59,Female,11,HNI,Current,1257970.54,1,1,164828.97,141500.9,17,37,50,2,0,1,0,12,1,583,0,0,None
CUST01534,51,Female,23,Retail,FD,73683.49,2,1,13298.03,7201.33,15,17,52,3,0,1,1,42,1,611,0,0,None
CUST01535,62,Male,7,SME,FD,348239.57,1,1,22747.08,11048.55,38,64,73,3,0,1,1,26,0,96,1,0,None
CUST01536,51,Male,17,HNI,Current,1104879.2,3,1,54363.54,43648.05,28,32,65,3,1,0,1,11,0,127,2,1,Account Closure
CUST01537,57,Male,18,SME,Savings,163220.74,1,1,14469.36,11982.42,31,52,60,3,1,0,1,82,1,171,2,0,None
CUST01538,70,Female,7,Retail,Savings,7292.32,4,1,394.69,341.01,16,18,53,2,1,0,0,89,1,57,0,0,None
CUST01539,55,Male,24,Retail,FD,64487.44,2,1,3201.84,2803.78,19,39,47,2,1,0,0,-9,0,202,0,1,Full Withdrawal
CUST01540,37,Male,20,Retail,Savings,80528.58,1,1,8620.94,5739.15,12,30,52,3,1,1,0,9,1,225,3,1,Account Closure
CUST01541,45,Male,6,HNI,Current,1049708.1,1,1,75663.91,46920.65,23,37,59,3,0,1,1,-6,1,585,1,1,Account Closure
CUST01542,35,Female,11,Retail,Savings,50242.6,1,1,8361.55,6798.22,5,26,70,4,1,1,1,80,1,419,2,0,None
CUST01543,47,Female,12,Retail,Savings,93126.35,1,1,12363.97,8817.52,4,21,59,3,1,1,0,-8,0,710,0,1,Full Withdrawal
CUST01544,29,Female,16,SME,Savings,318939.74,1,1,31158.77,29005.89,25,52,70,1,0,0,0,71,0,658,1,0,None
CUST01545,35,Female,19,Retail,Savings,53865.92,1,1,4624.23,2805.57,15,28,58,1,0,0,0,66,1,198,3,0,None
CUST01546,52,Male,23,Retail,Current,25307.94,2,1,3292.62,1394.69,4,12,39,4,1,1,1,75,1,97,2,0,None
CUST01547,23,Male,19,Retail,Savings,22867.17,4,1,2502.59,1812.17,32,59,96,2,0,1,0,66,0,305,0,0,None
CUST01548,69,Male,11,SME,RD,56906.91,4,1,2783.75,1654.68,36,64,85,3,1,0,1,1,1,4,4,1,Full Withdrawal
CUST01549,25,Male,16,Retail,Current,82685.37,1,1,12107.66,7125.0,32,57,103,2,0,1,0,21,1,725,0,0,None
CUST01550,22,Male,23,SME,Current,278498.36,2,1,33409.0,23736.61,13,38,74,2,0,0,1,47,0,28,1,0,None
CUST01551,41,Male,12,Retail,Savings,30508.73,1,1,2572.01,2332.76,11,29,68,2,0,1,0,89,1,64,1,0,None
CUST01552,35,Male,8,SME,Current,222512.85,3,1,19239.89,10520.89,21,33,80,3,1,1,0,60,0,584,0,0,None
CUST01553,61,Female,3,Retail,Savings,18977.75,4,1,2133.96,1299.1,19,42,76,3,0,1,1,59,1,355,0,0,None
CUST01554,46,Female,2,Retail,RD,71254.18,1,1,12285.27,10936.19,37,46,65,3,0,1,1,29,1,140,3,1,Account Closure
CUST01555,46,Female,6,SME,Current,158042.91,2,1,17019.34,15187.56,20,31,42,2,0,0,1,90,1,170,0,0,None
CUST01556,24,Female,16,Retail,Savings,48123.78,4,1,8389.56,4438.28,18,35,45,3,1,0,1,-5,1,244,0,0,None
CUST01557,26,Male,20,Retail,Current,23002.22,2,1,2483.74,1958.38,12,23,36,2,0,0,1,52,0,422,4,1,Full Withdrawal
CUST01558,59,Female,24,Retail,Savings,31373.72,3,1,5420.94,3407.38,6,31,48,2,0,1,0,14,1,274,3,1,Account Closure
CUST01559,47,Male,15,SME,Savings,162768.62,1,1,30770.56,28148.92,38,64,108,2,0,0,1,80,1,704,2,0,None
CUST01560,61,Female,14,Retail,RD,79620.86,3,1,3446.93,2766.97,37,46,68,2,0,0,1,58,0,96,0,0,None
CUST01561,59,Male,2,SME,Savings,280073.67,4,1,13992.5,9401.48,15,21,60,2,1,0,0,72,0,571,0,0,None
CUST01562,59,Female,20,Retail,Current,22477.82,1,1,1381.11,1173.36,29,47,52,1,0,0,0,62,1,598,3,0,None
CUST01563,25,Male,18,Retail,RD,37444.65,4,1,2229.43,2115.36,10,24,52,3,1,1,0,39,1,562,4,1,Partial Withdrawal
CUST01564,28,Male,14,Retail,Savings,31619.15,1,1,3564.0,2301.89,39,65,105,3,1,0,1,29,1,709,0,0,None
CUST01565,51,Female,18,Retail,Savings,9186.4,2,1,1490.45,902.37,30,41,61,3,0,1,1,-10,1,252,0,1,Full Withdrawal
CUST01566,51,Male,2,Retail,Savings,25825.79,4,1,5005.36,3673.28,26,37,59,1,0,0,0,35,1,379,0,0,None
CUST01567,40,Female,1,Retail,Savings,90653.32,3,1,9685.85,7513.27,9,36,43,3,0,1,1,62,1,711,1,0,None
CUST01568,60,Female,20,Retail,Savings,85071.53,3,1,12774.08,10058.91,20,47,93,2,0,1,0,28,1,713,0,0,None
CUST01569,56,Female,2,HNI,FD,1425899.65,2,1,202023.04,133430.28,3,25,66,2,0,1,0,-1,1,18,0,0,None
CUST01570,61,Female,9,Retail,FD,39785.49,2,1,4094.3,2386.0,7,31,43,3,1,0,1,96,1,670,0,0,None
CUST01571,54,Female,9,Retail,FD,34526.29,3,1,5364.69,4571.03,31,44,66,2,0,1,0,38,0,52,0,0,None
CUST01572,54,Male,16,SME,Savings,461854.0,2,1,62217.36,57678.18,3,16,49,2,0,0,1,3,0,252,2,1,Partial Withdrawal
CUST01573,35,Female,11,Retail,FD,64109.78,1,1,10359.52,9066.55,20,28,69,2,0,0,1,35,1,504,2,0,None
CUST01574,59,Female,23,Retail,Current,57943.29,3,1,4113.03,3188.81,14,26,57,1,0,0,0,29,1,485,2,1,Account Closure
CUST01575,31,Female,6,SME,Savings,183379.14,4,1,17905.77,10709.13,9,30,78,2,1,0,0,78,1,657,2,1,Partial Withdrawal
CUST01576,49,Male,12,HNI,Savings,1926676.99,3,1,283983.53,210819.64,10,35,68,2,1,0,0,8,1,659,0,0,None
CUST01577,35,Female,3,Retail,Savings,63872.58,2,1,3830.35,1745.25,24,52,60,3,1,1,0,6,1,184,1,0,None
CUST01578,57,Female,12,HNI,RD,406866.05,1,1,66426.42,46076.83,38,65,81,1,0,0,0,71,1,14,0,0,None
CUST01579,59,Female,23,Retail,Current,40501.95,4,1,2484.81,2061.57,9,35,52,1,0,0,0,35,1,703,0,0,None
CUST01580,37,Male,1,Retail,FD,19264.89,3,1,1770.69,952.78,10,23,41,3,1,1,0,93,1,591,0,0,None
CUST01581,42,Male,9,Retail,Current,61180.46,3,1,4772.36,3225.37,17,22,40,2,1,0,0,62,0,356,1,0,None
CUST01582,49,Male,20,HNI,Current,1252515.82,4,1,62322.29,27440.56,17,36,50,3,0,1,1,54,1,530,0,0,None
CUST01583,54,Female,22,Retail,Savings,87667.45,1,1,7303.15,6289.28,13,24,50,3,0,1,1,59,1,357,3,1,Full Withdrawal
CUST01584,27,Female,6,Retail,Current,86302.59,2,1,16038.63,9504.93,26,47,60,3,0,1,1,27,1,241,1,0,None
CUST01585,62,Male,11,Retail,FD,84509.49,2,1,3744.5,2696.84,12,15,43,2,1,0,0,91,1,552,1,0,None
CUST01586,36,Male,3,Retail,Savings,57150.47,2,1,2439.9,1483.93,19,48,69,2,0,1,0,92,0,13,0,0,None
CUST01587,65,Male,4,Retail,RD,66941.88,2,1,10220.87,7447.75,14,16,44,3,1,0,1,6,1,329,1,1,Full Withdrawal
CUST01588,24,Male,10,Retail,Savings,78676.48,4,1,7765.3,6284.53,36,51,60,2,0,0,1,62,1,630,3,0,None
CUST01589,64,Female,19,Retail,Savings,13710.06,1,1,1052.36,610.1,19,37,75,2,1,0,0,0,1,486,0,0,None
CUST01590,68,Female,6,Retail,Current,33556.8,1,1,4074.45,2793.42,31,59,105,2,1,0,0,42,0,609,0,0,None
CUST01591,56,Male,1,Retail,FD,21063.54,3,1,1741.28,1457.77,38,43,48,3,1,1,0,7,1,152,3,1,Account Closure
CUST01592,35,Male,8,Retail,Current,53589.43,3,1,5504.86,4284.53,31,57,88,2,1,0,0,98,1,484,2,0,None
CUST01593,23,Male,8,Retail,Current,84578.46,1,1,13063.47,5635.45,4,14,58,1,0,0,0,99,0,283,1,0,None
CUST01594,50,Female,6,Retail,Current,26917.64,3,1,1580.2,1126.39,30,38,50,2,1,0,0,90,1,299,1,0,None
CUST01595,25,Male,17,SME,Current,285752.98,1,1,55306.06,33569.87,26,48,58,2,0,0,1,-4,1,650,0,0,None
CUST01596,47,Male,19,Retail,Savings,43553.28,4,1,2038.49,1610.06,3,26,35,2,0,1,0,24,1,13,2,0,None
CUST01597,33,Male,1,SME,Savings,162911.85,4,1,27539.59,11268.3,6,24,46,3,0,1,1,33,1,372,1,0,None
CUST01598,23,Female,15,Retail,Savings,64545.01,2,1,10064.8,5855.98,32,36,47,4,1,1,1,60,1,493,0,0,None
CUST01599,38,Female,13,Retail,Savings,97772.54,1,1,8323.8,3725.49,6,8,48,4,1,1,1,28,1,310,2,0,None
CUST01600,56,Female,21,Retail,Savings,28338.63,4,1,1670.04,1513.51,22,33,70,2,0,0,1,0,0,390,1,1,Full Withdrawal
CUST01601,31,Male,3,Retail,Current,92776.05,1,1,16363.84,14434.13,27,33,71,1,0,0,0,-1,1,306,1,1,Account Closure
CUST01602,69,Male,2,Retail,Current,38920.3,3,1,5788.92,5397.87,8,13,49,3,1,1,0,87,1,661,1,0,None
CUST01603,43,Male,3,Retail,Savings,64086.91,1,1,5546.15,4181.28,31,51,58,3,1,0,1,77,1,198,1,0,None
CUST01604,62,Female,9,Retail,Savings,21578.28,2,1,921.58,777.7,35,42,47,4,1,1,1,65,1,263,0,0,None
CUST01605,64,Male,16,Retail,Savings,77179.59,2,1,14676.35,10809.54,29,36,61,3,0,1,1,-2,0,502,0,1,Full Withdrawal
CUST01606,42,Female,24,Retail,Savings,97933.79,4,1,10251.76,6875.08,15,25,42,2,0,1,0,75,1,547,4,0,None
CUST01607,36,Female,13,Retail,Savings,79805.48,3,1,5442.95,4673.32,19,40,52,2,1,0,0,91,0,94,0,0,None
CUST01608,56,Female,19,Retail,Current,63500.69,3,1,11804.36,9760.92,18,28,76,2,1,0,0,99,0,64,0,0,None
CUST01609,69,Male,18,Retail,Savings,47580.33,1,1,4636.38,3724.41,26,42,76,1,0,0,0,85,1,30,0,0,None
CUST01610,42,Male,21,SME,Current,203385.2,3,1,23210.37,20695.55,7,28,40,3,0,1,1,-3,1,442,0,0,None
CUST01611,42,Male,12,Retail,FD,44806.2,2,1,6800.64,6194.09,6,15,46,3,1,1,0,37,1,570,3,1,Full Withdrawal
CUST01612,42,Female,12,SME,Savings,194191.3,4,1,33227.49,21428.67,22,47,90,3,1,1,0,10,1,405,0,0,None
CUST01613,65,Female,1,Retail,Savings,84107.44,4,1,4712.41,2617.99,21,24,51,1,0,0,0,69,1,553,3,1,Full Withdrawal
CUST01614,53,Male,20,Retail,Savings,89845.56,4,1,16512.52,11252.99,12,23,35,2,0,0,1,86,1,70,0,0,None
CUST01615,26,Male,8,SME,Savings,220302.1,3,1,41682.56,18806.6,6,21,40,3,0,1,1,95,1,723,0,0,None
CUST01616,60,Female,17,HNI,Savings,733061.52,3,1,59732.17,54713.97,39,68,79,1,0,0,0,78,1,303,0,0,None
CUST01617,30,Female,21,Retail,FD,56890.82,2,1,6803.12,6402.55,36,61,77,2,0,0,1,92,1,153,2,0,None
CUST01618,39,Male,20,Retail,Savings,59805.06,1,1,10601.05,8046.07,36,39,79,4,1,1,1,-5,1,174,0,0,None
CUST01619,42,Female,22,SME,RD,332028.97,1,1,39171.36,31744.04,26,54,96,3,0,1,1,48,1,525,1,0,None
CUST01620,29,Male,7,SME,Savings,415017.85,4,1,48605.2,28094.76,31,56,103,1,0,0,0,57,1,709,1,0,None
CUST01621,65,Male,9,Retail,FD,85055.52,4,1,11819.63,10359.28,3,26,60,2,0,1,0,12,1,433,0,1,Full Withdrawal
CUST01622,55,Female,17,Retail,FD,30473.36,3,1,4960.77,4440.71,21,35,49,4,1,1,1,62,0,371,2,0,None
CUST01623,31,Female,10,Retail,Savings,49855.59,4,1,7303.78,3230.43,37,57,80,2,0,1,0,89,0,419,0,0,None
CUST01624,62,Female,4,Retail,Savings,84948.98,2,1,11914.15,5626.98,38,67,89,4,1,1,1,64,1,18,0,0,None
CUST01625,45,Male,22,Retail,Current,99701.33,2,1,9917.03,5389.6,3,31,79,2,1,0,0,24,1,466,0,0,None
CUST01626,61,Female,7,Retail,FD,80513.93,4,1,11337.31,8922.7,28,36,60,3,1,1,0,1,1,489,1,0,None
CUST01627,45,Male,7,Retail,Savings,7359.16,4,1,415.97,208.34,33,46,52,4,1,1,1,88,0,510,1,0,None
CUST01628,53,Male,8,SME,Savings,423411.42,4,1,44682.31,23281.45,5,12,46,2,0,1,0,60,1,451,1,0,None
CUST01629,54,Male,24,Retail,Savings,28485.01,4,1,1997.83,1218.73,28,32,80,3,1,0,1,46,1,171,0,0,None
CUST01630,59,Male,24,Retail,Savings,96592.51,4,1,12171.7,8963.24,31,37,84,4,1,1,1,18,1,500,0,0,None
CUST01631,65,Female,8,SME,RD,436262.5,2,1,35741.78,33488.98,4,9,56,1,0,0,0,74,1,719,0,0,None
CUST01632,70,Female,16,SME,Current,447623.67,1,1,54139.89,44997.94,28,43,58,1,0,0,0,56,1,358,0,0,None
CUST01633,55,Male,12,Retail,Savings,94064.16,2,1,15461.51,10932.32,39,46,72,3,0,1,1,50,1,355,1,0,None
CUST01634,32,Male,15,Retail,Savings,84743.98,2,1,9274.28,3961.62,37,55,101,2,0,0,1,50,1,475,3,1,Account Closure
CUST01635,52,Male,8,Retail,Savings,14316.82,4,1,1073.71,734.7,2,20,43,3,0,1,1,77,1,160,0,0,None
CUST01636,39,Male,22,Retail,FD,5189.55,1,1,392.73,201.17,36,61,68,3,0,1,1,19,1,581,3,1,Full Withdrawal
CUST01637,44,Female,9,Retail,RD,80418.89,4,1,14877.55,8406.38,13,27,35,1,0,0,0,16,1,569,1,0,None
CUST01638,43,Female,3,Retail,Savings,85113.41,2,1,14039.01,7552.61,36,61,100,2,0,1,0,82,1,702,0,0,None
CUST01639,64,Male,22,Retail,Savings,96407.26,1,1,4420.43,2612.9,19,32,74,1,0,0,0,19,1,96,0,0,None
CUST01640,39,Male,21,Retail,RD,25746.35,3,1,4913.32,2133.57,38,64,77,3,1,0,1,89,0,671,4,0,None
CUST01641,61,Female,16,Retail,Savings,74648.91,4,1,4330.42,3106.04,24,49,61,3,0,1,1,44,1,710,0,0,None
CUST01642,68,Female,15,Retail,Savings,54311.12,3,1,7846.37,3336.0,34,37,75,3,1,0,1,12,1,53,0,0,None
CUST01643,62,Male,24,Retail,Savings,36205.81,3,1,4643.05,3544.14,15,30,65,1,0,0,0,26,0,312,0,0,None
CUST01644,68,Male,4,Retail,Savings,62597.65,3,1,2971.36,2382.86,2,30,74,2,1,0,0,15,1,223,0,1,Partial Withdrawal
CUST01645,60,Female,20,Retail,Savings,57078.94,3,1,4978.87,3322.58,28,34,57,2,0,0,1,25,0,574,4,1,Partial Withdrawal
CUST01646,41,Male,16,SME,RD,263181.43,1,1,43197.7,35840.76,25,34,75,3,1,0,1,81,1,316,0,0,None
CUST01647,34,Male,10,Retail,Current,30503.93,4,1,2717.92,2533.28,3,19,55,1,0,0,0,52,1,167,3,0,None
CUST01648,66,Female,11,SME,Savings,52772.23,1,1,6166.6,3619.97,13,23,71,2,0,0,1,26,0,7,0,0,None
CUST01649,22,Female,5,SME,Savings,144173.23,4,1,21867.05,16190.34,14,31,79,1,0,0,0,40,1,714,1,1,Full Withdrawal
CUST01650,25,Female,11,Retail,FD,33695.01,4,1,1733.66,1002.15,28,42,74,2,1,0,0,57,0,496,0,0,None
CUST01651,45,Female,13,Retail,Savings,30054.46,4,1,5205.94,3351.91,21,44,89,2,0,0,1,82,1,497,1,0,None
CUST01652,57,Female,15,Retail,Savings,95659.2,1,1,4462.79,1836.23,38,54,76,1,0,0,0,97,0,607,2,0,None
CUST01653,57,Male,6,Retail,Savings,86925.2,2,1,7126.3,3141.93,35,40,69,1,0,0,0,67,1,645,1,1,Full Withdrawal
CUST01654,66,Male,16,SME,FD,109883.36,3,1,17811.08,14937.1,7,33,47,3,0,1,1,97,1,78,0,0,None
CUST01655,23,Male,15,Retail,Savings,25356.96,2,1,4713.86,2248.27,9,26,35,1,0,0,0,52,1,681,1,0,None
CUST01656,49,Male,11,Retail,Savings,22982.65,2,1,3715.26,2914.75,22,35,54,4,1,1,1,98,1,654,1,0,None
CUST01657,47,Female,20,Retail,Savings,81886.26,2,1,6249.55,4936.37,22,43,72,3,0,1,1,26,1,136,2,0,None
CUST01658,44,Female,2,Retail,Savings,22544.06,3,1,4457.32,4225.2,7,30,54,3,0,1,1,86,0,596,0,0,None
CUST01659,36,Female,2,Retail,RD,52835.91,2,1,5607.66,4388.43,31,44,58,2,1,0,0,20,1,169,1,0,None
CUST01660,57,Female,12,Retail,Current,26035.07,3,1,2609.55,1228.6,11,27,69,3,1,0,1,67,1,502,0,0,None
CUST01661,48,Male,16,Retail,Savings,40916.63,3,1,7301.07,5436.36,12,18,63,1,0,0,0,14,0,615,1,1,Partial Withdrawal
CUST01662,27,Male,19,HNI,Savings,1492015.46,3,1,75486.19,51955.53,2,4,36,2,0,1,0,62,1,522,1,0,None
CUST01663,56,Female,2,Retail,Current,89684.74,4,1,11566.91,10463.02,11,32,42,4,1,1,1,14,0,506,0,0,None
CUST01664,60,Female,17,Retail,Savings,99684.53,4,1,19388.65,15115.05,26,53,68,2,1,0,0,94,1,520,0,0,None
CUST01665,59,Female,14,Retail,FD,94670.91,2,1,5303.55,3633.8,17,21,44,2,1,0,0,35,1,721,1,0,None
CUST01666,56,Female,24,Retail,Current,68768.82,4,1,8701.72,6468.14,20,29,49,2,0,0,1,78,0,52,2,0,None
CUST01667,57,Female,16,Retail,Savings,46013.97,3,1,2815.74,1813.06,11,19,55,2,1,0,0,19,1,180,0,1,Full Withdrawal
CUST01668,31,Female,5,Retail,RD,10480.78,4,1,1911.66,1299.21,15,29,35,3,0,1,1,9,0,243,1,0,None
CUST01669,51,Male,10,Retail,Savings,62775.78,3,1,8414.45,6708.75,4,15,58,3,1,0,1,12,1,717,2,1,Full Withdrawal
CUST01670,62,Female,17,Retail,Savings,25014.66,1,1,1939.55,859.4,5,23,53,1,0,0,0,-10,0,549,1,1,Full Withdrawal
CUST01671,59,Female,13,Retail,Current,85762.95,4,1,7643.78,5644.43,34,46,71,2,1,0,0,4,1,661,1,0,None
CUST01672,50,Male,16,SME,FD,499816.13,2,1,61307.92,27497.8,21,30,72,3,1,0,1,10,0,66,1,1,Full Withdrawal
CUST01673,64,Female,9,Retail,Current,74682.66,1,1,11654.65,10142.95,16,40,59,2,0,0,1,19,1,606,0,0,None
CUST01674,60,Male,24,Retail,Current,68982.03,1,1,8139.82,7475.24,8,24,41,2,0,0,1,0,1,239,4,1,Full Withdrawal
CUST01675,71,Female,4,Retail,Savings,37996.46,4,1,2670.49,2214.13,4,17,28,1,0,0,0,79,1,403,0,0,None
CUST01676,25,Male,24,HNI,Current,1205072.17,4,1,184738.76,146852.06,28,47,54,4,1,1,1,41,0,253,0,0,None
CUST01677,26,Female,16,Retail,Savings,85120.65,2,1,5016.86,4610.8,38,49,68,2,1,0,0,19,1,591,2,1,Partial Withdrawal
CUST01678,25,Male,23,Retail,Current,75692.39,1,1,12830.25,6674.18,30,43,67,3,0,1,1,-2,1,664,3,1,Account Closure
CUST01679,57,Female,11,HNI,Savings,1966827.63,3,1,203165.46,106836.21,27,32,39,3,1,0,1,58,1,691,3,0,None
CUST01680,66,Male,7,SME,Savings,178151.69,4,1,25731.11,17099.83,28,44,75,3,1,0,1,36,1,257,1,0,None
CUST01681,37,Male,17,SME,RD,339610.81,1,1,32314.66,13058.5,26,45,64,3,1,0,1,100,1,107,0,0,None
CUST01682,46,Male,22,Retail,Savings,45334.35,1,1,6666.5,6205.1,31,57,64,1,0,0,0,23,0,627,2,1,Partial Withdrawal
CUST01683,35,Female,13,Retail,Savings,90219.77,3,1,16444.35,6869.44,21,35,67,3,1,1,0,22,1,722,3,1,Partial Withdrawal
CUST01684,32,Male,4,SME,Savings,341346.37,1,1,51961.34,37820.66,8,33,38,2,0,0,1,87,1,187,0,0,None
CUST01685,50,Male,14,HNI,Savings,1332646.43,4,1,196465.98,116835.5,30,48,72,3,0,1,1,54,1,267,3,0,None
CUST01686,55,Female,10,Retail,Current,96795.7,3,1,15602.09,7124.4,35,37,52,3,0,1,1,40,1,156,0,0,None
CUST01687,43,Male,10,Retail,Savings,99652.46,4,1,11961.68,4946.61,27,52,81,3,1,0,1,68,1,651,2,0,None
CUST01688,35,Female,10,Retail,Savings,62583.92,2,1,4709.24,2563.38,28,34,42,2,0,1,0,20,1,162,2,0,None
CUST01689,45,Male,12,SME,Savings,349290.4,1,1,59548.26,27313.37,10,28,51,1,0,0,0,45,1,697,1,0,None
CUST01690,60,Female,2,Retail,Savings,93700.27,4,1,13470.08,12354.5,23,51,83,3,0,1,1,65,1,361,0,0,None
CUST01691,47,Male,23,Retail,Savings,6902.32,4,1,622.67,332.89,13,34,48,2,0,1,0,60,0,257,0,0,None
CUST01692,64,Male,9,Retail,Savings,93349.05,2,1,7854.32,3548.37,7,26,51,2,1,0,0,34,1,143,0,0,None
CUST01693,57,Female,5,Retail,Savings,64599.78,1,1,7751.24,6381.79,7,17,57,3,1,1,0,22,1,70,0,0,None
CUST01694,60,Female,8,Retail,Savings,83703.36,4,1,6124.48,3845.19,28,39,59,2,1,0,0,95,1,67,0,0,None
CUST01695,37,Female,21,Retail,FD,56368.62,3,1,10175.56,8791.85,20,43,80,1,0,0,0,85,1,24,1,0,None
CUST01696,59,Male,14,Retail,FD,55401.87,4,1,9206.22,7927.82,7,35,84,1,0,0,0,40,0,563,0,0,None
CUST01697,53,Male,7,Retail,Savings,90264.23,4,1,8063.34,7626.38,18,44,61,4,1,1,1,-6,1,722,0,0,None
CUST01698,27,Male,7,Retail,Savings,53209.84,4,1,2548.99,2146.52,30,48,81,3,1,0,1,27,0,696,1,1,Full Withdrawal
CUST01699,55,Female,9,Retail,Current,49819.99,4,1,2406.25,1245.92,24,26,34,2,0,0,1,-6,1,300,0,0,None
CUST01700,29,Male,3,Retail,Current,62777.94,1,1,5495.53,3970.78,18,46,92,3,0,1,1,45,0,445,0,0,None
CUST01701,51,Male,14,Retail,RD,54264.15,4,1,3451.26,2379.43,22,27,58,2,0,1,0,70,1,321,1,0,None
CUST01702,48,Male,17,Retail,Savings,47397.26,2,1,8518.86,5788.6,11,30,42,2,1,0,0,60,1,124,0,0,None
CUST01703,28,Female,18,Retail,Current,22149.76,4,1,2377.23,1338.96,9,25,70,2,0,1,0,78,1,234,3,0,None
CUST01704,48,Male,12,Retail,FD,42753.05,3,1,4090.79,2109.12,15,31,43,3,1,0,1,14,1,259,0,0,None
CUST01705,46,Female,22,Retail,Savings,31794.34,3,1,2380.25,1890.61,32,34,63,3,0,1,1,56,0,618,2,1,Full Withdrawal
CUST01706,67,Male,14,HNI,Savings,1644120.39,4,1,287050.54,130886.13,19,42,72,3,1,0,1,41,1,196,3,1,Full Withdrawal
CUST01707,62,Female,13,Retail,Savings,61350.04,4,1,10232.86,4372.39,31,56,61,3,1,1,0,25,1,728,3,1,Account Closure
CUST01708,36,Male,14,SME,Savings,460928.65,2,1,46780.68,28521.43,19,21,68,3,0,1,1,81,1,204,0,1,Full Withdrawal
CUST01709,46,Female,9,Retail,Savings,27672.84,2,1,1856.77,1502.42,26,38,75,3,0,1,1,12,0,78,0,0,None
CUST01710,43,Female,19,SME,FD,354867.45,1,1,68247.44,59900.31,38,50,73,2,1,0,0,-3,1,472,1,1,Full Withdrawal
CUST01711,39,Male,2,SME,Savings,376734.77,1,1,34108.66,23776.12,26,53,77,3,0,1,1,20,0,615,0,0,None
CUST01712,33,Female,11,Retail,Savings,55214.22,3,1,9020.61,7775.43,31,58,80,3,1,1,0,52,1,545,2,1,Full Withdrawal
CUST01713,44,Male,17,Retail,FD,46999.63,4,1,5362.09,2219.42,31,38,68,2,1,0,0,10,0,625,4,1,Account Closure
CUST01714,66,Female,2,Retail,Savings,17311.57,4,1,2857.51,1858.68,37,39,82,3,0,1,1,98,0,21,0,0,None
CUST01715,60,Female,19,Retail,Savings,44393.06,2,1,5196.54,2459.85,12,27,40,2,0,0,1,88,1,655,1,0,None
CUST01716,46,Male,7,HNI,Savings,1079076.69,2,1,202963.07,146233.8,28,53,84,2,1,0,0,94,0,319,1,0,None
CUST01717,31,Male,18,SME,Savings,432931.9,1,1,72761.89,65961.82,17,24,34,3,0,1,1,94,1,559,2,0,None
CUST01718,51,Male,13,HNI,Savings,1946999.34,1,1,158965.19,64214.74,39,57,81,2,0,0,1,95,1,607,0,0,None
CUST01719,31,Male,5,Retail,FD,36566.14,3,1,3980.61,3055.2,33,43,85,2,0,0,1,39,1,705,1,1,Full Withdrawal
CUST01720,55,Male,18,SME,Savings,58751.35,2,1,3295.62,2754.45,30,48,53,1,0,0,0,18,1,491,4,1,Account Closure
CUST01721,67,Male,23,HNI,Current,966748.35,4,1,178418.64,144423.59,11,37,79,3,1,1,0,49,1,382,5,1,Full Withdrawal
CUST01722,34,Male,24,Retail,Savings,32207.63,2,1,1645.4,676.05,31,46,66,2,1,0,0,56,0,620,1,0,None
CUST01723,50,Female,24,Retail,RD,91777.25,2,1,3938.96,1952.29,12,32,40,4,1,1,1,33,1,356,0,0,None
CUST01724,59,Male,16,SME,Current,378630.59,2,1,45219.58,20435.62,16,25,32,3,1,1,0,78,1,482,2,1,Full Withdrawal
CUST01725,62,Male,15,Retail,RD,74341.2,1,1,10147.62,4535.98,24,49,75,2,0,0,1,-9,1,137,0,0,None
CUST01726,66,Female,8,SME,Savings,322865.4,4,1,24445.53,19595.57,24,48,61,1,0,0,0,97,0,287,3,0,None
CUST01727,30,Male,15,Retail,FD,19866.85,4,1,2608.28,1652.7,8,21,33,1,0,0,0,94,1,669,2,0,None
CUST01728,34,Male,1,SME,FD,388384.8,1,1,71187.01,56853.63,15,18,29,2,0,0,1,87,1,333,3,0,None
CUST01729,58,Male,17,Retail,FD,27783.22,1,1,3894.61,2330.59,10,14,30,2,1,0,0,4,1,138,0,0,None
CUST01730,35,Female,15,Retail,Savings,9686.55,4,1,1093.79,507.93,29,51,56,4,1,1,1,92,0,137,0,0,None
CUST01731,58,Female,14,Retail,Savings,93014.22,3,1,5870.0,4667.52,7,21,37,3,1,1,0,28,1,301,0,0,None
CUST01732,30,Male,14,SME,Savings,476302.12,2,1,31926.85,23764.16,23,29,49,4,1,1,1,29,1,241,4,1,Partial Withdrawal
CUST01733,29,Female,10,SME,Savings,284846.33,4,1,33468.52,15467.04,19,38,56,2,0,1,0,36,1,594,1,0,None
CUST01734,60,Male,2,Retail,FD,36633.65,1,1,4179.88,3797.0,39,41,75,2,1,0,0,65,0,379,0,0,None
CUST01735,61,Female,6,Retail,Current,93682.97,4,1,11577.55,6598.12,23,29,76,2,1,0,0,41,0,667,0,0,None
CUST01736,24,Female,17,SME,Current,296810.3,2,1,35991.95,27357.54,10,32,55,3,1,1,0,77,1,416,1,0,None
CUST01737,68,Female,5,Retail,Savings,36865.91,4,1,3487.69,1456.42,19,32,55,1,0,0,0,-5,0,264,1,1,Account Closure
CUST01738,61,Male,5,SME,Savings,129610.22,1,1,19614.97,12625.63,22,42,59,2,0,1,0,59,1,504,0,0,None
CUST01739,54,Male,15,Retail,Savings,78433.55,3,1,5800.46,5396.75,16,41,89,2,0,0,1,37,1,658,0,0,None
CUST01740,53,Male,15,Retail,Savings,16723.89,1,1,2949.64,2618.04,10,17,31,2,0,1,0,47,1,666,2,0,None
CUST01741,28,Female,20,Retail,FD,72398.92,3,1,5147.81,2685.82,3,6,39,3,0,1,1,90,1,80,0,0,None
CUST01742,40,Female,11,Retail,Savings,91088.76,2,1,9704.78,8574.38,15,18,50,3,1,0,1,79,1,725,0,0,None
CUST01743,55,Female,5,SME,Current,71488.03,1,1,5270.02,2957.48,22,43,60,3,0,1,1,-8,1,238,1,1,Full Withdrawal
CUST01744,35,Female,1,Retail,Current,84677.46,4,1,11766.14,10221.59,35,49,98,2,0,0,1,85,1,473,1,0,None
CUST01745,71,Male,11,Retail,FD,15982.33,1,1,1860.7,1490.56,8,23,42,2,0,0,1,35,0,316,0,0,None
CUST01746,68,Female,11,SME,Savings,236604.58,1,1,23634.49,14030.12,16,23,44,2,0,0,1,7,1,379,3,1,Full Withdrawal
CUST01747,67,Female,6,Retail,Current,37239.55,2,1,4320.58,3892.56,13,26,53,4,1,1,1,45,1,543,0,0,None
CUST01748,40,Female,23,Retail,Savings,49813.01,3,1,5349.84,3567.83,8,34,81,2,0,0,1,81,0,582,2,1,Partial Withdrawal
CUST01749,47,Female,8,HNI,Savings,1490265.18,3,1,263518.35,151452.36,6,20,34,1,0,0,0,22,1,399,0,0,None
CUST01750,38,Female,2,Retail,Current,29751.24,4,1,1781.58,986.69,24,49,89,2,0,0,1,6,1,463,0,0,None
CUST01751,49,Male,15,Retail,FD,75598.22,1,1,12618.03,11564.26,29,38,56,4,1,1,1,21,0,167,0,0,None
CUST01752,40,Female,23,HNI,Savings,749657.49,2,1,108589.94,88741.82,35,50,86,2,1,0,0,65,1,159,2,0,None
CUST01753,48,Male,22,Retail,Savings,43799.24,3,1,4192.96,2484.1,26,45,83,2,1,0,0,90,1,585,0,0,None
CUST01754,69,Female,9,Retail,Current,31082.92,4,1,5814.26,3138.49,3,31,66,3,1,1,0,74,0,288,0,0,None
CUST01755,40,Female,15,Retail,Savings,27670.33,3,1,1890.2,976.08,10,15,58,2,0,1,0,-9,0,678,0,0,None
CUST01756,54,Male,8,SME,Current,402888.55,4,1,36117.4,19303.7,35,42,78,2,0,0,1,15,1,170,1,0,None
CUST01757,28,Female,16,Retail,FD,9315.72,3,1,931.34,429.38,33,56,76,1,0,0,0,28,1,469,1,0,None
CUST01758,50,Male,14,Retail,Current,79945.38,4,1,11483.95,7655.25,13,42,72,3,1,0,1,52,0,53,0,0,None
CUST01759,64,Male,15,SME,Current,427525.17,3,1,81839.35,34584.47,20,47,68,1,0,0,0,6,1,675,1,0,None
CUST01760,26,Male,20,SME,Current,308628.36,3,1,41649.91,16923.74,39,46,72,4,1,1,1,89,1,335,0,0,None
CUST01761,51,Female,13,Retail,FD,25236.52,1,1,4467.09,3305.38,11,27,67,1,0,0,0,23,1,619,0,0,None
CUST01762,70,Female,9,Retail,Current,72393.57,4,1,13378.02,6002.23,11,36,75,3,1,0,1,8,0,604,2,1,Account Closure
CUST01763,64,Female,1,Retail,Savings,44955.46,4,1,5153.43,4457.02,36,61,88,2,0,0,1,51,1,352,1,0,None
CUST01764,29,Male,6,SME,Savings,262955.71,1,1,30394.91,13942.17,38,52,81,3,1,0,1,21,1,115,2,1,Partial Withdrawal
CUST01765,63,Female,8,Retail,RD,76485.26,1,1,6118.79,4273.78,33,41,50,1,0,0,0,39,1,218,0,0,None
CUST01766,33,Female,20,Retail,Savings,77407.79,3,1,10547.11,8137.38,8,22,32,1,0,0,0,75,0,714,0,0,None
CUST01767,63,Male,18,SME,Current,413576.26,3,1,24485.56,12880.27,11,33,63,3,1,1,0,34,1,361,0,0,None
CUST01768,34,Male,18,SME,FD,345012.79,3,1,48816.76,43375.9,39,46,88,2,0,0,1,92,1,151,0,0,None
CUST01769,47,Male,17,Retail,Current,77577.13,1,1,14186.03,9430.34,28,35,45,4,1,1,1,43,0,385,1,0,None
CUST01770,39,Female,21,SME,Savings,380514.77,3,1,61539.02,35288.04,33,48,71,1,0,0,0,71,1,592,1,0,None
CUST01771,63,Female,16,Retail,Savings,27715.35,1,1,3987.41,3571.21,8,12,59,2,1,0,0,77,0,443,0,0,None
CUST01772,70,Female,13,SME,Savings,310239.83,3,1,54026.6,47115.9,27,39,62,2,0,0,1,-10,1,725,0,1,Account Closure
CUST01773,41,Male,22,Retail,Savings,32815.03,1,1,5144.43,4065.62,23,37,72,3,1,1,0,94,0,175,0,0,None
CUST01774,37,Female,4,Retail,RD,25617.19,4,1,3195.64,1788.81,13,17,58,3,1,1,0,55,1,721,1,0,None
CUST01775,58,Male,4,SME,FD,255881.18,2,1,31568.14,19402.2,25,38,65,3,1,0,1,29,1,20,0,0,None
CUST01776,24,Male,21,Retail,FD,7441.9,3,1,425.09,331.3,30,54,70,2,0,0,1,13,0,273,2,1,Account Closure
CUST01777,48,Female,14,Retail,Savings,43134.05,3,1,4723.45,2370.73,33,56,73,2,0,0,1,93,0,473,2,0,None
CUST01778,36,Male,5,SME,Savings,151595.12,1,1,18735.93,12596.39,17,39,65,2,0,0,1,41,1,25,1,0,None
CUST01779,55,Female,16,SME,Savings,273672.45,4,1,31523.43,25399.92,27,55,62,4,1,1,1,-9,1,324,0,0,None
CUST01780,66,Male,14,Retail,Savings,12842.56,4,1,2108.26,1605.95,7,30,46,1,0,0,0,50,1,92,0,0,None
CUST01781,43,Female,14,SME,Current,67956.47,3,1,4468.4,3556.68,2,25,66,2,1,0,0,16,1,449,3,1,Partial Withdrawal
CUST01782,61,Male,14,Retail,Current,49840.88,1,1,8332.59,7420.63,14,35,70,2,0,1,0,55,1,125,3,1,Account Closure
CUST01783,44,Female,24,Retail,Savings,76309.6,1,1,12107.74,11291.17,39,68,85,2,0,0,1,76,1,78,2,0,None
CUST01784,70,Male,14,Retail,Current,98774.37,2,1,18187.48,11860.25,7,35,62,2,0,1,0,22,1,534,3,1,Account Closure
CUST01785,25,Male,19,Retail,RD,16355.73,4,1,1631.53,706.44,39,45,62,2,1,0,0,23,1,206,3,1,Full Withdrawal
CUST01786,62,Female,3,HNI,Savings,1718733.13,2,1,117298.28,100746.63,13,27,37,2,1,0,0,51,0,325,1,0,None
CUST01787,44,Male,17,Retail,Current,69833.14,4,1,11269.71,5239.08,10,34,41,2,0,1,0,21,1,399,0,0,None
CUST01788,68,Female,14,Retail,Savings,27544.64,3,1,3695.08,1924.01,21,49,60,2,0,0,1,-8,1,372,0,0,None
CUST01789,30,Female,10,Retail,Current,7864.01,3,1,1211.05,919.48,28,40,54,3,1,1,0,44,0,575,0,0,None
CUST01790,45,Male,13,HNI,Savings,1087941.31,1,1,217020.87,175820.41,4,22,57,2,0,1,0,16,1,236,1,0,None
CUST01791,42,Male,22,Retail,Current,46194.56,1,1,3285.65,2569.56,25,54,62,3,0,1,1,65,1,175,0,0,None
CUST01792,62,Female,4,Retail,Savings,45924.54,1,1,4857.36,3114.4,16,27,75,3,1,0,1,-3,1,418,0,1,Account Closure
CUST01793,67,Female,11,Retail,Savings,97368.95,4,1,6896.79,6241.16,35,48,58,3,1,1,0,9,0,605,0,0,None
CUST01794,37,Female,15,Retail,FD,49265.25,1,1,8754.42,7508.74,33,40,62,2,0,0,1,41,0,86,2,0,None
CUST01795,46,Male,15,Retail,Savings,69416.43,3,1,2965.26,2268.5,22,28,39,2,0,1,0,6,1,528,0,1,Full Withdrawal
CUST01796,47,Female,24,SME,Savings,429734.56,2,1,26486.99,17020.32,2,25,63,3,0,1,1,98,0,71,3,0,None
CUST01797,70,Male,2,HNI,Current,462267.13,3,1,36823.85,24123.46,34,36,63,2,0,0,1,22,1,193,0,0,None
CUST01798,66,Female,11,Retail,Savings,15017.85,3,1,2454.09,1219.15,12,33,45,3,0,1,1,44,1,307,1,0,None
CUST01799,30,Female,2,SME,FD,296759.94,3,1,41710.4,34571.15,4,29,57,2,0,1,0,64,1,7,1,0,None
CUST01800,36,Male,23,HNI,Current,1288588.64,2,1,131665.38,115375.72,23,44,76,2,1,0,0,62,1,264,2,0,None
CUST01801,60,Male,5,SME,Savings,456575.02,3,1,29856.38,25527.35,11,27,76,2,1,0,0,87,1,257,1,0,None
CUST01802,54,Male,13,Retail,Savings,25313.72,4,1,2315.13,1622.68,39,56,63,3,1,0,1,97,1,672,0,0,None
CUST01803,22,Male,1,Retail,FD,5236.42,4,1,832.31,716.51,25,36,53,3,0,1,1,96,0,89,0,0,None
CUST01804,26,Female,7,Retail,Savings,11836.69,2,1,1196.83,999.02,8,33,76,2,1,0,0,60,1,124,2,1,Full Withdrawal
CUST01805,30,Male,7,Retail,FD,65343.69,4,1,7450.18,6390.75,37,65,102,3,1,0,1,5,1,375,0,1,Full Withdrawal
CUST01806,65,Male,10,SME,Savings,191729.05,1,1,26339.77,24761.05,2,11,31,2,0,1,0,80,0,504,5,1,Full Withdrawal
CUST01807,27,Male,6,HNI,FD,773844.73,4,1,143983.1,121737.71,2,5,20,1,0,0,0,68,0,728,0,0,None
CUST01808,49,Female,20,HNI,RD,1093230.05,3,1,87476.82,48014.23,27,50,83,3,0,1,1,53,1,197,0,0,None
CUST01809,66,Female,12,Retail,Current,78425.46,4,1,8758.51,7457.65,18,26,55,2,0,1,0,77,1,559,0,0,None
CUST01810,47,Male,13,Retail,Savings,51763.57,1,1,4640.68,2815.03,12,36,57,2,0,1,0,90,1,293,0,0,None
CUST01811,49,Male,24,HNI,Current,1284427.31,1,1,147182.41,100658.89,4,6,47,2,0,0,1,29,0,640,0,0,None
CUST01812,61,Female,11,SME,Current,480640.48,1,1,72785.24,60995.47,11,32,42,2,0,0,1,47,1,472,0,0,None
CUST01813,36,Female,18,Retail,Current,77351.5,3,1,9060.2,5202.32,3,27,45,2,1,0,0,72,0,319,0,0,None
CUST01814,27,Male,2,HNI,Savings,1365880.28,1,1,237015.49,98206.36,33,40,63,1,0,0,0,12,0,235,2,0,None
CUST01815,48,Male,16,SME,Current,373235.08,3,1,47968.66,38134.1,17,31,72,1,0,0,0,92,1,507,1,0,None
CUST01816,59,Male,2,Retail,Savings,68225.06,1,1,6940.02,6219.62,27,40,87,2,0,1,0,84,0,105,0,0,None
CUST01817,25,Male,19,Retail,Savings,52516.65,3,1,8674.25,7896.51,11,31,47,3,1,0,1,83,1,712,1,0,None
CUST01818,32,Female,6,Retail,Current,54560.8,3,1,5947.77,4992.56,37,64,87,3,0,1,1,-4,1,251,1,1,Full Withdrawal
CUST01819,42,Female,1,Retail,Savings,52465.38,3,1,6426.4,5875.84,31,58,83,4,1,1,1,48,0,642,1,0,None
CUST01820,51,Male,11,Retail,FD,52197.66,4,1,10395.02,8849.91,10,28,61,3,1,0,1,98,1,96,0,0,None
CUST01821,39,Female,18,SME,FD,89254.29,1,1,14800.96,6165.41,6,12,44,2,0,0,1,48,1,727,1,0,None
CUST01822,56,Male,10,Retail,RD,45584.81,3,1,8060.43,4774.28,8,36,57,1,0,0,0,-8,1,32,0,1,Full Withdrawal
CUST01823,24,Female,18,Retail,Current,5274.87,1,1,711.35,416.04,37,62,68,3,0,1,1,91,0,579,0,0,None
CUST01824,33,Female,1,Retail,Current,63146.0,4,1,6044.0,3146.15,2,18,28,3,1,1,0,19,1,466,0,0,None
CUST01825,48,Male,19,Retail,Savings,95502.94,2,1,18967.18,15910.91,28,43,72,2,1,0,0,-1,1,483,0,0,None
CUST01826,51,Male,16,HNI,Current,899085.61,1,1,71066.62,48755.21,13,17,40,4,1,1,1,87,1,604,3,0,None
CUST01827,42,Female,7,Retail,Savings,82538.37,1,1,14828.08,12751.54,17,23,33,2,0,0,1,2,0,468,0,1,Account Closure
CUST01828,59,Male,15,Retail,Savings,48271.57,4,1,8969.25,6554.21,9,35,40,4,1,1,1,28,0,641,2,0,None
CUST01829,42,Male,1,SME,FD,349709.37,3,1,59733.43,43296.89,26,41,79,4,1,1,1,66,0,426,2,0,None
CUST01830,59,Male,23,Retail,Savings,89633.0,1,1,5221.43,3191.76,14,23,48,2,0,0,1,53,0,648,1,0,None
CUST01831,61,Female,21,Retail,Savings,78246.29,2,1,13822.84,11532.14,11,23,48,3,0,1,1,14,1,273,2,1,Partial Withdrawal
CUST01832,36,Male,9,Retail,FD,89034.47,4,1,13017.24,10097.48,34,60,108,3,1,0,1,30,1,688,0,0,None
CUST01833,39,Female,2,Retail,Savings,5904.4,3,1,879.35,515.57,36,52,83,2,0,1,0,87,1,470,0,0,None
CUST01834,50,Male,17,Retail,Savings,22794.92,1,1,3780.42,3578.04,38,52,79,2,1,0,0,29,1,375,2,0,None
CUST01835,69,Female,24,Retail,Savings,45231.97,1,1,5359.35,3507.88,29,35,75,2,1,0,0,51,0,144,3,0,None
CUST01836,59,Female,10,Retail,FD,85544.97,4,1,7078.43,4063.9,17,31,71,3,0,1,1,29,1,660,1,1,Partial Withdrawal
CUST01837,42,Female,6,HNI,Current,623651.3,3,1,82315.2,64064.78,9,13,49,3,1,1,0,93,0,161,1,0,None
CUST01838,38,Male,5,Retail,Current,22588.33,3,1,1296.3,677.37,34,48,91,2,0,0,1,23,1,601,0,1,Account Closure
CUST01839,62,Female,8,Retail,Savings,18513.03,4,1,2739.35,2347.22,36,48,97,1,0,0,0,68,1,174,1,0,None
CUST01840,39,Female,8,Retail,Current,84296.73,1,1,9885.52,7653.37,39,49,70,3,1,0,1,-8,1,248,1,1,Account Closure
CUST01841,58,Male,5,Retail,Current,56436.26,1,1,6793.4,5968.25,13,18,36,3,1,0,1,41,1,676,0,0,None
CUST01842,59,Male,12,SME,Savings,229495.22,3,1,16003.05,9297.42,16,34,60,1,0,0,0,35,1,200,2,0,None
CUST01843,33,Male,7,Retail,Savings,81874.58,3,1,3815.79,3319.49,18,34,55,3,1,1,0,75,0,606,0,0,None
CUST01844,32,Male,13,HNI,Current,1630461.37,2,1,224682.74,151775.92,28,56,89,2,0,0,1,87,0,720,4,1,Partial Withdrawal
CUST01845,69,Female,13,Retail,Current,17966.06,2,1,2612.5,1130.0,22,41,83,3,1,1,0,58,1,552,4,1,Partial Withdrawal
CUST01846,70,Male,17,Retail,Current,86609.2,2,1,10369.43,5255.16,22,39,69,2,1,0,0,30,0,250,2,1,Partial Withdrawal
CUST01847,41,Male,4,Retail,Savings,15618.54,3,1,2538.28,1319.16,18,43,78,2,0,0,1,75,0,719,0,0,None
CUST01848,30,Female,18,HNI,Current,1707328.84,3,1,222284.99,182806.07,28,31,69,2,1,0,0,49,1,27,0,0,None
CUST01849,22,Male,10,Retail,Current,31322.14,3,1,5503.66,2816.33,13,20,51,3,1,0,1,18,0,242,0,0,None
CUST01850,24,Male,3,Retail,Current,35100.64,1,1,3022.13,2142.85,37,50,71,1,0,0,0,-3,1,429,0,0,None
CUST01851,42,Male,12,Retail,Current,27907.86,4,1,2201.86,1670.99,29,35,62,4,1,1,1,87,1,74,1,0,None
CUST01852,44,Female,1,SME,FD,237781.64,3,1,19446.56,16055.5,26,52,90,3,1,0,1,-7,1,408,4,1,Account Closure
CUST01853,30,Female,11,Retail,FD,97468.64,1,1,4374.68,3635.95,10,35,57,3,1,0,1,14,1,31,0,0,None
CUST01854,40,Female,18,SME,Current,233523.9,3,1,42991.72,34164.75,38,56,81,3,0,1,1,39,1,102,4,0,None
CUST01855,66,Male,13,Retail,FD,79275.96,4,1,15844.87,8195.78,24,44,68,3,0,1,1,12,1,275,0,0,None
CUST01856,67,Female,17,Retail,Savings,9203.01,3,1,1570.43,1097.59,12,25,61,3,1,1,0,14,1,255,0,0,None
CUST01857,40,Male,8,Retail,FD,16295.75,1,1,1727.6,966.75,2,8,24,3,0,1,1,87,0,321,2,0,None
CUST01858,44,Male,20,Retail,Current,53936.15,3,1,5211.82,4306.55,17,46,54,1,0,0,0,97,1,386,2,0,None
CUST01859,48,Male,19,Retail,Savings,99962.84,3,1,16388.83,13298.73,14,39,52,1,0,0,0,59,1,551,0,0,None
CUST01860,48,Female,17,Retail,Savings,95189.74,3,1,11574.24,6091.59,21,29,44,3,0,1,1,87,0,653,4,1,Account Closure
CUST01861,60,Male,2,SME,Savings,201343.35,2,1,38318.31,28843.67,17,20,54,3,0,1,1,10,1,225,1,1,Full Withdrawal
CUST01862,57,Male,3,Retail,Savings,27770.26,3,1,2353.05,1016.84,17,30,79,3,1,1,0,97,0,345,0,0,None
CUST01863,33,Male,3,Retail,Savings,94850.23,1,1,8708.28,7164.32,36,60,90,3,0,1,1,83,1,72,0,0,None
CUST01864,48,Male,6,Retail,Savings,19318.77,1,1,3860.12,3200.47,33,39,75,3,0,1,1,45,0,268,2,1,Account Closure
CUST01865,67,Female,10,Retail,FD,75564.95,1,1,14849.11,8773.69,24,47,79,1,0,0,0,-8,1,723,0,1,Account Closure
CUST01866,55,Male,24,Retail,Savings,5105.26,3,1,927.27,782.1,26,35,79,2,1,0,0,68,1,469,0,0,None
CUST01867,54,Female,22,Retail,Savings,65012.65,4,1,6809.46,5938.28,29,35,76,3,1,0,1,10,1,300,1,0,None
CUST01868,49,Male,18,Retail,FD,51987.04,1,1,9046.68,4564.34,3,20,66,3,1,0,1,72,1,572,0,0,None
CUST01869,52,Female,18,SME,Savings,162243.52,2,1,13846.33,8210.77,4,14,59,2,0,0,1,72,1,203,1,0,None
CUST01870,53,Female,14,HNI,FD,303865.15,4,1,24540.38,13340.01,32,34,54,1,0,0,0,38,1,435,0,0,None
CUST01871,71,Male,16,Retail,Current,12669.76,1,1,1614.51,978.23,34,40,52,2,0,0,1,35,1,601,2,1,Full Withdrawal
CUST01872,41,Male,7,Retail,Savings,40846.55,3,1,7256.07,4685.95,34,36,43,3,0,1,1,87,0,641,0,0,None
CUST01873,61,Female,1,Retail,Savings,47373.66,2,1,2633.77,1792.24,36,54,61,2,0,0,1,67,1,227,5,1,Account Closure
CUST01874,56,Female,17,Retail,Savings,16773.02,1,1,2188.02,917.45,37,39,53,1,0,0,0,57,1,481,0,0,None
CUST01875,52,Male,23,Retail,Savings,13138.32,2,1,1807.28,777.75,27,43,59,3,1,0,1,20,1,105,0,0,None
CUST01876,52,Male,5,Retail,Savings,22063.36,4,1,2929.3,2227.38,13,19,38,2,0,0,1,35,0,603,1,0,None
CUST01877,59,Female,1,SME,Savings,229445.42,1,1,17199.13,11067.77,12,22,53,2,1,0,0,64,1,661,1,0,None
CUST01878,43,Female,21,SME,Savings,483291.34,3,1,24290.54,10915.09,7,26,41,4,1,1,1,33,0,718,0,0,None
CUST01879,66,Male,17,Retail,Current,50183.3,2,1,9193.52,5630.35,26,33,43,3,0,1,1,34,1,63,1,0,None
CUST01880,62,Male,10,Retail,Savings,53477.46,1,1,7054.85,4666.94,35,57,73,2,0,0,1,64,0,105,0,0,None
CUST01881,30,Male,12,Retail,FD,72164.83,4,1,11753.1,8809.82,36,49,71,2,0,0,1,38,1,575,0,0,None
CUST01882,30,Female,20,SME,Savings,122277.78,4,1,12021.12,5590.8,22,37,66,2,1,0,0,-7,0,541,0,1,Account Closure
CUST01883,36,Male,2,Retail,FD,52763.85,1,1,2469.37,2338.84,19,27,65,2,1,0,0,69,0,273,0,0,None
CUST01884,34,Female,23,Retail,Savings,37284.65,4,1,3039.83,2009.6,9,17,47,3,1,1,0,46,1,698,5,1,Account Closure
CUST01885,43,Male,16,SME,FD,485849.71,2,1,25137.14,19467.08,35,55,83,1,0,0,0,45,0,113,1,0,None
CUST01886,37,Male,15,Retail,Savings,10482.52,2,1,550.53,495.21,15,22,42,2,1,0,0,27,1,388,1,1,Account Closure
CUST01887,53,Female,13,SME,Current,496570.55,2,1,36901.89,15406.64,20,24,64,3,0,1,1,-5,0,236,2,1,Account Closure
CUST01888,23,Female,18,Retail,Savings,78092.48,2,1,11040.13,8067.55,21,38,78,3,1,0,1,71,1,574,4,1,Account Closure
CUST01889,47,Female,20,Retail,Current,64217.61,4,1,10971.15,7649.04,5,22,47,1,0,0,0,78,1,366,0,0,None
CUST01890,35,Male,22,Retail,Savings,42627.77,1,1,7307.13,3153.57,39,58,92,1,0,0,0,13,0,462,0,0,None
CUST01891,59,Female,14,SME,Current,361995.38,4,1,68793.98,53739.47,33,39,63,2,1,0,0,41,1,462,1,0,None
CUST01892,55,Female,18,SME,Savings,374126.98,4,1,54256.29,28290.87,27,48,94,4,1,1,1,28,1,368,1,0,None
CUST01893,29,Male,2,SME,Savings,264313.58,1,1,11412.47,8970.6,29,34,57,2,0,1,0,100,0,441,0,0,None
CUST01894,57,Male,2,Retail,Savings,33364.41,1,1,3349.27,2007.71,13,30,45,1,0,0,0,62,1,585,3,1,Full Withdrawal
CUST01895,42,Male,3,SME,Savings,273221.67,3,1,15801.41,13013.56,11,16,34,1,0,0,0,26,1,261,1,0,None
CUST01896,67,Male,5,Retail,Current,65316.27,2,1,10737.63,9856.81,36,61,101,1,0,0,0,87,1,402,0,0,None
CUST01897,64,Female,16,Retail,RD,5135.14,1,1,303.74,265.25,34,48,68,2,0,0,1,23,1,425,0,0,None
CUST01898,49,Male,22,SME,Savings,132024.01,4,1,7518.45,5002.89,15,30,37,3,0,1,1,29,1,393,3,0,None
CUST01899,67,Female,15,Retail,Current,37294.82,2,1,1660.12,869.74,24,42,68,3,0,1,1,29,0,108,0,0,None
CUST01900,65,Male,12,Retail,Current,72101.88,2,1,13907.04,13153.74,19,23,70,3,1,0,1,26,0,452,2,1,Account Closure
CUST01901,69,Female,9,Retail,Current,71543.07,4,1,11855.66,9042.6,13,39,48,3,0,1,1,81,0,451,4,1,Account Closure
CUST01902,27,Male,14,Retail,Savings,49094.71,1,1,4582.0,2830.64,37,41,47,3,1,0,1,39,1,21,0,0,None
CUST01903,41,Male,21,Retail,Savings,95343.04,2,1,9556.26,6353.37,26,44,60,4,1,1,1,0,1,39,0,0,None
CUST01904,52,Male,16,Retail,FD,87861.77,2,1,4349.91,2046.33,38,52,101,3,1,0,1,67,1,632,0,0,None
CUST01905,54,Male,11,Retail,Savings,87290.02,2,1,5697.13,3862.14,23,45,51,2,0,1,0,48,1,229,0,0,None
CUST01906,65,Female,6,SME,Current,249797.99,2,1,22439.91,11113.15,7,28,69,3,0,1,1,15,1,344,1,0,None
CUST01907,28,Male,10,SME,Current,296824.55,2,1,30293.58,18211.29,17,28,51,3,1,0,1,49,1,193,0,0,None
CUST01908,29,Female,8,Retail,Savings,44801.38,4,1,6236.18,4181.18,24,49,77,3,1,0,1,-3,1,656,3,1,Full Withdrawal
CUST01909,30,Male,16,Retail,Savings,46825.35,1,1,4497.72,4143.7,10,38,47,3,1,1,0,17,1,156,0,0,None
CUST01910,23,Male,3,Retail,Current,89475.03,1,1,17245.07,12823.11,36,49,79,4,1,1,1,73,1,606,4,1,Full Withdrawal
CUST01911,38,Male,2,Retail,Savings,28666.47,2,1,2718.93,1643.7,30,58,90,2,0,1,0,49,1,211,4,1,Full Withdrawal
CUST01912,66,Female,16,Retail,Savings,81208.53,2,1,15482.83,7156.15,15,25,64,2,0,0,1,78,1,87,2,0,None
CUST01913,58,Female,19,Retail,Savings,53833.8,2,1,8439.93,6844.39,6,33,56,2,1,0,0,-1,1,674,0,0,None
CUST01914,63,Male,9,Retail,RD,28663.0,4,1,5273.52,3463.48,22,44,79,2,0,0,1,52,1,613,0,0,None
CUST01915,65,Male,16,Retail,Savings,55092.91,4,1,8401.95,3675.73,7,9,32,3,1,0,1,50,1,407,4,1,Partial Withdrawal
CUST01916,38,Male,22,Retail,Current,23566.95,3,1,3086.64,2349.8,2,7,54,3,0,1,1,64,0,252,1,0,None
CUST01917,59,Female,4,Retail,Savings,15277.03,2,1,1855.44,1099.46,32,52,100,3,1,0,1,15,1,656,0,1,Account Closure
CUST01918,56,Female,10,HNI,Savings,778403.56,3,1,67420.73,41945.15,29,36,59,4,1,1,1,12,1,297,2,0,None
CUST01919,68,Male,19,SME,FD,80520.52,3,1,7062.28,6083.23,4,20,44,3,1,1,0,52,1,96,0,0,None
CUST01920,60,Female,13,Retail,FD,24473.0,3,1,1852.92,881.1,39,58,104,2,1,0,0,8,1,208,3,1,Full Withdrawal
CUST01921,51,Male,18,SME,Savings,345380.38,1,1,35120.53,20622.99,24,30,51,3,1,0,1,7,0,547,0,0,None
CUST01922,27,Female,15,Retail,Current,7317.85,3,1,441.38,264.84,5,14,30,1,0,0,0,39,0,195,1,1,Partial Withdrawal
CUST01923,25,Male,4,SME,Savings,321841.79,2,1,32833.27,13193.43,7,19,58,2,0,0,1,8,1,660,1,1,Full Withdrawal
CUST01924,58,Female,9,SME,FD,397560.62,4,1,68936.61,59625.4,13,19,49,2,1,0,0,92,1,322,1,0,None
CUST01925,56,Male,4,Retail,Savings,18518.27,2,1,3319.34,2852.71,13,35,47,3,1,1,0,93,1,77,0,0,None
CUST01926,30,Female,16,Retail,FD,22107.54,4,1,3158.13,2412.84,8,17,61,2,0,1,0,4,1,134,1,1,Full Withdrawal
CUST01927,27,Female,21,Retail,Current,81981.81,1,1,6647.87,5945.97,29,41,70,2,0,0,1,5,1,78,1,0,None
CUST01928,34,Female,15,Retail,Savings,99338.77,1,1,7793.71,4287.22,27,49,78,3,1,0,1,9,1,562,1,0,None
CUST01929,43,Female,24,Retail,FD,87395.43,2,1,7382.17,3848.67,8,29,78,3,1,0,1,8,1,599,0,0,None
CUST01930,49,Female,2,Retail,RD,65337.63,1,1,7840.93,3431.87,4,15,41,3,1,1,0,64,1,492,0,0,None
CUST01931,51,Male,14,Retail,Savings,73677.73,4,1,14457.86,10490.73,14,24,41,1,0,0,0,60,1,576,1,1,Account Closure
CUST01932,57,Male,3,SME,FD,254485.77,1,1,14625.17,9842.67,12,15,61,3,1,1,0,8,1,549,0,0,None
CUST01933,23,Male,22,HNI,FD,1441412.56,3,1,173087.61,146383.3,24,42,61,2,0,0,1,77,1,602,4,1,Partial Withdrawal
CUST01934,57,Female,23,Retail,FD,70756.05,3,1,10553.91,7015.27,2,7,34,2,0,1,0,20,1,245,2,1,Full Withdrawal
CUST01935,29,Male,4,Retail,RD,97446.09,1,1,7728.03,3955.05,35,62,94,3,0,1,1,41,1,685,0,1,Account Closure
CUST01936,66,Female,1,Retail,Current,7744.93,2,1,1510.71,1276.97,32,45,62,4,1,1,1,37,0,287,1,0,None
CUST01937,63,Female,23,Retail,Current,34838.07,3,1,3339.0,2172.02,34,54,90,2,0,0,1,-3,1,72,0,0,None
CUST01938,71,Male,9,HNI,FD,1656628.62,4,1,313395.86,290112.62,37,63,78,3,1,1,0,39,1,699,0,0,None
CUST01939,30,Male,17,Retail,Current,44353.83,2,1,6013.35,4173.02,37,57,105,2,1,0,0,50,1,375,1,0,None
CUST01940,22,Male,14,Retail,Current,64554.75,1,1,2624.33,1218.23,15,35,53,2,0,1,0,77,1,181,5,1,Full Withdrawal
CUST01941,34,Male,17,Retail,Savings,53806.55,2,1,4830.64,4193.3,38,65,104,3,1,1,0,-3,1,378,0,1,Full Withdrawal
CUST01942,71,Male,1,Retail,FD,6779.26,2,1,294.54,260.12,33,41,88,3,1,1,0,2,0,479,1,1,Full Withdrawal
CUST01943,36,Male,10,SME,Current,210690.27,2,1,21287.33,13730.06,29,43,82,3,1,1,0,63,1,159,4,1,Full Withdrawal
CUST01944,53,Female,23,SME,Current,376750.59,2,1,71283.26,29532.38,2,31,75,3,1,1,0,8,0,675,5,1,Full Withdrawal
CUST01945,55,Female,16,Retail,Savings,52958.35,1,1,8719.21,3630.22,8,11,38,3,1,0,1,39,1,421,0,0,None
CUST01946,64,Male,19,Retail,Savings,87845.88,1,1,12230.0,7254.01,17,45,89,2,1,0,0,12,1,249,0,0,None
CUST01947,52,Male,24,Retail,Savings,42866.59,3,1,5408.41,4293.89,33,42,59,3,0,1,1,46,1,62,0,0,None
CUST01948,35,Male,3,HNI,Current,1809937.57,3,1,180293.51,104944.98,25,32,42,2,0,1,0,95,1,167,1,0,None
CUST01949,68,Female,12,SME,Savings,177324.58,4,1,13094.77,5293.58,15,44,77,3,1,1,0,86,0,510,0,0,None
CUST01950,35,Female,3,Retail,FD,17888.9,4,1,894.52,775.29,16,28,74,2,1,0,0,19,1,217,1,1,Partial Withdrawal
CUST01951,69,Male,15,Retail,Current,28771.88,3,1,2026.22,1890.06,2,31,50,4,1,1,1,83,1,449,0,0,None
CUST01952,50,Male,17,SME,RD,277210.14,3,1,26679.59,15754.38,29,39,48,2,1,0,0,18,0,447,0,1,Partial Withdrawal
CUST01953,68,Female,18,Retail,Savings,69282.29,2,1,8535.48,3757.24,20,29,66,2,1,0,0,90,0,247,0,0,None
CUST01954,40,Female,7,HNI,RD,1586998.93,3,1,115382.16,64645.91,8,29,73,2,1,0,0,50,1,669,1,0,None
CUST01955,48,Male,19,Retail,Savings,88990.37,4,1,17432.55,14633.81,19,44,50,3,0,1,1,24,1,93,0,0,None
CUST01956,30,Female,7,Retail,Current,33458.95,3,1,1749.77,1221.76,14,35,72,3,1,1,0,-2,1,458,1,1,Full Withdrawal
CUST01957,58,Male,5,Retail,Current,18008.67,2,1,993.48,607.21,19,47,76,1,0,0,0,61,1,8,0,0,None
CUST01958,58,Male,8,Retail,Savings,21042.21,4,1,3139.84,1833.12,5,21,52,2,0,0,1,14,1,360,1,1,Full Withdrawal
CUST01959,64,Female,21,Retail,Savings,93785.09,1,1,15081.57,6989.81,5,27,56,2,0,1,0,95,1,350,0,0,None
CUST01960,49,Female,16,SME,Savings,348469.64,3,1,68157.96,39990.49,28,56,65,4,1,1,1,53,0,414,3,1,Partial Withdrawal
CUST01961,45,Male,16,Retail,FD,43296.98,1,1,5406.54,3560.53,17,44,91,2,1,0,0,99,1,425,2,0,None
CUST01962,49,Female,19,Retail,Savings,11545.58,4,1,768.35,591.8,15,27,71,2,1,0,0,26,1,710,2,0,None
CUST01963,57,Male,15,Retail,RD,74665.5,3,1,14191.57,7722.24,15,31,39,2,0,1,0,27,0,655,0,1,Partial Withdrawal
CUST01964,39,Female,7,Retail,Savings,70991.99,1,1,13973.89,12486.49,8,32,50,2,1,0,0,-3,1,728,5,1,Full Withdrawal
CUST01965,46,Male,5,Retail,RD,40695.35,3,1,7641.05,5093.83,15,38,59,2,0,0,1,79,1,333,1,0,None
CUST01966,56,Female,23,Retail,Savings,70717.54,1,1,12691.32,7904.65,7,13,58,3,1,1,0,64,1,649,4,0,None
CUST01967,25,Female,11,SME,Savings,402954.58,1,1,21119.6,15347.08,39,56,87,1,0,0,0,29,1,532,2,1,Account Closure
CUST01968,35,Male,10,Retail,Savings,11950.01,4,1,2112.52,1039.77,28,31,71,3,1,1,0,12,1,420,2,1,Full Withdrawal
CUST01969,60,Female,21,Retail,FD,75119.44,3,1,14461.72,6632.46,12,28,66,2,0,1,0,85,1,628,1,0,None
CUST01970,47,Female,23,Retail,Current,96694.12,1,1,12412.65,7330.88,32,38,52,3,1,1,0,34,1,13,0,0,None
CUST01971,29,Female,9,SME,Savings,232076.22,3,1,37970.93,16022.34,4,20,46,1,0,0,0,-10,0,530,4,1,Account Closure
CUST01972,45,Male,1,HNI,Savings,1087696.86,3,1,158524.53,96330.72,2,29,74,1,0,0,0,38,0,8,0,0,None
CUST01973,37,Female,20,SME,Savings,187952.55,2,1,16180.7,12448.09,17,41,67,1,0,0,0,-2,0,426,4,1,Account Closure
CUST01974,41,Female,1,Retail,Current,93252.87,4,1,12496.18,10580.11,28,40,72,4,1,1,1,29,1,60,3,0,None
CUST01975,36,Male,8,Retail,Savings,33812.58,3,1,6164.02,4431.13,4,11,35,1,0,0,0,17,0,314,2,1,Account Closure
CUST01976,28,Female,3,Retail,FD,77978.26,3,1,9312.29,7265.74,9,16,22,1,0,0,0,86,1,627,0,0,None
CUST01977,38,Male,2,Retail,Current,66076.92,3,1,8882.27,7622.95,17,23,50,3,0,1,1,85,0,664,1,0,None
CUST01978,43,Male,4,Retail,FD,61297.17,4,1,7664.24,6324.7,3,29,67,2,0,0,1,-3,1,556,0,1,Full Withdrawal
CUST01979,43,Male,19,Retail,Current,22202.11,4,1,1891.28,1089.36,30,32,52,2,1,0,0,26,1,104,3,1,Account Closure
CUST01980,33,Female,11,Retail,Savings,8269.05,3,1,1182.36,845.84,17,38,70,3,1,1,0,71,0,447,1,0,None
CUST01981,39,Female,5,Retail,RD,51424.33,4,1,6248.84,3409.8,30,38,56,2,1,0,0,60,1,435,1,0,None
CUST01982,67,Male,24,SME,Savings,280398.03,2,1,21648.79,15521.83,32,49,54,3,0,1,1,7,1,212,3,1,Full Withdrawal
CUST01983,68,Female,10,Retail,Savings,23597.19,4,1,4324.43,2742.99,12,30,75,3,0,1,1,65,0,227,0,0,None
CUST01984,36,Male,24,Retail,FD,56002.85,2,1,10752.96,6505.97,33,62,81,2,0,0,1,57,1,510,0,0,None
CUST01985,58,Male,23,SME,Savings,326535.19,2,1,15954.39,7992.51,25,53,72,2,0,0,1,66,0,136,0,0,None
CUST01986,37,Male,8,Retail,Savings,50949.38,2,1,7111.3,5041.66,20,36,65,1,0,0,0,64,1,472,0,0,None
CUST01987,26,Female,13,SME,Savings,248913.65,1,1,26486.23,21218.75,33,54,101,2,0,0,1,69,1,424,0,0,None
CUST01988,23,Female,5,Retail,Savings,67816.61,4,1,8419.61,6013.32,11,34,43,3,1,0,1,33,0,417,1,1,Full Withdrawal
CUST01989,49,Female,12,Retail,Savings,82416.02,3,1,8226.17,3603.68,33,44,56,2,0,0,1,67,0,78,0,0,None
CUST01990,62,Female,13,SME,Savings,197092.47,2,1,22842.5,20749.67,24,33,59,1,0,0,0,5,0,405,5,1,Full Withdrawal
CUST01991,48,Male,22,SME,Savings,88708.99,3,1,8139.0,3280.18,34,58,101,3,1,0,1,41,0,289,0,0,None
CUST01992,52,Male,8,SME,FD,219062.85,2,1,12884.52,11425.76,31,60,102,3,0,1,1,42,0,55,0,0,None
CUST01993,62,Male,15,Retail,Current,67878.36,3,1,5995.37,4924.24,31,41,84,3,1,0,1,75,1,313,3,1,Account Closure
CUST01994,57,Male,13,Retail,Current,15118.8,1,1,2226.29,1008.75,8,32,79,3,0,1,1,7,1,326,0,1,Full Withdrawal
CUST01995,68,Male,1,Retail,Current,51785.53,2,1,2488.87,1319.38,17,37,55,3,0,1,1,29,1,142,0,0,None
CUST01996,64,Female,22,Retail,FD,6530.11,1,1,661.09,391.32,2,13,36,3,1,0,1,50,1,220,1,0,None
CUST01997,22,Male,6,HNI,FD,607808.82,1,1,28425.92,25602.25,31,52,82,3,1,1,0,14,0,537,0,0,None
CUST01998,71,Female,11,Retail,FD,10176.0,4,1,987.1,926.85,35,39,81,3,1,0,1,24,0,640,0,0,None
CUST01999,50,Male,13,HNI,FD,1837994.26,3,1,99284.54,44473.77,35,61,98,1,0,0,0,60,1,279,1,0,None
CUST02000,22,Male,21,Retail,Savings,68916.49,2,1,6501.75,4020.11,39,51,67,3,1,0,1,73,1,683,0,0,None
CUST02001,29,Female,20,Retail,Current,80228.25,1,1,13967.26,6733.69,32,44,77,3,1,0,1,16,1,184,0,0,None
CUST02002,37,Male,1,Retail,Current,49429.55,3,1,6828.46,3777.1,9,18,34,2,0,1,0,82,1,145,1,0,None
CUST02003,49,Female,11,SME,Current,84837.8,4,1,12655.01,11890.5,21,32,65,3,0,1,1,-1,0,159,0,1,Full Withdrawal
CUST02004,43,Female,11,SME,Current,79639.7,3,1,9605.19,9042.66,30,40,85,4,1,1,1,64,1,52,2,0,None
CUST02005,39,Male,8,SME,Savings,391645.84,3,1,73465.35,48463.32,32,43,88,2,1,0,0,9,1,135,0,0,None
CUST02006,43,Female,22,SME,Savings,326954.95,4,1,41387.72,20723.92,22,33,57,2,0,1,0,22,1,377,1,0,None
CUST02007,62,Male,3,SME,RD,371804.76,4,1,21076.52,14771.69,27,46,84,2,0,0,1,96,0,18,0,0,None
CUST02008,33,Male,19,SME,Current,358375.17,4,1,67839.16,39100.92,32,38,72,1,0,0,0,90,1,208,0,0,None
CUST02009,40,Female,12,Retail,Savings,99597.99,1,1,6104.37,5560.21,21,27,60,4,1,1,1,66,0,134,0,0,None
CUST02010,46,Male,6,Retail,Savings,39122.22,3,1,7819.25,6646.5,23,31,74,2,0,0,1,69,0,404,1,1,Partial Withdrawal
CUST02011,71,Female,23,Retail,Current,49730.11,4,1,5453.48,3107.73,27,48,92,3,1,1,0,0,1,637,1,1,Full Withdrawal
CUST02012,26,Female,8,HNI,Savings,1844457.11,3,1,95464.81,39147.25,18,39,45,3,1,0,1,58,1,343,0,0,None
CUST02013,55,Female,5,HNI,Savings,1308676.2,3,1,233279.83,221365.47,26,35,65,2,0,0,1,91,0,514,0,0,None
CUST02014,60,Male,10,Retail,Savings,24154.99,1,1,1325.17,1028.12,38,56,61,1,0,0,0,56,1,153,0,0,None
CUST02015,31,Male,22,SME,Savings,164827.37,3,1,11193.29,7098.23,28,35,67,3,1,1,0,48,0,427,3,1,Full Withdrawal
CUST02016,68,Female,16,HNI,Savings,465413.14,1,1,49694.73,27761.99,4,30,42,2,0,1,0,55,1,157,1,0,None
CUST02017,28,Male,12,Retail,Current,5522.34,4,1,818.35,329.33,25,39,74,3,1,0,1,42,1,9,4,1,Full Withdrawal
CUST02018,58,Male,17,Retail,Savings,72404.47,4,1,4299.55,2083.9,26,40,83,1,0,0,0,27,1,142,1,0,None
CUST02019,68,Male,6,HNI,Savings,1482162.58,3,1,206939.58,83444.09,11,25,48,4,1,1,1,-1,1,686,3,1,Full Withdrawal
CUST02020,36,Male,9,Retail,Current,55523.17,1,1,9153.65,6670.0,37,54,71,2,0,0,1,-5,1,336,2,1,Partial Withdrawal
CUST02021,63,Male,10,SME,FD,282633.45,1,1,16890.0,12918.13,19,22,42,2,0,0,1,74,0,301,0,0,None
CUST02022,45,Female,20,Retail,Savings,21934.04,2,1,3149.98,2588.46,18,24,51,3,1,0,1,84,1,192,1,0,None
CUST02023,47,Female,14,HNI,FD,349041.99,2,1,67511.75,33948.26,15,26,41,2,1,0,0,23,1,300,1,0,None
CUST02024,47,Male,14,HNI,RD,861953.39,4,1,167894.04,76019.73,20,31,59,3,0,1,1,38,1,521,0,0,None
CUST02025,67,Male,17,HNI,RD,1628818.97,4,1,107283.82,81294.58,19,45,59,3,1,1,0,21,1,348,0,0,None
CUST02026,47,Male,16,Retail,FD,24348.89,2,1,3933.63,2654.97,24,36,45,2,0,1,0,18,1,488,0,0,None
CUST02027,31,Female,4,SME,FD,142350.7,1,1,24977.02,22020.42,9,38,54,1,0,0,0,54,1,652,1,0,None
CUST02028,38,Male,2,SME,Savings,352721.05,3,1,64277.81,44563.57,17,38,78,3,1,0,1,22,1,379,1,1,Full Withdrawal
CUST02029,35,Female,16,Retail,Current,53036.33,3,1,4868.15,3138.26,26,52,82,3,0,1,1,91,1,214,0,0,None
CUST02030,23,Male,1,SME,Current,60265.53,1,1,5015.23,3352.26,33,58,90,3,1,1,0,6,1,680,0,0,None
CUST02031,69,Female,3,Retail,Savings,40705.09,4,1,1939.91,1610.66,20,30,50,3,1,1,0,87,0,380,0,0,None
CUST02032,34,Male,23,Retail,Current,88915.51,3,1,9239.7,3788.9,19,33,39,2,0,0,1,38,1,388,0,0,None
CUST02033,48,Female,11,Retail,Current,21076.68,1,1,1261.08,1141.3,33,47,77,4,1,1,1,5,0,298,0,0,None
CUST02034,30,Male,16,Retail,RD,37035.03,3,1,6140.45,4868.17,16,19,27,2,0,0,1,-4,0,673,1,1,Account Closure
CUST02035,28,Female,18,Retail,Savings,18809.88,1,1,1182.66,1048.91,22,49,82,2,1,0,0,89,0,724,1,0,None
CUST02036,69,Male,15,SME,Savings,344494.13,2,1,58917.06,54662.04,12,18,38,1,0,0,0,2,1,99,1,1,Partial Withdrawal
CUST02037,31,Female,9,Retail,Current,65634.44,2,1,3755.48,1969.01,30,57,83,2,1,0,0,73,1,367,5,1,Partial Withdrawal
CUST02038,30,Female,12,SME,Savings,410018.15,3,1,47930.5,34418.29,33,59,106,1,0,0,0,-7,1,130,0,1,Full Withdrawal
CUST02039,43,Male,18,Retail,Current,73415.3,3,1,7454.7,4974.7,7,13,23,2,0,0,1,52,1,584,0,0,None
CUST02040,44,Female,5,Retail,Savings,87426.98,3,1,11911.66,8286.83,20,33,65,2,0,0,1,58,1,398,0,0,None
CUST02041,28,Female,24,Retail,Current,78773.13,3,1,9689.37,4127.76,17,38,53,2,0,1,0,69,1,283,2,0,None
CUST02042,69,Male,8,SME,Current,235693.64,2,1,32002.54,28888.44,13,22,68,1,0,0,0,62,0,77,0,0,None
CUST02043,30,Male,3,Retail,Savings,35437.93,2,1,1422.98,1316.37,16,23,48,1,0,0,0,96,1,333,2,0,None
CUST02044,48,Male,2,Retail,Savings,41126.27,1,1,2484.05,1929.66,12,31,61,3,1,0,1,65,1,694,2,0,None
CUST02045,45,Female,19,SME,Savings,355297.38,3,1,43608.93,23638.34,11,20,63,1,0,0,0,67,0,541,0,0,None
CUST02046,50,Female,8,Retail,Savings,39317.44,2,1,3017.48,2513.45,38,67,93,4,1,1,1,4,1,216,1,1,Full Withdrawal
CUST02047,38,Male,2,Retail,Current,27614.34,4,1,1441.77,1156.25,25,47,81,2,0,0,1,-6,1,453,2,1,Full Withdrawal
CUST02048,41,Male,19,Retail,Current,99594.15,1,1,7452.85,5336.42,37,61,95,2,0,0,1,31,0,476,1,1,Full Withdrawal
CUST02049,28,Female,1,SME,Savings,257694.29,1,1,42462.23,20960.7,2,23,60,2,1,0,0,7,1,66,0,0,None
CUST02050,64,Female,22,Retail,Current,86701.62,1,1,10982.59,5608.24,18,44,88,3,1,0,1,61,1,469,0,0,None
CUST02051,61,Male,13,SME,Savings,276979.02,4,1,19502.73,14123.34,15,18,52,4,1,1,1,-3,1,614,0,0,None
CUST02052,28,Female,23,Retail,FD,68175.09,4,1,2901.3,1366.09,39,68,109,4,1,1,1,78,1,712,4,0,None
CUST02053,49,Male,20,HNI,Savings,1639400.68,4,1,159374.82,127206.81,26,37,71,2,0,0,1,57,1,588,0,0,None
CUST02054,40,Male,17,SME,FD,377604.88,2,1,36701.36,18972.04,38,64,94,1,0,0,0,15,1,458,0,1,Full Withdrawal
CUST02055,41,Female,3,HNI,Current,1031671.15,4,1,162612.04,146475.05,36,57,67,3,1,0,1,64,1,690,0,0,None
CUST02056,65,Male,9,Retail,Current,15756.89,1,1,2948.27,2638.26,23,30,38,3,0,1,1,59,1,711,2,0,None
CUST02057,60,Male,5,SME,FD,58755.7,3,1,5847.5,3283.27,8,14,33,3,0,1,1,22,1,425,1,0,None
CUST02058,61,Male,6,Retail,FD,17867.29,1,1,2681.9,1195.76,12,29,69,2,1,0,0,11,1,650,0,0,None
CUST02059,28,Female,4,Retail,RD,76440.4,1,1,10822.81,7968.6,11,15,22,3,1,1,0,82,0,628,4,0,None
CUST02060,27,Female,17,Retail,Current,89120.65,2,1,9583.4,6196.89,15,39,59,2,0,0,1,58,1,410,2,0,None
CUST02061,46,Male,21,SME,Savings,409899.6,1,1,20717.31,9924.42,36,41,61,2,1,0,0,-10,1,454,0,1,Partial Withdrawal
CUST02062,62,Male,21,HNI,FD,1339378.33,2,1,155038.83,107335.68,37,39,83,3,1,1,0,75,1,512,2,0,None
CUST02063,34,Male,21,SME,Savings,190563.05,2,1,18420.24,17425.52,7,22,53,3,1,1,0,24,0,359,2,1,Partial Withdrawal
CUST02064,60,Female,16,Retail,FD,66475.81,3,1,8510.97,3727.3,6,21,31,3,1,0,1,45,0,652,2,0,None
CUST02065,61,Male,16,Retail,Current,38269.29,1,1,2298.59,1253.06,8,33,58,2,0,0,1,84,1,442,0,0,None
CUST02066,43,Female,22,SME,RD,79087.79,3,1,12328.08,8583.28,16,36,53,2,0,1,0,56,1,455,0,0,None
CUST02067,70,Male,11,Retail,FD,17442.99,3,1,2896.24,2422.27,22,29,42,3,1,0,1,-8,0,82,1,1,Partial Withdrawal
CUST02068,38,Male,2,Retail,Savings,99082.54,1,1,10121.66,4153.11,19,32,77,1,0,0,0,60,1,709,0,0,None
CUST02069,69,Male,17,Retail,Current,6182.91,1,1,420.71,337.84,2,21,68,3,1,0,1,-10,1,31,1,1,Account Closure
CUST02070,43,Male,15,Retail,Savings,47910.83,4,1,6696.62,3193.86,5,15,27,3,1,0,1,31,0,399,0,0,None
CUST02071,55,Female,18,Retail,Savings,28922.12,4,1,5579.94,4781.3,12,33,65,1,0,0,0,47,1,534,0,0,None
CUST02072,29,Male,10,Retail,Savings,58797.12,2,1,8941.9,6980.91,11,35,84,2,0,0,1,77,1,709,1,0,None
CUST02073,70,Male,6,Retail,Savings,14172.33,1,1,846.9,551.4,20,46,69,3,1,0,1,90,1,272,1,0,None
CUST02074,66,Male,21,Retail,FD,88203.17,2,1,9133.9,7780.9,31,45,78,3,1,0,1,83,0,161,3,1,Full Withdrawal
CUST02075,39,Male,16,HNI,RD,1574567.97,3,1,293592.39,235806.59,21,49,84,3,1,1,0,85,1,297,1,0,None
CUST02076,45,Male,5,Retail,Current,60801.99,3,1,8603.94,7034.16,28,48,85,1,0,0,0,85,1,388,2,0,None
CUST02077,63,Male,12,Retail,Savings,8167.95,4,1,519.03,290.42,13,27,37,2,0,0,1,74,1,348,0,0,None
CUST02078,23,Male,6,SME,FD,362074.1,2,1,56459.93,41818.76,15,35,83,1,0,0,0,53,1,203,2,0,None
CUST02079,23,Female,14,Retail,FD,19223.68,1,1,1856.3,886.58,35,55,63,3,1,0,1,69,1,425,0,0,None
CUST02080,48,Male,23,HNI,FD,1881082.73,1,1,222580.06,189521.0,39,61,81,2,0,0,1,-7,1,115,4,1,Full Withdrawal
CUST02081,35,Male,16,SME,Current,423740.01,4,1,45089.09,31098.31,3,14,21,3,1,1,0,6,1,536,2,1,Full Withdrawal
CUST02082,69,Female,7,Retail,FD,38477.56,4,1,6006.79,5127.91,33,40,69,2,1,0,0,66,1,556,0,0,None
CUST02083,60,Male,2,Retail,Savings,33763.73,2,1,2527.72,1304.65,19,23,44,2,0,0,1,88,0,68,2,0,None
CUST02084,33,Male,6,SME,RD,273046.66,4,1,27888.76,13154.79,22,49,75,2,1,0,0,29,1,652,1,0,None
CUST02085,53,Male,9,HNI,RD,1302992.0,4,1,207341.62,161505.19,12,29,51,1,0,0,0,23,1,183,1,0,None
CUST02086,49,Male,7,Retail,FD,82008.69,4,1,12528.08,5413.62,31,41,77,3,0,1,1,45,1,260,5,1,Full Withdrawal
CUST02087,49,Female,2,Retail,Savings,49319.76,3,1,3564.79,1904.28,20,38,60,2,1,0,0,0,1,59,1,0,None
CUST02088,67,Male,19,Retail,FD,48013.39,2,1,4614.39,4151.99,31,55,85,4,1,1,1,89,0,114,0,0,None
CUST02089,46,Female,8,HNI,Current,1980880.81,1,1,83787.78,39633.03,36,64,93,2,0,1,0,78,1,265,2,0,None
CUST02090,25,Male,11,Retail,Current,51554.44,1,1,6435.42,3903.44,5,15,47,3,1,1,0,29,1,686,0,0,None
CUST02091,47,Male,4,HNI,FD,1545277.15,2,1,131272.26,120779.75,22,28,72,2,0,1,0,83,1,133,3,1,Full Withdrawal
CUST02092,57,Female,16,Retail,Savings,28287.96,4,1,1185.22,487.13,6,26,53,3,0,1,1,2,1,623,0,0,None
CUST02093,71,Male,18,Retail,Savings,21023.36,4,1,2269.53,1463.67,37,53,65,2,1,0,0,13,1,511,0,0,None
CUST02094,24,Female,13,Retail,FD,74191.88,1,1,13970.27,11630.98,28,39,56,1,0,0,0,89,0,379,2,0,None
CUST02095,22,Male,5,Retail,FD,18494.08,3,1,3472.16,3124.73,8,13,61,3,1,0,1,23,1,53,4,1,Account Closure
CUST02096,38,Female,2,Retail,FD,20958.29,2,1,2086.11,1678.42,32,57,71,3,1,1,0,-3,1,124,0,0,None
CUST02097,28,Male,11,Retail,Savings,59821.78,4,1,6692.17,5946.77,21,34,79,2,1,0,0,71,1,61,0,0,None
CUST02098,69,Female,1,Retail,FD,26477.36,3,1,2087.18,874.32,26,41,48,3,0,1,1,-4,1,389,2,0,None
CUST02099,26,Male,13,SME,Savings,264345.43,3,1,13462.91,6124.71,39,55,69,2,0,0,1,51,1,458,2,0,None
CUST02100,40,Female,5,Retail,FD,57527.15,4,1,8688.23,7000.54,26,46,65,2,0,0,1,35,1,385,1,0,None
CUST02101,60,Male,18,Retail,Savings,31070.83,2,1,5220.16,4250.94,18,24,52,2,1,0,0,75,0,419,0,0,None
CUST02102,67,Female,14,HNI,FD,1822274.82,2,1,329497.8,241488.71,38,51,65,2,0,1,0,60,1,668,0,0,None
CUST02103,55,Male,13,SME,Current,487874.76,1,1,92523.48,74171.64,16,20,45,3,1,1,0,2,1,450,0,0,None
CUST02104,56,Female,7,HNI,RD,1135205.83,1,1,211777.35,184654.86,11,27,69,4,1,1,1,-9,1,581,0,0,None
CUST02105,70,Male,8,HNI,Current,486638.56,2,1,21597.68,15118.71,35,51,94,1,0,0,0,97,1,161,0,0,None
CUST02106,37,Male,18,Retail,Current,39457.63,4,1,7753.23,7140.95,8,21,67,2,0,0,1,-9,0,335,2,1,Full Withdrawal
CUST02107,61,Male,7,Retail,Savings,67066.39,2,1,6754.95,5281.23,26,42,74,1,0,0,0,18,1,321,0,1,Account Closure
CUST02108,71,Male,20,SME,FD,341746.35,1,1,62121.7,40974.86,29,36,81,3,1,0,1,80,1,372,0,0,None
CUST02109,68,Male,17,SME,Current,397503.56,1,1,43932.74,27758.24,28,57,63,3,1,0,1,93,1,605,0,0,None
CUST02110,60,Female,16,Retail,Savings,72632.25,1,1,7811.63,6347.67,38,56,101,2,0,0,1,71,0,521,0,0,None
CUST02111,48,Female,11,SME,Current,138751.83,2,1,5798.51,4330.08,39,63,71,2,0,0,1,47,1,703,1,0,None
CUST02112,62,Male,19,Retail,FD,34375.62,2,1,1663.46,1413.27,29,45,92,2,0,0,1,-9,1,419,0,1,Account Closure
CUST02113,59,Female,1,Retail,Savings,87672.18,4,1,12923.29,10720.42,35,51,58,2,0,0,1,48,1,317,4,1,Full Withdrawal
CUST02114,71,Male,21,Retail,Savings,56257.27,1,1,10690.15,7358.15,30,42,78,2,0,1,0,42,1,656,0,0,None
CUST02115,71,Male,8,Retail,Current,14901.29,3,1,1131.07,1040.74,9,32,70,2,0,0,1,57,1,328,3,1,Partial Withdrawal
CUST02116,46,Female,1,Retail,FD,31233.0,3,1,1718.66,1353.17,14,27,47,4,1,1,1,50,0,535,1,0,None
CUST02117,47,Female,9,Retail,Savings,31921.68,4,1,2369.14,1209.36,38,61,69,4,1,1,1,38,1,446,1,0,None
CUST02118,35,Female,19,SME,RD,459504.64,4,1,33990.1,25158.38,4,24,46,4,1,1,1,35,1,495,0,0,None
CUST02119,35,Male,21,Retail,RD,57573.12,1,1,5003.2,2556.62,15,17,49,4,1,1,1,61,1,428,4,1,Account Closure
CUST02120,35,Female,9,Retail,Savings,62790.74,2,1,3463.47,2449.94,33,50,96,3,0,1,1,89,0,187,0,0,None
CUST02121,46,Male,21,SME,Savings,408679.34,2,1,31747.96,26492.53,24,36,46,2,0,0,1,48,1,721,1,0,None
CUST02122,57,Male,10,HNI,FD,1614887.55,3,1,302636.34,256296.04,24,26,73,3,1,0,1,37,0,603,3,1,Full Withdrawal
CUST02123,25,Male,24,SME,RD,295900.97,1,1,53982.72,40916.41,14,38,84,4,1,1,1,-2,1,319,2,0,None
CUST02124,68,Female,23,SME,FD,318107.36,3,1,28823.29,23946.92,22,27,32,1,0,0,0,7,1,267,0,0,None
CUST02125,36,Female,11,SME,Savings,350540.49,3,1,69933.86,46137.44,32,39,59,3,1,0,1,39,0,599,2,1,Full Withdrawal
CUST02126,53,Female,1,Retail,Savings,14904.94,1,1,1307.71,919.14,8,13,54,3,1,1,0,75,1,196,1,0,None
CUST02127,39,Male,20,Retail,Current,29913.14,4,1,4651.28,4110.73,37,62,75,3,1,0,1,98,1,337,0,0,None
CUST02128,35,Male,8,Retail,Current,75494.4,3,1,10798.83,7248.11,20,49,70,3,1,0,1,64,1,520,0,0,None
CUST02129,22,Male,20,Retail,Savings,11936.74,4,1,600.76,356.26,23,49,89,3,0,1,1,16,1,499,0,0,None
CUST02130,63,Male,12,Retail,Current,47581.46,2,1,4509.18,3780.25,25,28,66,2,1,0,0,21,1,90,1,1,Partial Withdrawal
CUST02131,41,Male,1,SME,Savings,72344.65,3,1,13907.53,5949.09,25,43,78,2,1,0,0,55,1,509,1,0,None
CUST02132,31,Female,10,Retail,Current,30452.86,1,1,1465.96,1359.09,22,24,62,3,1,0,1,55,1,177,1,0,None
CUST02133,31,Male,4,Retail,Savings,33678.05,4,1,2289.48,1344.01,14,28,69,1,0,0,0,83,1,520,0,0,None
CUST02134,45,Male,15,Retail,Savings,88999.69,2,1,17386.21,12975.14,7,20,58,3,1,1,0,11,1,115,4,1,Full Withdrawal
CUST02135,55,Male,19,SME,FD,126213.63,2,1,5852.13,4547.11,29,58,107,3,1,0,1,75,0,34,0,0,None
CUST02136,49,Male,6,Retail,Savings,80782.65,3,1,9003.81,4280.35,33,57,98,4,1,1,1,13,0,544,1,0,None
CUST02137,48,Male,5,SME,Current,132882.66,2,1,24840.58,21178.41,14,17,22,2,0,1,0,80,1,100,0,0,None
CUST02138,61,Female,5,Retail,Savings,99694.05,1,1,19040.43,13607.47,35,55,74,2,1,0,0,64,1,82,0,0,None
CUST02139,22,Female,18,Retail,Savings,18385.16,3,1,3616.2,2098.7,33,46,81,3,0,1,1,2,1,606,0,0,None
CUST02140,54,Female,3,Retail,Savings,96384.02,2,1,11278.03,9787.95,15,20,38,3,1,1,0,80,1,383,0,0,None
CUST02141,25,Male,22,SME,Savings,423724.08,1,1,22811.95,16967.4,33,59,107,2,0,0,1,4,0,705,0,0,None
CUST02142,28,Male,2,Retail,Savings,57429.99,4,1,9397.41,7820.32,6,33,71,2,1,0,0,38,1,508,0,0,None
CUST02143,30,Male,4,SME,FD,404378.26,4,1,62046.73,58681.96,36,55,60,2,0,0,1,6,1,249,0,0,None
CUST02144,37,Female,18,Retail,Savings,78629.55,3,1,10437.14,4922.7,5,32,71,3,1,0,1,28,1,319,0,0,None
CUST02145,26,Female,9,Retail,Savings,34144.3,1,1,6218.28,5050.97,15,18,33,3,1,0,1,62,0,565,3,0,None
CUST02146,55,Male,19,SME,FD,471868.0,2,1,87697.24,71624.01,19,21,42,2,1,0,0,76,0,611,1,0,None
CUST02147,44,Male,10,SME,Savings,309376.51,3,1,46195.82,40702.18,12,37,46,2,0,1,0,-7,1,67,0,0,None
CUST02148,64,Male,22,SME,FD,312189.15,3,1,18086.99,11294.17,20,34,55,3,1,0,1,46,1,158,4,1,Full Withdrawal
CUST02149,71,Female,15,SME,Savings,436959.46,2,1,24156.88,21217.19,3,28,50,3,1,0,1,4,0,571,1,0,None
CUST02150,46,Female,1,SME,Savings,207237.0,1,1,21838.79,16421.37,35,41,70,4,1,1,1,32,1,409,1,0,None
CUST02151,34,Female,11,SME,Current,72537.06,2,1,6298.54,2757.66,4,24,63,3,0,1,1,20,1,161,3,1,Partial Withdrawal
CUST02152,45,Male,14,SME,RD,387434.93,4,1,23740.97,9907.92,30,32,52,3,1,0,1,-5,1,528,2,1,Full Withdrawal
CUST02153,32,Male,10,SME,Savings,164565.13,3,1,22675.52,15075.07,24,27,54,1,0,0,0,79,1,561,1,0,None
CUST02154,38,Male,19,SME,Savings,263406.12,4,1,39343.59,32742.04,2,17,61,2,1,0,0,48,1,259,0,0,None
CUST02155,58,Male,24,Retail,Savings,16784.89,3,1,2545.85,1556.35,7,17,42,2,0,0,1,54,1,495,0,0,None
CUST02156,34,Male,21,SME,Savings,422190.88,2,1,28727.71,24950.24,18,27,60,3,0,1,1,75,0,270,2,0,None
CUST02157,48,Female,16,Retail,RD,79355.79,1,1,7057.51,4733.24,20,47,87,1,0,0,0,19,1,235,0,1,Full Withdrawal
CUST02158,41,Female,8,SME,Savings,74760.4,2,1,5371.42,2226.23,3,15,29,3,0,1,1,47,1,237,0,0,None
CUST02159,54,Male,2,SME,FD,155017.23,4,1,21115.44,19753.83,16,21,45,4,1,1,1,75,1,197,1,0,None
CUST02160,63,Female,23,Retail,Savings,11229.77,1,1,1468.1,982.58,24,28,39,4,1,1,1,86,1,373,3,0,None
CUST02161,53,Male,7,SME,FD,352941.58,1,1,42540.1,32227.31,20,26,60,2,0,0,1,45,1,29,5,1,Full Withdrawal
CUST02162,29,Male,19,Retail,Current,36771.15,3,1,3212.66,1637.2,34,59,92,4,1,1,1,58,1,149,0,0,None
CUST02163,50,Male,7,Retail,FD,66345.49,1,1,5170.2,2913.57,7,22,27,3,1,0,1,25,1,408,4,1,Full Withdrawal
CUST02164,61,Male,15,SME,Savings,120685.59,3,1,22020.93,14673.79,20,31,56,1,0,0,0,35,1,241,0,0,None
CUST02165,40,Male,8,Retail,FD,16921.64,1,1,809.14,704.68,31,38,49,3,0,1,1,63,1,284,1,0,None
CUST02166,27,Male,14,SME,Current,186452.73,1,1,27040.07,12332.3,23,34,82,2,0,0,1,-10,1,185,0,1,Partial Withdrawal
CUST02167,65,Male,1,SME,Current,325035.91,3,1,14019.55,11624.83,4,16,24,1,0,0,0,1,1,379,1,0,None
CUST02168,60,Female,13,Retail,FD,35760.55,1,1,2539.5,1824.99,6,27,70,2,0,0,1,56,1,697,1,1,Partial Withdrawal
CUST02169,69,Male,3,Retail,Current,50615.84,2,1,4369.03,2948.29,31,40,59,2,0,1,0,-1,1,465,0,1,Account Closure
CUST02170,62,Male,21,Retail,FD,88669.21,1,1,16123.41,14222.84,4,9,47,1,0,0,0,-10,1,246,0,0,None
CUST02171,42,Male,6,Retail,Savings,97497.88,4,1,6048.53,2812.36,29,51,57,2,0,0,1,8,1,106,0,0,None
CUST02172,43,Female,19,HNI,Current,600669.61,3,1,114156.69,107868.34,2,21,62,1,0,0,0,71,1,22,1,1,Full Withdrawal
CUST02173,63,Male,15,Retail,FD,75208.0,3,1,12820.93,11154.83,23,50,57,2,0,1,0,98,0,274,4,0,None
CUST02174,31,Female,4,Retail,Savings,63432.71,2,1,9429.11,5460.92,18,39,47,2,0,1,0,84,1,313,1,0,None
CUST02175,31,Male,21,Retail,Current,99478.65,4,1,10532.74,6829.08,29,56,103,2,0,0,1,44,1,586,1,0,None
CUST02176,50,Male,3,Retail,RD,13543.48,1,1,2503.39,1035.78,31,46,86,3,0,1,1,38,1,498,0,0,None
CUST02177,37,Female,4,SME,Current,68053.81,2,1,8470.85,5846.43,9,36,67,2,1,0,0,44,1,545,1,1,Full Withdrawal
CUST02178,22,Male,5,Retail,Savings,93723.18,1,1,9315.45,6532.42,28,32,40,3,1,0,1,75,1,125,2,1,Account Closure
CUST02179,38,Male,18,SME,Savings,204510.36,2,1,27343.0,24871.65,26,39,79,1,0,0,0,57,1,695,0,0,None
CUST02180,51,Male,10,Retail,FD,58254.41,3,1,4495.07,2757.09,14,30,53,3,0,1,1,30,0,329,0,0,None
CUST02181,47,Female,8,HNI,RD,1620190.18,4,1,135545.93,96758.09,35,64,102,3,0,1,1,44,1,18,1,0,None
CUST02182,67,Male,12,Retail,RD,65790.86,3,1,12308.83,9937.41,8,33,53,2,1,0,0,63,1,120,0,0,None
CUST02183,40,Male,22,Retail,Current,34076.84,2,1,5691.8,4181.67,23,32,81,2,0,0,1,63,1,709,0,0,None
CUST02184,42,Female,3,HNI,Current,509185.33,1,1,62202.14,30223.75,34,49,93,2,0,1,0,68,0,398,0,0,None
CUST02185,38,Male,18,Retail,Savings,47343.87,4,1,5049.26,2496.85,39,63,89,4,1,1,1,58,1,352,2,0,None
CUST02186,67,Female,23,HNI,Savings,511207.11,1,1,86501.96,41182.43,32,39,75,1,0,0,0,32,1,295,1,0,None
CUST02187,61,Female,8,SME,Savings,389961.72,3,1,51202.68,26612.64,34,60,66,2,0,0,1,98,1,164,0,0,None
CUST02188,42,Male,1,Retail,Savings,5694.75,1,1,605.95,351.8,23,38,59,2,1,0,0,70,1,655,0,0,None
CUST02189,62,Male,14,Retail,FD,33222.49,2,1,4068.82,3282.79,28,33,60,2,1,0,0,71,0,315,0,0,None
CUST02190,61,Male,22,SME,FD,485319.23,4,1,37482.89,16249.18,28,49,97,3,1,1,0,46,1,417,1,0,None
CUST02191,66,Female,23,Retail,Current,21435.7,4,1,1550.13,1319.54,22,29,45,2,1,0,0,37,0,464,2,0,None
CUST02192,70,Female,13,Retail,RD,81530.53,4,1,16163.8,8798.83,36,53,70,3,0,1,1,39,0,307,0,0,None
CUST02193,40,Female,12,Retail,RD,56075.52,2,1,10942.28,8068.65,11,29,43,2,0,1,0,58,0,643,0,0,None
CUST02194,28,Female,3,Retail,Current,80418.66,1,1,8631.52,6076.79,29,32,40,2,0,1,0,-3,1,90,0,0,None
CUST02195,38,Female,18,Retail,Current,17169.83,4,1,2102.31,1019.02,38,57,68,4,1,1,1,45,1,632,0,0,None
CUST02196,22,Male,21,SME,Savings,409657.14,3,1,70604.84,39398.45,34,48,54,3,1,1,0,99,1,101,1,0,None
CUST02197,58,Male,13,HNI,Current,1574155.98,3,1,245778.81,138313.63,9,36,55,1,0,0,0,80,1,674,0,0,None
CUST02198,27,Female,15,HNI,Savings,1530012.79,3,1,85570.37,63587.91,38,59,99,2,0,0,1,78,1,620,2,0,None
CUST02199,47,Male,10,SME,Savings,164630.25,3,1,16452.78,13716.28,34,51,64,1,0,0,0,15,0,270,2,1,Full Withdrawal
CUST02200,23,Male,1,Retail,RD,66449.0,3,1,5317.53,5040.8,20,42,70,1,0,0,0,98,0,353,1,0,None
CUST02201,53,Female,6,SME,Savings,334709.78,2,1,66547.28,30128.85,31,45,55,3,1,0,1,12,1,496,4,1,Full Withdrawal
CUST02202,69,Male,9,Retail,Savings,15684.46,1,1,2506.26,2296.4,15,30,41,3,1,1,0,30,1,102,3,1,Account Closure
CUST02203,26,Female,10,Retail,Current,93042.08,2,1,4432.75,3142.11,15,34,54,3,1,0,1,76,1,389,0,0,None
CUST02204,58,Female,15,Retail,Current,50510.33,3,1,9294.21,5541.42,37,46,67,3,1,0,1,82,1,243,2,0,None
CUST02205,52,Male,9,Retail,Savings,77619.56,3,1,14629.22,8141.4,8,14,48,2,1,0,0,86,1,367,1,0,None
CUST02206,33,Female,23,SME,Savings,333387.12,4,1,31112.7,16022.18,35,60,72,3,0,1,1,48,1,348,0,0,None
CUST02207,56,Male,14,SME,RD,250270.51,4,1,35717.72,25230.68,33,43,50,3,1,1,0,7,1,33,0,0,None
CUST02208,51,Male,11,Retail,Savings,15570.83,1,1,2322.02,2136.98,34,50,79,1,0,0,0,60,1,81,0,0,None
CUST02209,69,Male,7,Retail,FD,31079.28,1,1,4870.98,2436.39,15,43,76,2,0,0,1,85,1,85,3,1,Full Withdrawal
CUST02210,27,Male,24,HNI,Current,1126325.36,1,1,170031.39,108801.71,26,36,61,1,0,0,0,94,0,163,0,0,None
CUST02211,36,Male,2,Retail,Savings,67506.22,2,1,8745.76,4478.85,29,50,60,2,1,0,0,60,1,711,0,0,None
CUST02212,36,Male,14,Retail,Savings,81264.32,4,1,15652.73,7773.09,31,42,69,2,0,1,0,-3,1,520,1,1,Full Withdrawal
CUST02213,37,Male,6,Retail,FD,96058.37,1,1,11717.19,10272.55,32,51,66,2,1,0,0,47,0,371,2,1,Partial Withdrawal
CUST02214,41,Male,5,SME,FD,56373.44,4,1,3255.35,1771.17,25,40,50,2,1,0,0,74,1,492,1,0,None
CUST02215,34,Female,5,SME,Savings,231538.09,4,1,12240.97,6565.87,5,33,64,2,0,0,1,95,1,444,0,0,None
CUST02216,65,Female,19,Retail,Savings,93156.74,4,1,4000.17,3601.7,15,34,65,3,1,1,0,6,1,554,0,0,None
CUST02217,63,Male,19,Retail,Savings,58632.6,4,1,6359.75,3894.22,10,27,44,2,0,0,1,40,1,479,1,0,None
CUST02218,67,Male,6,SME,FD,147128.86,4,1,12317.3,4985.97,37,66,79,1,0,0,0,22,0,120,2,1,Account Closure
CUST02219,52,Male,10,SME,Savings,197338.98,4,1,36159.41,28806.47,7,13,25,1,0,0,0,19,1,645,0,0,None
CUST02220,55,Male,23,Retail,Savings,82370.73,2,1,14723.25,10075.95,25,36,85,2,0,0,1,55,1,5,0,0,None
CUST02221,50,Female,14,HNI,Savings,855642.65,3,1,148928.71,122981.2,27,48,79,3,0,1,1,49,0,216,0,0,None
CUST02222,24,Female,17,Retail,Current,83482.3,4,1,14923.67,10650.46,35,42,78,3,1,0,1,35,1,246,1,1,Account Closure
CUST02223,30,Male,3,Retail,FD,99257.73,2,1,8696.66,5158.83,2,12,45,2,1,0,0,89,1,638,0,0,None
CUST02224,32,Male,1,HNI,Current,1474775.73,1,1,159539.48,69656.59,24,48,85,3,0,1,1,11,1,717,3,0,None
CUST02225,32,Male,10,Retail,Savings,55237.29,2,1,4964.62,4350.32,18,35,44,4,1,1,1,21,1,726,2,1,Account Closure
CUST02226,46,Female,3,Retail,Savings,39690.0,2,1,2134.25,1096.78,37,66,108,1,0,0,0,14,1,602,0,0,None
CUST02227,43,Male,5,Retail,Savings,23496.16,2,1,4413.69,4123.45,38,50,63,2,0,0,1,-3,1,65,3,1,Full Withdrawal
CUST02228,63,Female,19,Retail,Savings,67382.49,4,1,9335.72,4996.57,21,42,59,4,1,1,1,86,1,83,2,0,None
CUST02229,67,Female,10,HNI,FD,1612359.33,1,1,98689.91,84367.0,27,51,88,2,0,0,1,52,1,386,4,0,None
CUST02230,30,Male,16,Retail,Savings,95847.32,2,1,6993.92,5831.61,12,31,65,3,0,1,1,18,1,313,0,0,None
CUST02231,41,Female,1,SME,Savings,86436.16,1,1,9691.26,6343.04,21,27,56,1,0,0,0,70,1,178,2,0,None
CUST02232,42,Female,6,Retail,Current,96139.46,2,1,4643.83,2883.53,2,31,41,1,0,0,0,29,1,692,0,1,Partial Withdrawal
CUST02233,31,Female,9,Retail,FD,30866.08,4,1,2577.89,2028.27,14,42,85,2,0,1,0,34,1,651,1,0,None
CUST02234,43,Male,5,Retail,Current,94919.0,2,1,14480.03,10001.41,37,47,61,2,1,0,0,-9,0,30,0,0,None
CUST02235,50,Male,14,SME,FD,270612.55,2,1,50676.27,37884.41,39,51,91,3,1,0,1,38,0,686,1,0,None
CUST02236,30,Female,10,Retail,Current,81975.08,1,1,15460.26,10182.41,14,24,47,4,1,1,1,92,0,727,0,0,None
CUST02237,26,Female,2,SME,FD,267132.38,1,1,32911.95,23250.15,15,20,35,3,1,0,1,20,1,378,1,0,None
CUST02238,61,Female,5,Retail,Current,52510.49,1,1,4723.05,2380.57,13,22,43,3,0,1,1,57,1,60,0,0,None
CUST02239,32,Female,1,HNI,Savings,466473.26,3,1,87379.45,37614.06,35,41,47,2,0,0,1,95,0,396,0,0,None
CUST02240,22,Female,10,Retail,Savings,42321.17,1,1,7019.46,4181.9,28,32,43,2,0,0,1,79,0,603,1,0,None
CUST02241,63,Female,22,SME,RD,492211.59,2,1,65925.79,43262.09,13,36,81,3,1,0,1,-2,1,6,0,0,None
CUST02242,22,Male,9,SME,RD,287118.19,3,1,49823.18,44756.97,39,44,79,1,0,0,0,84,1,5,0,0,None
CUST02243,60,Male,3,SME,FD,430334.01,1,1,48805.41,30633.53,37,54,89,2,0,1,0,-1,1,166,0,0,None
CUST02244,67,Female,15,SME,FD,88324.6,4,1,5118.51,3268.96,2,16,37,4,1,1,1,40,1,439,5,0,None
CUST02245,26,Female,4,SME,Savings,289019.58,1,1,54947.85,42373.43,27,31,50,3,1,0,1,59,1,64,2,0,None
CUST02246,70,Female,13,Retail,Current,92378.15,4,1,11588.02,5953.14,22,27,38,1,0,0,0,33,0,134,0,0,None
CUST02247,43,Male,6,Retail,RD,58599.99,3,1,8863.04,7794.17,33,35,69,3,0,1,1,15,1,14,0,0,None
CUST02248,47,Female,20,Retail,FD,40451.5,4,1,4157.07,2640.58,26,53,96,2,0,0,1,64,0,564,0,0,None
CUST02249,27,Female,17,HNI,Savings,780994.15,3,1,48201.9,43956.9,13,22,40,4,1,1,1,68,1,178,2,0,None
CUST02250,53,Male,23,Retail,Savings,84588.87,4,1,7063.26,3879.13,26,36,71,3,1,1,0,73,1,273,1,0,None
CUST02251,69,Male,5,SME,Current,341439.12,1,1,16043.41,10525.69,27,50,63,2,0,0,1,67,1,680,1,0,None
CUST02252,32,Male,15,Retail,Savings,6077.21,3,1,328.25,271.79,37,43,56,2,1,0,0,97,1,548,0,0,None
CUST02253,31,Male,8,Retail,Savings,9378.05,2,1,682.6,481.75,17,30,36,4,1,1,1,10,1,74,0,0,None
CUST02254,68,Male,5,Retail,Current,49574.48,2,1,6432.87,4912.69,15,25,73,4,1,1,1,97,1,347,0,0,None
CUST02255,60,Male,24,SME,Savings,80717.63,2,1,16051.63,8898.75,35,40,66,3,1,0,1,80,1,561,2,0,None
CUST02256,55,Male,13,Retail,FD,64324.54,1,1,11256.52,6536.13,25,43,63,1,0,0,0,19,1,436,0,0,None
CUST02257,52,Female,1,Retail,FD,74458.03,2,1,4001.28,2717.62,9,22,28,3,1,1,0,60,1,197,1,0,None
CUST02258,33,Female,1,Retail,FD,23023.76,3,1,4023.98,2057.72,28,42,61,3,1,0,1,90,1,209,0,0,None
CUST02259,65,Female,7,Retail,FD,29917.04,2,1,3763.86,1767.01,14,26,36,1,0,0,0,4,1,31,0,1,Partial Withdrawal
CUST02260,37,Male,22,Retail,Current,28133.17,3,1,4097.65,3540.74,30,54,81,2,0,0,1,69,1,185,2,0,None
CUST02261,59,Male,5,Retail,FD,19171.35,2,1,1164.9,962.41,32,50,82,2,0,0,1,96,1,590,3,0,None
CUST02262,24,Female,14,SME,Current,242529.8,4,1,25046.16,22857.91,20,36,83,1,0,0,0,48,0,471,0,0,None
CUST02263,23,Male,15,Retail,RD,63297.0,3,1,11485.84,8299.71,11,40,61,2,1,0,0,73,1,108,0,0,None
CUST02264,26,Female,21,Retail,Savings,39809.1,2,1,4301.71,2715.01,35,45,85,4,1,1,1,91,1,615,2,0,None
CUST02265,32,Female,17,Retail,RD,77951.68,2,1,4703.46,2147.89,2,7,30,2,1,0,0,73,1,719,2,0,None
CUST02266,46,Male,24,Retail,Savings,55959.79,2,1,5023.62,4359.28,20,33,42,4,1,1,1,75,1,431,1,0,None
CUST02267,56,Female,18,Retail,Savings,25143.72,3,1,1896.92,1234.79,2,6,33,4,1,1,1,59,0,588,1,0,None
CUST02268,56,Male,7,Retail,Savings,49401.29,3,1,7405.43,5247.66,25,46,94,2,0,0,1,97,1,609,0,0,None
CUST02269,43,Male,22,Retail,Current,61370.04,2,1,11400.37,6526.0,26,44,67,2,0,0,1,93,1,606,1,0,None
CUST02270,58,Female,18,Retail,Savings,87288.52,4,1,13735.58,9451.87,5,28,33,3,1,0,1,9,0,278,5,1,Account Closure
CUST02271,43,Male,19,SME,Current,319026.88,3,1,55823.07,46331.13,25,33,64,1,0,0,0,58,0,286,0,0,None
CUST02272,32,Female,20,SME,FD,64249.61,3,1,10853.74,8593.37,21,29,76,4,1,1,1,42,0,416,0,0,None
CUST02273,53,Male,7,SME,Savings,292641.12,4,1,12389.46,11694.5,34,56,85,3,1,0,1,64,0,166,0,0,None
CUST02274,56,Male,8,Retail,Current,33291.45,1,1,1994.13,1341.27,29,56,66,2,0,0,1,-9,1,724,0,0,None
CUST02275,52,Female,13,Retail,Savings,65135.31,4,1,7017.72,4851.59,36,49,89,3,1,0,1,19,1,130,1,0,None
CUST02276,66,Female,18,Retail,Current,91715.28,2,1,5313.46,2279.47,25,52,73,2,1,0,0,-3,1,223,2,1,Account Closure
CUST02277,29,Male,24,Retail,Current,64331.56,3,1,10137.98,6226.35,3,25,41,2,0,0,1,29,1,576,0,0,None
CUST02278,41,Male,11,HNI,Savings,1945520.68,3,1,99669.0,90415.47,24,47,76,1,0,0,0,-3,1,690,1,0,None
CUST02279,63,Female,9,Retail,RD,66178.43,3,1,7054.53,4181.66,34,45,59,1,0,0,0,6,1,695,0,0,None
CUST02280,55,Male,23,Retail,Current,90761.69,3,1,9327.24,7661.04,15,44,87,2,0,0,1,92,0,412,3,0,None
CUST02281,25,Female,1,Retail,FD,18019.46,1,1,2287.59,2145.03,16,25,53,1,0,0,0,88,1,515,0,1,Partial Withdrawal
CUST02282,39,Female,22,SME,FD,302173.54,3,1,42515.93,19972.57,33,43,58,3,1,1,0,19,1,443,2,0,None
CUST02283,25,Female,8,Retail,FD,35499.84,3,1,6798.68,3968.36,24,39,67,1,0,0,0,-10,0,148,1,1,Account Closure
CUST02284,41,Female,21,Retail,Savings,27939.41,1,1,2329.86,1539.82,5,12,19,2,0,1,0,58,0,99,1,0,None
CUST02285,30,Male,12,Retail,Savings,42639.85,2,1,6249.19,3315.55,21,41,85,1,0,0,0,53,1,446,0,0,None
CUST02286,37,Female,2,Retail,Current,42426.96,2,1,1935.24,787.33,32,55,79,3,0,1,1,69,1,447,1,0,None
CUST02287,47,Female,15,Retail,FD,24991.13,1,1,1003.67,660.15,8,24,51,2,0,0,1,25,1,531,0,0,None
CUST02288,59,Male,21,Retail,Savings,43344.39,2,1,1909.64,1327.47,2,23,32,4,1,1,1,68,1,459,0,0,None
CUST02289,46,Female,24,Retail,RD,65204.52,2,1,7291.55,5424.83,6,27,67,3,1,1,0,38,1,70,0,1,Full Withdrawal
CUST02290,25,Male,18,Retail,Savings,7444.54,4,1,958.87,819.8,15,43,60,2,0,1,0,70,0,495,0,0,None
CUST02291,62,Male,17,Retail,Savings,98976.4,4,1,4057.43,2187.66,31,59,99,2,0,1,0,66,1,446,1,1,Partial Withdrawal
CUST02292,66,Male,15,Retail,Savings,33114.71,4,1,3424.92,1484.94,39,47,57,2,0,1,0,13,1,78,0,1,Partial Withdrawal
CUST02293,62,Female,20,Retail,Current,64246.31,1,1,2989.84,1343.66,24,47,53,3,0,1,1,96,1,14,2,0,None
CUST02294,59,Male,20,SME,RD,315363.77,3,1,45578.08,30700.27,8,33,66,3,0,1,1,-7,1,193,0,1,Account Closure
CUST02295,40,Female,9,SME,Savings,90569.03,1,1,12769.97,11585.3,17,45,54,2,0,1,0,100,1,438,0,0,None
CUST02296,35,Female,3,Retail,Current,57177.56,1,1,9461.14,8895.51,10,19,38,1,0,0,0,97,1,381,1,0,None
CUST02297,42,Male,20,Retail,Savings,63125.99,1,1,8042.36,4123.95,35,39,51,1,0,0,0,99,1,188,0,0,None
CUST02298,36,Male,19,Retail,Current,78193.51,1,1,10921.44,5281.41,32,44,82,3,1,1,0,66,1,31,2,0,None
CUST02299,24,Female,18,Retail,Savings,80209.96,4,1,6794.35,4038.63,8,13,54,2,1,0,0,51,0,557,0,0,None
CUST02300,58,Male,20,SME,Current,213513.86,1,1,11459.85,7507.8,3,6,36,2,0,0,1,-2,1,202,0,0,None
CUST02301,71,Female,8,Retail,Current,12193.95,4,1,1926.27,1626.61,7,9,22,2,1,0,0,15,1,225,2,1,Account Closure
CUST02302,67,Male,1,HNI,Current,801035.38,3,1,110461.28,91244.75,35,43,55,4,1,1,1,36,1,592,2,1,Partial Withdrawal
CUST02303,37,Male,24,Retail,Savings,50370.13,2,1,9577.03,8690.83,18,43,61,3,1,0,1,5,1,20,1,0,None
CUST02304,35,Female,24,Retail,Savings,25461.73,4,1,5048.45,4402.02,27,40,69,2,0,1,0,95,1,465,2,0,None
CUST02305,30,Male,15,SME,Current,283664.76,1,1,49801.73,31939.64,13,22,60,1,0,0,0,26,0,178,3,1,Partial Withdrawal
CUST02306,68,Male,19,SME,FD,252328.81,3,1,49885.28,20476.04,21,35,42,2,0,0,1,96,0,614,0,0,None
CUST02307,28,Male,10,SME,RD,475994.19,1,1,68348.68,36233.29,36,43,79,1,0,0,0,59,1,201,0,0,None
CUST02308,35,Male,12,SME,FD,176067.22,3,1,9632.97,7085.34,36,44,84,1,0,0,0,0,1,335,0,0,None
CUST02309,27,Male,6,Retail,RD,77352.15,2,1,4205.88,2842.43,30,55,64,2,1,0,0,-9,1,180,0,0,None
CUST02310,42,Female,13,SME,Savings,113115.64,3,1,19132.28,10180.06,39,60,79,1,0,0,0,83,1,302,0,0,None
CUST02311,36,Male,4,Retail,Savings,95399.0,3,1,7431.36,3510.42,32,57,89,3,0,1,1,72,0,78,0,0,None
CUST02312,29,Male,13,SME,Savings,194616.26,2,1,9683.74,5023.99,14,21,43,2,0,0,1,12,1,457,0,1,Full Withdrawal
CUST02313,55,Female,17,Retail,Savings,25990.44,2,1,3003.56,1630.51,27,40,89,3,1,0,1,36,1,649,2,1,Account Closure
CUST02314,61,Male,1,SME,Current,487291.04,3,1,44023.5,38609.04,23,31,46,3,1,1,0,51,0,417,1,0,None
CUST02315,22,Male,5,Retail,FD,90144.95,1,1,12088.79,9557.93,9,20,34,1,0,0,0,65,1,57,3,1,Full Withdrawal
CUST02316,53,Female,24,Retail,Savings,68826.47,4,1,9362.06,6588.86,8,16,24,1,0,0,0,28,1,671,0,1,Full Withdrawal
CUST02317,70,Female,17,Retail,Current,68999.43,1,1,10283.69,4231.92,6,31,55,3,1,0,1,-5,1,295,1,0,None
CUST02318,26,Female,18,SME,Current,239049.66,4,1,31609.72,26920.67,2,30,39,2,0,0,1,96,1,722,2,0,None
CUST02319,51,Female,7,Retail,Current,68524.56,2,1,6917.34,4868.8,12,28,33,2,0,0,1,25,1,693,1,1,Full Withdrawal
CUST02320,43,Male,16,Retail,Savings,77138.03,1,1,3377.62,2516.45,33,55,72,1,0,0,0,51,1,353,4,1,Account Closure
CUST02321,41,Female,8,Retail,FD,87282.11,2,1,16130.97,7034.81,8,11,37,2,1,0,0,49,0,369,0,0,None
CUST02322,37,Male,12,Retail,Savings,5751.52,3,1,530.91,450.3,30,39,56,1,0,0,0,99,0,338,1,0,None
CUST02323,28,Male,14,SME,RD,462230.19,3,1,55996.46,48023.43,31,49,68,2,0,0,1,95,0,628,0,0,None
CUST02324,28,Male,19,Retail,RD,25450.12,1,1,3285.87,2910.75,22,39,52,3,0,1,1,68,1,442,4,1,Full Withdrawal
CUST02325,71,Male,11,HNI,Savings,441516.13,2,1,39902.67,27550.77,21,35,42,3,1,1,0,25,1,332,4,1,Account Closure
CUST02326,71,Male,12,Retail,Savings,30287.41,1,1,2706.39,1669.1,23,42,48,1,0,0,0,66,0,473,0,0,None
CUST02327,23,Female,13,Retail,FD,48247.7,1,1,3943.66,1735.9,30,52,68,2,1,0,0,61,1,27,0,0,None
CUST02328,68,Male,8,SME,Current,236774.1,4,1,18690.13,9469.11,5,10,38,1,0,0,0,78,1,617,0,0,None
CUST02329,35,Male,1,SME,Savings,343382.22,3,1,15405.27,8073.33,4,17,39,3,1,0,1,77,0,245,2,0,None
CUST02330,52,Male,9,Retail,RD,75801.9,1,1,14649.96,6365.11,10,22,62,2,0,0,1,20,1,689,3,0,None
CUST02331,71,Male,2,Retail,Savings,42282.62,3,1,5718.61,2772.99,6,9,38,1,0,0,0,29,1,192,3,1,Partial Withdrawal
CUST02332,62,Female,14,SME,Savings,56355.6,4,1,3228.65,2866.21,4,25,44,2,0,1,0,49,1,205,0,0,None
CUST02333,35,Male,13,Retail,Current,94217.64,2,1,12692.37,8884.3,26,50,55,3,0,1,1,2,0,575,0,0,None
CUST02334,26,Male,16,HNI,Savings,1034851.99,1,1,79848.78,65513.55,33,55,67,3,1,1,0,82,1,625,1,0,None
CUST02335,32,Male,2,HNI,Savings,1438861.82,3,1,129079.04,71156.51,34,51,92,2,0,1,0,85,1,406,3,0,None
CUST02336,61,Female,4,SME,Current,408023.99,1,1,68624.29,32529.9,19,33,44,2,0,1,0,96,1,2,0,0,None
CUST02337,26,Male,12,Retail,Savings,82005.38,2,1,14902.7,9020.45,37,42,81,2,0,1,0,26,1,679,0,0,None
CUST02338,50,Male,16,SME,Current,149661.6,1,1,22744.35,19017.5,30,33,75,2,1,0,0,50,1,207,0,0,None
CUST02339,32,Male,10,Retail,RD,65155.76,1,1,12328.32,6947.41,3,22,71,2,1,0,0,7,1,663,0,0,None
CUST02340,26,Male,3,Retail,FD,94226.14,3,1,17413.4,8924.27,12,14,34,3,1,1,0,79,1,318,0,0,None
CUST02341,70,Male,4,Retail,Savings,14397.73,2,1,1845.6,760.97,32,59,80,3,1,1,0,7,1,109,0,0,None
CUST02342,53,Female,6,Retail,Savings,80865.02,4,1,14980.69,11133.74,5,28,70,3,1,1,0,23,1,303,0,0,None
CUST02343,57,Female,23,SME,Current,268353.97,2,1,34134.54,21835.93,30,37,71,1,0,0,0,43,0,148,2,1,Account Closure
CUST02344,36,Female,5,SME,Current,278237.71,2,1,15771.58,8553.18,4,25,66,3,1,0,1,20,0,525,2,1,Full Withdrawal
CUST02345,40,Male,18,SME,FD,142783.51,4,1,24660.55,16913.8,3,29,51,3,1,0,1,68,1,695,2,1,Partial Withdrawal
CUST02346,43,Male,3,Retail,Current,66239.63,1,1,4040.11,3172.87,37,58,98,4,1,1,1,26,1,155,0,0,None
CUST02347,55,Male,10,Retail,Savings,74945.79,3,1,6786.61,3638.35,15,35,51,2,0,1,0,73,1,106,0,0,None
CUST02348,38,Female,11,Retail,Current,22770.67,1,1,2294.53,1686.08,5,33,65,2,0,0,1,81,1,415,2,0,None
CUST02349,33,Female,19,HNI,FD,1178153.36,1,1,199303.2,108238.39,31,42,57,2,0,1,0,57,1,534,3,1,Partial Withdrawal
CUST02350,46,Female,14,Retail,RD,14695.31,4,1,784.23,739.26,20,30,77,2,0,0,1,61,1,32,1,0,None
CUST02351,38,Male,21,SME,Savings,133813.19,4,1,14878.77,11944.89,20,38,48,1,0,0,0,47,1,320,0,1,Full Withdrawal
CUST02352,31,Male,11,Retail,Current,19646.45,1,1,2158.64,1578.96,32,48,78,2,1,0,0,71,1,22,0,0,None
CUST02353,49,Male,21,Retail,Savings,55885.95,2,1,7440.97,3681.66,16,19,39,2,1,0,0,85,1,702,2,0,None
CUST02354,39,Female,4,SME,Current,101762.76,3,1,9832.22,7103.94,30,48,90,2,0,1,0,42,1,490,1,0,None
CUST02355,39,Female,24,Retail,Savings,89841.32,2,1,11890.14,9990.7,4,12,25,2,0,1,0,76,1,47,0,0,None
CUST02356,66,Female,22,SME,RD,264632.2,1,1,52329.19,42146.4,20,49,71,3,1,1,0,51,1,1,0,0,None
CUST02357,53,Male,6,HNI,Current,1059592.19,1,1,54513.76,45132.7,23,40,77,2,0,0,1,68,1,464,0,0,None
CUST02358,35,Male,17,Retail,FD,9344.07,3,1,1681.38,966.44,21,39,62,2,1,0,0,97,1,171,0,0,None
CUST02359,37,Female,22,Retail,RD,72369.81,2,1,6468.47,3755.24,8,36,49,2,0,0,1,-4,1,343,2,1,Account Closure
CUST02360,71,Female,19,Retail,Savings,85353.62,1,1,9774.24,6806.65,5,33,81,2,1,0,0,20,1,38,3,1,Account Closure
CUST02361,39,Male,13,HNI,Current,690993.63,1,1,109576.94,60624.75,2,4,50,3,1,0,1,85,1,425,0,0,None
CUST02362,37,Male,22,Retail,FD,66160.46,4,1,12279.77,5675.18,8,31,44,3,1,1,0,29,1,484,0,0,None
CUST02363,38,Male,10,Retail,Current,28684.93,3,1,1189.05,777.18,23,46,94,2,0,1,0,67,1,398,1,0,None
CUST02364,28,Male,11,Retail,Current,51987.33,4,1,7587.59,3043.07,38,66,75,2,0,1,0,72,0,235,1,0,None
CUST02365,33,Male,6,SME,Savings,359209.93,4,1,18365.82,15030.9,31,48,75,2,0,0,1,39,1,363,0,0,None
CUST02366,55,Female,2,Retail,Current,23370.6,4,1,2900.49,2356.15,10,39,85,4,1,1,1,93,1,515,2,0,None
CUST02367,31,Male,1,SME,Savings,385124.2,1,1,61605.09,43342.49,28,50,88,3,1,1,0,69,1,300,3,0,None
CUST02368,26,Male,11,HNI,Current,859748.59,2,1,57711.02,46814.63,39,44,86,1,0,0,0,-2,1,136,0,0,None
CUST02369,42,Male,16,Retail,Savings,55418.3,4,1,8989.16,6683.36,24,41,67,1,0,0,0,54,1,449,2,0,None
CUST02370,24,Female,3,Retail,Savings,59486.04,2,1,5325.55,4173.1,13,38,47,2,0,0,1,14,0,85,1,0,None
CUST02371,40,Female,5,HNI,Savings,1605859.25,1,1,221107.84,96305.89,14,18,23,3,0,1,1,-3,1,318,0,0,None
CUST02372,66,Male,15,Retail,Savings,49599.14,4,1,7206.09,6375.2,34,36,66,2,0,1,0,28,0,76,0,1,Partial Withdrawal
CUST02373,65,Female,15,SME,Current,219783.27,1,1,31612.95,23841.29,16,34,56,2,1,0,0,21,0,718,1,1,Full Withdrawal
CUST02374,56,Female,4,Retail,Savings,99695.95,4,1,4283.65,3152.11,17,23,53,1,0,0,0,-3,0,86,1,1,Full Withdrawal
CUST02375,27,Male,23,Retail,Savings,64140.96,4,1,4128.36,2530.61,35,39,58,2,1,0,0,2,1,212,0,0,None
CUST02376,35,Male,4,SME,FD,163581.85,1,1,28952.75,12029.13,10,30,36,2,0,1,0,56,1,189,1,0,None
CUST02377,25,Female,8,Retail,FD,23251.49,3,1,4426.5,3965.28,28,40,59,1,0,0,0,55,1,508,1,0,None
CUST02378,66,Female,7,Retail,FD,55352.22,3,1,7206.13,6789.01,16,32,47,4,1,1,1,98,0,263,1,0,None
CUST02379,39,Female,17,Retail,RD,5713.01,2,1,774.2,653.64,36,39,88,4,1,1,1,17,1,341,2,1,Account Closure
CUST02380,50,Female,15,Retail,Savings,7988.49,2,1,1284.59,1160.33,35,61,85,3,0,1,1,-7,1,316,1,0,None
CUST02381,56,Female,5,Retail,Savings,35635.64,1,1,3740.92,1745.24,31,59,105,1,0,0,0,12,1,22,3,1,Full Withdrawal
CUST02382,59,Male,13,Retail,Savings,49327.05,1,1,4561.89,2147.61,24,47,68,2,0,0,1,23,1,405,2,1,Full Withdrawal
CUST02383,37,Male,4,HNI,RD,905270.91,1,1,147479.74,130340.15,10,18,27,3,1,0,1,44,1,509,1,0,None
CUST02384,41,Male,22,Retail,FD,89360.41,3,1,3978.84,1717.38,33,52,89,2,0,0,1,60,1,13,1,0,None
CUST02385,45,Male,17,SME,Savings,486887.68,3,1,88445.78,39912.21,36,64,112,2,0,1,0,83,1,237,0,0,None
CUST02386,56,Female,22,Retail,Savings,33497.81,4,1,3703.0,3144.83,33,35,64,2,0,1,0,47,1,710,3,0,None
CUST02387,65,Female,17,SME,Current,340459.05,4,1,41085.43,29020.12,17,26,37,1,0,0,0,62,1,473,0,0,None
CUST02388,40,Female,14,Retail,Savings,57192.15,1,1,8091.8,4980.1,33,50,88,2,0,1,0,8,1,639,0,1,Account Closure
CUST02389,25,Male,14,HNI,Current,1293647.42,1,1,108539.24,76454.68,26,53,72,2,0,0,1,-2,1,44,0,1,Partial Withdrawal
CUST02390,54,Female,17,Retail,RD,44049.71,2,1,5972.35,5275.44,31,47,64,2,0,0,1,12,1,281,3,1,Account Closure
CUST02391,23,Male,8,Retail,Current,13729.87,3,1,2071.65,1691.34,38,43,79,1,0,0,0,64,0,352,0,0,None
CUST02392,34,Male,2,Retail,RD,63756.34,1,1,3753.27,2928.99,38,52,95,2,0,0,1,2,1,55,2,1,Account Closure
CUST02393,66,Female,13,Retail,Savings,57918.57,3,1,7139.93,6692.16,36,62,80,2,0,0,1,82,0,541,2,0,None
CUST02394,51,Female,22,Retail,Current,95592.34,1,1,8862.1,6085.77,9,22,46,1,0,0,0,20,1,80,1,1,Account Closure
CUST02395,55,Female,16,Retail,FD,20402.36,4,1,2635.52,1063.37,37,47,67,2,1,0,0,61,1,329,2,0,None
CUST02396,51,Male,16,SME,Current,296207.32,1,1,12857.5,8176.96,26,40,74,1,0,0,0,99,1,717,0,0,None
CUST02397,45,Male,6,Retail,Current,50036.98,4,1,7947.32,3601.05,19,31,76,3,1,1,0,8,0,509,5,1,Account Closure
CUST02398,69,Male,22,Retail,FD,40997.63,2,1,2744.57,1273.62,11,24,47,2,1,0,0,-6,1,588,1,1,Full Withdrawal
CUST02399,65,Male,24,Retail,FD,80483.92,2,1,12096.89,6534.69,2,7,33,3,1,1,0,80,1,346,2,0,None
CUST02400,54,Female,4,SME,Savings,59897.32,2,1,9763.89,5953.55,5,32,73,3,1,1,0,28,1,503,0,0,None
CUST02401,62,Female,3,Retail,Savings,72887.06,1,1,11692.39,7774.03,27,31,45,2,0,1,0,3,1,399,0,0,None
CUST02402,70,Female,6,Retail,Savings,12942.14,2,1,2210.52,1090.67,12,18,30,2,1,0,0,11,0,324,0,1,Account Closure
CUST02403,31,Male,4,Retail,RD,37785.52,1,1,3371.95,1926.89,16,23,56,1,0,0,0,11,1,714,1,1,Full Withdrawal
CUST02404,39,Female,18,SME,RD,327781.69,3,1,63831.59,35241.21,33,60,78,4,1,1,1,-6,1,44,0,0,None
CUST02405,40,Male,6,SME,Savings,79907.86,4,1,3500.84,2103.61,16,21,36,1,0,0,0,51,1,550,0,0,None
CUST02406,28,Female,5,Retail,Savings,66552.19,3,1,7786.07,3576.88,29,31,65,4,1,1,1,41,1,112,0,0,None
CUST02407,40,Male,9,SME,RD,246592.81,1,1,20527.76,12697.19,24,48,85,3,0,1,1,69,1,268,1,0,None
CUST02408,45,Male,11,SME,Savings,407108.22,2,1,64478.15,45450.18,4,10,56,1,0,0,0,28,1,316,1,0,None
CUST02409,36,Male,6,Retail,Savings,57388.87,4,1,9689.29,4392.36,33,36,74,2,0,0,1,15,1,214,1,1,Account Closure
CUST02410,62,Female,16,SME,Savings,432071.86,2,1,74136.1,50888.77,21,36,79,3,1,1,0,69,1,704,0,0,None
CUST02411,63,Male,19,Retail,Savings,53541.7,3,1,4685.15,3821.92,15,27,68,2,1,0,0,45,1,507,3,1,Account Closure
CUST02412,44,Male,11,Retail,Current,39610.91,1,1,3321.87,1343.8,36,46,92,2,0,0,1,1,1,350,4,1,Account Closure
CUST02413,25,Female,21,Retail,Savings,47423.66,4,1,7033.39,2997.21,10,19,60,2,1,0,0,69,1,15,0,0,None
CUST02414,59,Male,15,Retail,Current,15681.59,4,1,2956.13,1940.88,25,52,61,2,1,0,0,38,1,581,1,0,None
CUST02415,25,Male,24,Retail,RD,84278.3,1,1,6798.97,5983.28,5,13,58,3,1,0,1,93,1,452,1,0,None
CUST02416,26,Male,9,HNI,Savings,727002.96,1,1,135001.51,128087.24,13,29,76,1,0,0,0,1,1,90,0,0,None
CUST02417,62,Male,24,Retail,Savings,77795.73,4,1,10473.94,4727.59,25,35,44,4,1,1,1,85,1,171,2,0,None
CUST02418,65,Female,19,Retail,FD,60440.67,3,1,9553.86,3917.92,2,13,34,3,1,0,1,-6,1,275,2,1,Partial Withdrawal
CUST02419,44,Female,19,Retail,FD,59072.03,3,1,6520.53,3428.65,15,34,57,2,0,1,0,89,1,590,1,0,None
CUST02420,61,Male,24,HNI,Savings,1457763.67,2,1,246503.69,161979.7,32,52,82,4,1,1,1,81,1,347,0,0,None
CUST02421,58,Female,9,Retail,Savings,26977.94,4,1,5268.22,3764.08,11,37,43,4,1,1,1,40,1,120,1,0,None
CUST02422,32,Male,23,Retail,Savings,41461.36,1,1,2790.02,2609.83,34,57,75,3,0,1,1,97,1,166,0,0,None
CUST02423,32,Male,4,Retail,Current,99041.05,1,1,10071.44,8950.04,37,40,72,2,0,0,1,-7,0,282,2,1,Account Closure
CUST02424,34,Male,10,Retail,Savings,18851.29,1,1,3355.4,2379.5,36,59,67,2,1,0,0,92,1,618,2,0,None
CUST02425,35,Male,9,HNI,Current,1964275.33,1,1,134096.48,80316.1,19,34,41,2,0,1,0,92,0,215,1,0,None
CUST02426,29,Male,19,HNI,Savings,1758422.79,4,1,186523.2,107570.43,26,48,67,3,0,1,1,82,0,362,0,0,None
CUST02427,46,Female,15,Retail,FD,48035.16,3,1,3198.1,2286.46,13,24,50,1,0,0,0,72,1,498,0,0,None
CUST02428,39,Female,19,HNI,Savings,344718.49,2,1,49549.46,39478.24,29,35,81,3,1,0,1,14,1,317,0,1,Full Withdrawal
CUST02429,65,Male,2,Retail,Current,83640.35,3,1,6534.91,4345.17,10,16,39,3,1,1,0,88,0,502,2,0,None
CUST02430,65,Female,10,SME,Savings,418910.93,2,1,42279.98,23990.48,25,28,66,1,0,0,0,13,0,205,0,0,None
CUST02431,39,Female,19,Retail,Savings,74489.57,1,1,8833.08,6512.11,21,44,58,2,1,0,0,45,1,652,1,0,None
CUST02432,31,Female,17,Retail,Current,37990.88,1,1,3325.75,2350.87,27,41,79,2,1,0,0,8,0,360,0,0,None
CUST02433,28,Female,20,Retail,FD,74637.21,4,1,11104.83,7052.15,6,14,34,2,1,0,0,12,0,668,0,0,None
CUST02434,71,Male,24,SME,FD,198470.13,1,1,11471.56,9310.27,28,54,95,3,1,0,1,84,1,488,0,0,None
CUST02435,65,Female,21,Retail,FD,19525.43,4,1,3529.58,1959.7,29,51,91,2,0,0,1,72,1,715,1,0,None
CUST02436,35,Female,2,Retail,Savings,65543.14,4,1,7669.5,5113.32,38,66,115,3,1,0,1,85,1,440,4,1,Account Closure
CUST02437,36,Female,19,Retail,Current,47650.68,4,1,6273.22,5753.71,8,24,50,3,1,0,1,66,0,285,2,0,None
CUST02438,37,Male,17,SME,Savings,464764.66,1,1,64853.61,51724.37,20,48,84,3,1,0,1,35,1,15,1,0,None
CUST02439,23,Male,18,Retail,Savings,37487.58,1,1,1857.48,1139.35,23,45,93,1,0,0,0,7,1,341,1,0,None
CUST02440,51,Male,17,SME,FD,467434.66,3,1,75312.38,52748.62,19,35,56,2,0,0,1,50,1,142,1,0,None
CUST02441,51,Male,2,HNI,FD,735214.31,2,1,140683.77,87648.11,16,42,55,1,0,0,0,60,1,656,1,0,None
CUST02442,39,Male,19,Retail,FD,93363.92,3,1,11501.06,5312.36,34,41,78,3,1,0,1,34,1,475,0,0,None
CUST02443,52,Female,1,SME,FD,391601.42,1,1,40154.42,23458.83,6,14,51,3,1,0,1,77,1,284,1,0,None
CUST02444,65,Male,11,Retail,RD,26935.68,2,1,4459.67,3894.38,38,43,49,1,0,0,0,35,1,718,0,0,None
CUST02445,69,Female,10,SME,Savings,209811.13,4,1,32574.54,21292.71,6,11,29,1,0,0,0,6,0,36,2,1,Account Closure
CUST02446,34,Male,5,Retail,RD,95049.19,2,1,13701.92,9886.63,38,40,81,3,1,0,1,4,1,394,4,1,Account Closure
CUST02447,41,Female,16,SME,Current,267483.46,4,1,52013.82,25996.28,8,20,57,4,1,1,1,62,1,687,1,0,None
CUST02448,70,Male,24,SME,FD,371841.58,1,1,49486.13,29490.13,3,9,14,3,0,1,1,23,1,182,0,0,None
CUST02449,71,Male,5,HNI,Current,923258.13,2,1,73620.71,67073.09,31,34,60,3,1,0,1,88,1,393,1,0,None
CUST02450,56,Female,24,SME,Current,120847.87,4,1,5312.78,3043.35,12,18,52,2,0,1,0,-3,1,220,3,1,Account Closure
CUST02451,44,Female,23,Retail,FD,73884.9,3,1,8316.04,4472.44,38,44,75,3,1,1,0,39,1,382,4,1,Full Withdrawal
CUST02452,63,Female,12,Retail,Savings,51258.62,3,1,7400.3,3187.64,34,55,92,1,0,0,0,0,1,448,3,1,Account Closure
CUST02453,54,Male,4,SME,RD,469754.97,4,1,31728.31,14388.06,10,24,44,1,0,0,0,77,1,83,1,0,None
CUST02454,59,Male,23,Retail,Savings,88857.15,3,1,3920.57,2829.22,12,25,39,2,1,0,0,31,1,57,3,0,None
CUST02455,56,Female,6,Retail,Savings,87769.36,3,1,16277.21,12419.8,13,24,55,1,0,0,0,83,1,589,0,0,None
CUST02456,57,Male,19,HNI,Savings,1988039.7,2,1,175566.94,132178.95,11,25,66,2,0,0,1,74,1,179,0,0,None
CUST02457,41,Female,9,SME,Savings,481057.38,3,1,55113.74,38409.1,12,22,28,1,0,0,0,32,0,319,0,0,None
CUST02458,24,Male,12,SME,Savings,216255.0,2,1,11801.33,7907.29,34,40,74,2,0,1,0,24,1,317,0,0,None
CUST02459,29,Male,15,Retail,Savings,10337.28,1,1,1044.67,459.32,21,28,75,2,1,0,0,48,1,323,0,1,Account Closure
CUST02460,61,Male,16,SME,Current,401300.77,3,1,43261.72,37308.15,6,24,47,4,1,1,1,1,1,28,1,0,None
CUST02461,53,Male,13,Retail,Current,65619.93,1,1,12102.88,8256.52,25,54,77,1,0,0,0,62,1,14,1,0,None
CUST02462,50,Female,21,SME,Savings,287390.47,3,1,51291.5,24237.96,33,39,78,2,0,0,1,1,0,246,0,0,None
CUST02463,28,Female,24,Retail,Savings,82909.64,4,1,5823.6,2764.56,32,61,76,2,0,0,1,17,1,677,0,0,None
CUST02464,23,Male,7,SME,RD,134719.32,4,1,17374.74,11851.76,15,41,77,2,1,0,0,82,1,624,2,0,None
CUST02465,42,Female,23,HNI,Savings,1260856.95,1,1,197954.1,105809.86,20,49,69,2,0,1,0,35,1,692,0,0,None
CUST02466,27,Male,20,Retail,Savings,44744.01,1,1,3879.13,3518.68,25,37,58,4,1,1,1,98,0,534,3,0,None
CUST02467,49,Male,4,HNI,Savings,1333195.37,1,1,137464.81,92709.28,33,40,73,2,0,0,1,29,1,223,1,0,None
CUST02468,69,Male,11,Retail,Savings,91065.65,4,1,17992.84,16879.63,13,23,47,2,0,0,1,88,1,257,1,0,None
CUST02469,63,Female,8,SME,Current,292862.5,1,1,47314.03,38030.42,22,35,75,2,0,1,0,18,1,716,0,1,Account Closure
CUST02470,57,Female,6,SME,Savings,98579.72,4,1,10838.72,9168.3,37,42,70,1,0,0,0,59,0,222,0,0,None
CUST02471,53,Female,10,Retail,Current,99236.83,1,1,12449.57,7642.58,26,45,92,2,1,0,0,5,1,54,0,1,Account Closure
CUST02472,66,Female,7,SME,Savings,380415.22,2,1,53305.75,25251.54,15,31,39,2,0,1,0,35,1,686,0,0,None
CUST02473,63,Female,7,SME,Current,55153.67,2,1,6608.21,5150.0,9,35,44,2,0,1,0,81,1,112,0,0,None
CUST02474,67,Female,4,Retail,FD,54002.18,3,1,5716.63,3566.54,30,35,58,1,0,0,0,54,0,475,4,1,Account Closure
CUST02475,30,Female,3,Retail,Savings,19540.07,2,1,1905.08,1756.26,26,41,69,3,0,1,1,18,1,85,0,0,None
CUST02476,32,Female,24,SME,Savings,499204.46,1,1,33465.2,16950.05,24,52,57,3,1,1,0,41,1,68,0,0,None
CUST02477,44,Male,7,SME,Savings,317004.28,2,1,62062.9,46210.6,37,56,95,2,0,0,1,29,1,127,2,1,Full Withdrawal
CUST02478,71,Male,4,SME,Current,259582.14,2,1,14179.94,12426.36,13,31,37,3,1,1,0,-5,1,194,0,1,Full Withdrawal
CUST02479,32,Male,13,SME,Savings,258350.46,1,1,35177.92,21865.05,13,16,30,1,0,0,0,16,1,647,0,1,Full Withdrawal
CUST02480,70,Male,20,Retail,Current,19370.82,2,1,3748.96,3465.98,19,41,51,3,1,1,0,26,1,101,0,0,None
CUST02481,23,Female,17,SME,Savings,346935.04,1,1,34689.71,15337.68,37,57,101,4,1,1,1,11,0,71,1,0,None
CUST02482,24,Male,7,Retail,Savings,20497.12,2,1,1647.71,1190.98,20,43,85,1,0,0,0,-4,0,66,1,1,Full Withdrawal
CUST02483,32,Female,17,Retail,Savings,57484.08,1,1,11087.74,9175.8,36,51,75,2,0,0,1,-10,1,204,0,0,None
CUST02484,71,Male,4,Retail,Savings,68597.35,4,1,11543.44,5898.63,28,33,56,1,0,0,0,66,0,131,1,0,None
CUST02485,56,Male,11,Retail,Savings,82852.14,4,1,11997.32,5180.7,4,7,47,2,0,1,0,37,0,1,0,0,None
CUST02486,36,Male,3,Retail,Savings,48630.05,3,1,6706.97,2977.52,14,28,61,2,1,0,0,40,1,35,1,0,None
CUST02487,64,Female,11,Retail,Current,93710.88,2,1,9148.07,5265.41,39,47,92,3,1,1,0,97,0,499,2,0,None
CUST02488,32,Male,3,SME,Savings,471036.71,3,1,67175.06,35115.39,20,49,77,2,1,0,0,3,1,136,0,0,None
CUST02489,52,Male,12,Retail,FD,28945.69,1,1,4515.65,2362.32,36,64,77,1,0,0,0,68,1,661,1,0,None
CUST02490,49,Female,1,Retail,FD,61338.35,4,1,2764.95,1803.26,16,39,75,2,0,1,0,1,0,261,1,1,Full Withdrawal
CUST02491,49,Female,4,Retail,Current,67510.53,1,1,3971.67,1774.2,17,26,70,2,1,0,0,38,1,312,0,0,None
CUST02492,53,Male,14,Retail,RD,53202.16,3,1,4810.42,4557.99,36,47,56,2,1,0,0,30,1,287,0,0,None
CUST02493,46,Male,1,Retail,Savings,74652.3,1,1,6845.66,5358.06,6,28,53,2,0,1,0,57,1,90,4,1,Partial Withdrawal
CUST02494,41,Male,14,Retail,Savings,44964.67,1,1,8277.21,3448.79,8,12,33,1,0,0,0,97,1,257,0,0,None
CUST02495,49,Female,13,Retail,Current,5412.0,1,1,809.21,631.63,22,27,55,3,1,1,0,96,1,727,0,0,None
CUST02496,46,Male,13,SME,Current,464343.48,1,1,46323.24,38703.31,2,24,55,2,0,1,0,74,1,397,2,0,None
CUST02497,32,Male,24,Retail,Current,94861.01,4,1,16076.32,8117.24,26,48,70,3,1,0,1,-9,1,544,0,1,Partial Withdrawal
CUST02498,40,Male,15,Retail,Savings,77506.21,1,1,7108.19,6128.34,31,38,64,2,0,0,1,74,1,453,2,0,None
CUST02499,49,Male,17,Retail,Current,23005.71,1,1,4567.12,3363.55,20,46,56,3,1,0,1,51,1,596,1,0,None
CUST02500,22,Female,12,SME,RD,208619.46,4,1,34434.55,29320.01,25,46,78,1,0,0,0,46,0,307,0,0,None
CUST02501,26,Male,22,Retail,Savings,38325.71,1,1,6490.17,5154.37,16,24,70,2,1,0,0,3,1,92,0,0,None
CUST02502,31,Male,23,Retail,RD,84448.68,1,1,6904.15,5437.33,36,44,68,2,0,0,1,33,1,391,0,0,None
CUST02503,63,Male,14,Retail,Savings,15068.04,3,1,952.38,463.84,25,48,68,2,1,0,0,55,1,380,0,0,None
CUST02504,67,Male,12,Retail,Savings,56618.62,4,1,5793.57,3323.7,37,55,78,2,1,0,0,64,0,58,3,0,None
CUST02505,55,Male,18,Retail,Savings,31125.02,2,1,2909.5,2001.11,15,41,53,2,0,1,0,26,0,461,1,0,None
CUST02506,57,Female,4,Retail,Current,73994.23,1,1,12073.87,5576.93,23,30,52,3,1,1,0,67,1,288,1,0,None
CUST02507,23,Female,14,Retail,Current,5038.98,3,1,342.08,226.86,9,29,70,2,0,0,1,36,1,494,2,1,Partial Withdrawal
CUST02508,39,Female,19,Retail,Current,31331.54,4,1,3897.47,2513.58,17,45,94,3,1,1,0,50,1,18,0,0,None
CUST02509,34,Female,13,Retail,Current,69528.78,1,1,9769.55,5154.0,18,37,72,2,1,0,0,73,1,174,2,0,None
CUST02510,26,Female,23,SME,Savings,143738.07,2,1,14607.59,7447.6,6,19,61,2,1,0,0,88,0,520,1,0,None
CUST02511,41,Male,18,SME,Savings,311510.15,1,1,22459.0,12039.28,36,65,71,2,1,0,0,16,0,221,1,0,None
CUST02512,23,Female,11,SME,Savings,353953.19,3,1,64881.99,47546.09,38,58,94,3,1,0,1,38,0,282,0,0,None
CUST02513,32,Female,6,HNI,RD,1057915.06,4,1,65817.56,41348.16,19,31,50,2,0,0,1,49,1,530,0,0,None
CUST02514,51,Female,9,Retail,Savings,23598.13,3,1,2091.0,1312.47,22,40,55,2,0,1,0,59,0,642,1,0,None
CUST02515,53,Male,12,Retail,FD,65725.91,4,1,10585.21,5292.11,2,6,15,2,1,0,0,60,1,431,1,0,None
CUST02516,53,Male,19,Retail,Savings,17477.54,2,1,2391.8,1992.49,18,34,80,3,1,1,0,34,1,490,0,0,None
CUST02517,71,Female,14,Retail,Savings,19125.91,1,1,3000.92,2356.35,9,15,48,3,1,1,0,-10,1,561,0,0,None
CUST02518,59,Female,15,SME,Savings,153280.36,3,1,25966.1,16514.21,30,35,59,2,0,1,0,2,0,442,0,0,None
CUST02519,49,Female,11,Retail,Savings,43181.11,2,1,7913.49,3784.32,21,48,72,2,0,1,0,27,1,344,0,0,None
CUST02520,31,Male,6,HNI,RD,369803.27,2,1,32812.79,26023.35,38,40,62,3,1,0,1,6,1,278,1,1,Account Closure
CUST02521,43,Male,14,Retail,Current,60167.15,1,1,6972.7,6236.13,6,28,44,3,1,1,0,91,1,610,1,0,None
CUST02522,38,Male,3,HNI,RD,1459051.82,3,1,219046.9,109095.01,11,15,36,3,0,1,1,89,1,480,0,0,None
CUST02523,43,Female,19,Retail,FD,9335.68,1,1,1560.55,1141.48,7,18,26,4,1,1,1,27,0,99,3,0,None
CUST02524,64,Male,20,Retail,Current,37628.74,1,1,4983.95,3156.68,8,36,59,2,0,1,0,-10,1,409,0,0,None
CUST02525,40,Male,11,Retail,Current,10831.28,4,1,1323.58,593.24,36,50,77,2,0,0,1,-10,1,711,3,1,Full Withdrawal
CUST02526,38,Female,24,Retail,Current,16217.96,4,1,2443.76,1953.06,28,36,67,2,1,0,0,72,1,590,1,0,None
CUST02527,45,Male,17,Retail,Current,13818.24,1,1,1397.36,613.62,22,37,83,2,0,1,0,19,1,428,1,0,None
CUST02528,57,Female,17,Retail,Savings,20019.08,4,1,3663.35,2880.23,25,52,101,3,1,1,0,66,1,157,0,0,None
CUST02529,53,Male,23,SME,Savings,265872.15,3,1,19662.58,10905.54,30,58,76,2,0,1,0,-4,1,519,4,1,Partial Withdrawal
CUST02530,67,Female,3,Retail,Current,64619.38,4,1,11724.58,8337.5,28,42,50,3,0,1,1,96,0,384,5,1,Full Withdrawal
CUST02531,57,Female,14,Retail,Savings,53144.19,2,1,7598.49,3709.96,39,64,72,2,0,0,1,9,0,723,0,0,None
CUST02532,49,Female,7,Retail,Current,74564.46,1,1,10148.62,6129.7,3,25,53,4,1,1,1,33,1,281,2,1,Partial Withdrawal
CUST02533,35,Female,19,SME,FD,295845.29,1,1,34079.24,15582.71,26,53,80,1,0,0,0,62,1,520,0,0,None
CUST02534,57,Male,3,Retail,Current,44679.14,3,1,2893.39,1901.01,3,28,68,3,1,1,0,2,1,387,1,0,None
CUST02535,27,Male,2,Retail,Current,39904.13,1,1,7118.48,3682.46,39,62,77,1,0,0,0,28,1,287,1,1,Account Closure
CUST02536,30,Male,17,Retail,Savings,97888.49,4,1,4738.33,2385.09,19,42,79,3,0,1,1,9,0,456,5,1,Partial Withdrawal
CUST02537,42,Female,9,Retail,FD,78276.38,2,1,6512.16,2988.65,8,14,56,3,0,1,1,78,1,68,0,0,None
CUST02538,33,Female,22,SME,Savings,312810.46,1,1,18003.21,14780.43,5,17,26,2,0,0,1,-6,1,135,1,1,Account Closure
CUST02539,51,Male,6,Retail,RD,61994.52,4,1,3539.49,2660.76,11,38,69,1,0,0,0,41,1,142,0,1,Account Closure
CUST02540,52,Female,24,Retail,RD,53165.8,2,1,5447.77,2649.24,29,52,93,2,0,0,1,14,0,418,0,0,None
CUST02541,61,Male,21,SME,RD,355683.69,1,1,23357.08,15411.85,31,46,77,2,0,0,1,1,1,197,0,0,None
CUST02542,25,Female,9,Retail,Savings,66948.08,1,1,8905.55,6799.27,25,27,62,2,0,0,1,79,1,524,2,0,None
CUST02543,52,Female,5,Retail,Savings,40799.74,1,1,5726.06,5055.75,37,62,78,2,0,0,1,45,1,37,3,1,Partial Withdrawal
CUST02544,48,Male,2,Retail,RD,79318.0,2,1,14367.27,6217.65,17,23,33,1,0,0,0,75,1,283,0,0,None
CUST02545,46,Male,22,HNI,FD,1788078.49,1,1,157255.9,94242.71,34,59,75,3,1,0,1,-10,1,85,0,0,None
CUST02546,26,Male,15,Retail,RD,59271.95,1,1,5302.97,3917.7,11,15,33,3,1,0,1,61,1,377,0,0,None
CUST02547,27,Female,9,SME,Current,133251.03,4,1,10582.66,4323.96,22,49,75,3,0,1,1,89,1,589,0,0,None
CUST02548,26,Male,19,Retail,Current,71081.03,4,1,11734.74,6265.64,28,51,66,1,0,0,0,38,1,601,3,1,Partial Withdrawal
CUST02549,48,Male,10,Retail,Savings,22305.63,4,1,2419.93,1959.41,22,24,68,2,1,0,0,56,0,546,0,0,None
CUST02550,29,Male,4,Retail,FD,97014.4,4,1,12455.44,7419.15,28,46,89,3,1,0,1,11,1,560,2,1,Account Closure
CUST02551,30,Male,10,HNI,FD,901599.93,1,1,90104.82,40229.29,33,54,96,2,1,0,0,93,0,17,1,0,None
CUST02552,36,Male,8,Retail,Savings,11419.03,2,1,743.27,553.46,6,19,36,3,1,1,0,74,0,661,0,0,None
CUST02553,57,Female,22,SME,Savings,259833.17,1,1,14655.83,7877.93,36,63,73,3,1,0,1,74,0,271,0,0,None
CUST02554,62,Male,13,SME,Current,66125.16,3,1,11831.36,9298.38,23,37,61,2,0,1,0,20,0,538,0,1,Account Closure
CUST02555,28,Female,7,Retail,Current,31395.36,2,1,2589.4,2317.76,37,44,50,2,0,1,0,-10,1,99,0,1,Partial Withdrawal
CUST02556,53,Female,7,Retail,Savings,9844.01,3,1,1876.85,1295.63,11,15,30,1,0,0,0,94,1,140,4,1,Full Withdrawal
CUST02557,29,Male,4,Retail,Savings,51470.43,1,1,9860.03,7193.18,35,47,59,2,0,0,1,16,1,508,2,1,Full Withdrawal
CUST02558,68,Male,15,Retail,Savings,84194.32,2,1,9819.37,6705.88,7,19,53,3,1,1,0,-9,0,22,4,1,Account Closure
CUST02559,36,Female,12,SME,Savings,249329.83,2,1,48213.94,40962.23,15,44,75,4,1,1,1,82,0,228,0,0,None
CUST02560,58,Female,16,HNI,RD,597585.23,4,1,26627.18,14190.77,38,67,75,2,1,0,0,95,1,213,1,0,None
CUST02561,40,Male,6,Retail,FD,43740.11,1,1,2391.01,1484.46,20,42,53,1,0,0,0,99,1,353,3,0,None
CUST02562,60,Male,9,Retail,FD,10665.05,3,1,841.79,751.1,33,44,72,3,1,1,0,-10,1,74,1,1,Full Withdrawal
CUST02563,27,Male,3,SME,FD,234908.75,2,1,17258.97,13772.75,21,33,69,3,1,1,0,31,1,391,0,0,None
CUST02564,40,Female,8,Retail,Savings,34820.73,2,1,2800.35,1613.13,22,39,62,2,1,0,0,-3,1,251,0,1,Full Withdrawal
CUST02565,49,Male,7,SME,FD,387256.1,4,1,43514.84,37333.46,16,37,83,4,1,1,1,24,1,703,0,0,None
CUST02566,38,Male,4,Retail,RD,98266.08,2,1,4919.93,2614.22,18,29,68,3,0,1,1,98,1,540,0,0,None
CUST02567,63,Female,13,SME,Current,306848.59,4,1,39541.16,29608.37,25,38,84,2,0,0,1,24,1,466,3,1,Full Withdrawal
CUST02568,40,Female,19,Retail,Savings,45898.72,2,1,4108.52,3804.7,22,42,49,3,0,1,1,-4,0,606,2,0,None
CUST02569,52,Male,7,Retail,FD,97786.83,2,1,5030.9,3602.58,16,26,48,2,1,0,0,12,0,306,0,1,Account Closure
CUST02570,32,Male,10,Retail,RD,43690.48,1,1,7012.91,5888.79,12,17,58,4,1,1,1,12,1,365,0,0,None
CUST02571,36,Female,12,Retail,Savings,38171.25,2,1,5517.61,4438.85,38,65,91,1,0,0,0,96,0,606,2,1,Partial Withdrawal
CUST02572,31,Male,3,Retail,Savings,15438.74,4,1,2577.48,2258.25,31,47,84,2,1,0,0,35,1,464,0,0,None
CUST02573,64,Male,24,SME,RD,124699.53,4,1,23727.51,22133.5,19,43,85,3,1,1,0,92,1,266,0,0,None
CUST02574,44,Female,12,SME,RD,142403.79,4,1,19042.58,7850.76,29,51,94,2,1,0,0,8,1,488,3,1,Full Withdrawal
CUST02575,24,Male,19,Retail,Current,65672.98,3,1,10893.48,4524.37,14,22,60,3,1,0,1,68,1,513,1,0,None
CUST02576,24,Female,15,Retail,Savings,53436.39,2,1,3840.43,2791.73,11,17,44,3,1,0,1,61,1,73,0,0,None
CUST02577,39,Female,8,Retail,Savings,21581.03,1,1,2280.22,2108.83,13,33,72,4,1,1,1,86,1,212,1,0,None
CUST02578,46,Male,12,Retail,Current,21755.13,1,1,2715.29,1811.44,39,62,95,3,1,1,0,88,1,594,0,0,None
CUST02579,64,Male,20,Retail,RD,94276.85,3,1,11934.9,10286.44,27,53,59,3,1,1,0,93,1,165,0,0,None
CUST02580,41,Female,6,Retail,Savings,89504.32,2,1,13867.26,11403.73,20,36,54,2,1,0,0,2,1,443,1,0,None
CUST02581,50,Female,10,Retail,Savings,63010.23,4,1,10544.8,7107.6,24,53,101,3,1,0,1,39,0,396,0,0,None
CUST02582,43,Female,2,Retail,RD,5118.2,3,1,750.82,512.24,37,44,56,1,0,0,0,20,0,608,1,1,Partial Withdrawal
CUST02583,71,Female,24,Retail,Savings,46163.09,3,1,2195.48,1404.71,28,49,54,2,1,0,0,60,1,524,0,0,None
CUST02584,36,Male,13,Retail,FD,55390.66,4,1,5328.29,2870.4,17,33,65,4,1,1,1,73,1,568,1,0,None
CUST02585,60,Female,7,HNI,Savings,611423.68,3,1,80457.39,70182.32,8,26,33,2,0,0,1,27,1,204,0,0,None
CUST02586,31,Male,8,Retail,FD,92917.7,3,1,11267.12,5805.54,14,34,45,3,1,0,1,46,1,440,2,1,Full Withdrawal
CUST02587,42,Male,23,SME,RD,443670.7,4,1,20926.84,18809.18,13,17,55,2,0,0,1,-3,0,312,1,0,None
CUST02588,50,Male,16,Retail,Savings,67218.21,2,1,13235.39,7912.78,28,47,83,2,0,1,0,89,1,507,0,0,None
CUST02589,53,Male,11,Retail,FD,34814.46,1,1,6718.39,2785.27,34,45,58,3,1,1,0,3,1,107,0,0,None
CUST02590,31,Female,4,SME,RD,495221.28,1,1,81118.18,39959.46,32,48,87,2,0,1,0,83,1,545,0,0,None
CUST02591,34,Male,17,SME,RD,273300.99,4,1,13352.53,11861.1,12,31,54,2,0,1,0,40,1,671,0,0,None
CUST02592,68,Male,16,HNI,Savings,347915.34,4,1,37864.76,17820.84,18,43,62,2,1,0,0,-2,1,190,0,0,None
CUST02593,44,Male,19,Retail,Current,19095.57,2,1,2015.79,1625.38,39,55,90,3,0,1,1,2,1,474,0,0,None
CUST02594,71,Female,23,Retail,Savings,54308.62,3,1,7021.24,3514.46,3,28,48,1,0,0,0,65,1,514,0,0,None
CUST02595,44,Female,11,SME,Savings,441637.68,2,1,21617.53,14579.15,4,24,65,2,0,0,1,55,1,52,0,0,None
CUST02596,52,Male,7,Retail,Current,55908.62,3,1,6026.11,3090.57,35,56,67,4,1,1,1,27,1,593,0,0,None
CUST02597,25,Male,13,Retail,Savings,16679.28,3,1,2689.61,1568.69,33,39,78,2,0,0,1,10,1,641,2,0,None
CUST02598,70,Male,19,Retail,FD,83295.49,2,1,16632.55,7794.88,25,37,70,2,0,1,0,18,1,351,2,1,Account Closure
CUST02599,24,Female,17,Retail,Current,26065.76,4,1,3525.94,2488.61,25,35,41,2,0,1,0,73,1,380,2,0,None
CUST02600,42,Female,22,SME,FD,260918.73,4,1,49704.49,29882.53,14,20,58,3,0,1,1,39,1,93,0,0,None
CUST02601,23,Male,13,Retail,FD,45731.93,2,1,9135.69,5490.7,23,35,74,3,1,0,1,53,1,459,1,0,None
CUST02602,25,Female,12,Retail,Savings,37271.43,3,1,4083.65,1720.1,20,43,78,2,1,0,0,-2,1,493,2,1,Full Withdrawal
CUST02603,22,Male,7,Retail,Current,43422.92,3,1,6382.76,3030.99,31,39,55,3,1,1,0,4,1,132,1,1,Full Withdrawal
CUST02604,36,Female,1,Retail,FD,80570.66,3,1,5971.45,4712.32,22,50,55,4,1,1,1,42,1,8,3,1,Partial Withdrawal
CUST02605,54,Male,1,Retail,Savings,26219.11,3,1,3044.13,1707.08,24,27,60,2,1,0,0,86,1,356,3,0,None
CUST02606,27,Male,20,Retail,Savings,49689.76,2,1,2610.99,1679.23,17,38,43,2,0,1,0,42,1,661,3,1,Full Withdrawal
CUST02607,28,Male,23,Retail,FD,6900.81,1,1,308.22,252.64,8,31,36,1,0,0,0,60,0,331,4,1,Full Withdrawal
CUST02608,40,Male,14,SME,Savings,277386.33,4,1,50724.83,32698.07,21,42,61,1,0,0,0,-8,1,396,2,1,Partial Withdrawal
CUST02609,65,Female,15,Retail,FD,15610.42,4,1,2768.42,1450.89,15,37,44,3,1,0,1,76,1,218,1,0,None
CUST02610,22,Male,11,Retail,RD,31812.41,1,1,2860.9,2009.51,27,47,65,3,1,1,0,11,1,347,2,1,Account Closure
CUST02611,60,Female,24,SME,Current,429716.89,3,1,48606.35,40861.57,23,42,56,2,0,0,1,28,1,714,0,0,None
CUST02612,40,Female,9,SME,FD,70076.25,1,1,8337.51,6084.74,37,54,61,2,1,0,0,66,0,507,0,0,None
CUST02613,66,Male,17,Retail,Savings,39253.79,1,1,4840.47,3054.82,27,29,53,4,1,1,1,-2,1,359,0,0,None
CUST02614,47,Male,4,Retail,FD,52315.45,1,1,3219.04,1510.03,13,17,57,3,1,0,1,23,1,333,2,0,None
CUST02615,65,Male,20,Retail,FD,45954.07,4,1,7536.9,4045.75,32,59,90,2,0,1,0,1,0,716,0,1,Full Withdrawal
CUST02616,33,Female,19,SME,Savings,403687.82,4,1,38612.95,35538.02,5,15,55,3,1,0,1,23,1,81,0,0,None
CUST02617,43,Male,7,HNI,Current,692025.17,1,1,31190.42,25716.33,28,46,61,2,0,1,0,34,1,580,1,0,None
CUST02618,34,Male,1,SME,Current,371276.78,1,1,55041.72,24667.75,10,19,26,3,0,1,1,86,1,64,0,0,None
CUST02619,49,Male,9,Retail,Savings,73247.61,1,1,12655.75,5100.69,13,35,63,2,0,1,0,39,1,615,1,0,None
CUST02620,35,Female,13,SME,RD,292497.55,3,1,54667.88,27141.54,30,47,90,1,0,0,0,88,1,540,2,0,None
CUST02621,43,Male,24,Retail,Savings,97737.86,3,1,14455.9,13286.99,29,42,56,2,0,1,0,17,1,596,0,0,None
CUST02622,51,Male,2,Retail,Current,94763.04,3,1,6690.71,4810.76,17,22,52,3,1,1,0,28,0,455,1,0,None
CUST02623,65,Male,2,Retail,Savings,14354.55,4,1,1928.75,1661.16,9,15,51,2,1,0,0,-8,1,504,0,0,None
CUST02624,41,Male,24,HNI,Current,1456801.36,2,1,270793.03,177606.04,14,42,54,2,0,1,0,36,1,584,1,0,None
CUST02625,65,Female,15,Retail,FD,87497.44,1,1,8407.6,7185.55,15,23,40,1,0,0,0,1,1,483,1,0,None
CUST02626,48,Male,17,SME,Current,367467.85,1,1,70750.83,29620.12,16,41,48,2,0,1,0,32,1,477,1,0,None
CUST02627,59,Female,13,Retail,FD,61258.73,2,1,3407.74,2163.07,10,29,48,2,0,1,0,66,1,303,0,0,None
CUST02628,63,Female,7,Retail,FD,95677.46,1,1,14972.42,9098.39,33,56,81,2,1,0,0,56,1,204,3,1,Partial Withdrawal
CUST02629,62,Female,9,Retail,Savings,69478.18,3,1,4112.12,3864.78,23,44,90,1,0,0,0,7,1,661,0,0,None
CUST02630,55,Female,12,Retail,Savings,13733.66,3,1,2304.78,1302.8,26,41,74,2,1,0,0,100,1,48,4,0,None
CUST02631,60,Male,3,SME,Savings,158962.25,2,1,8842.26,5564.47,27,36,67,2,1,0,0,79,1,464,0,0,None
CUST02632,62,Male,23,Retail,Savings,40766.04,3,1,3755.2,3069.28,30,44,78,3,0,1,1,-1,0,679,3,1,Account Closure
CUST02633,65,Female,22,SME,Savings,408778.54,2,1,67161.45,59397.06,19,48,66,2,0,1,0,-7,0,288,1,0,None
CUST02634,58,Male,15,SME,RD,318701.38,3,1,36214.33,31981.36,37,42,87,1,0,0,0,90,1,6,0,0,None
CUST02635,22,Female,7,HNI,RD,1171683.13,1,1,212343.94,131012.17,21,34,53,2,0,0,1,1,0,344,4,1,Full Withdrawal
CUST02636,36,Male,23,Retail,Savings,75927.68,4,1,7917.59,7297.68,34,38,84,2,0,1,0,42,1,352,0,0,None
CUST02637,53,Female,1,Retail,Savings,29466.3,3,1,5869.49,4457.47,21,27,75,2,1,0,0,40,1,402,2,1,Full Withdrawal
CUST02638,29,Female,14,Retail,Savings,22269.32,2,1,957.31,831.06,4,9,27,1,0,0,0,5,1,184,1,1,Partial Withdrawal
CUST02639,54,Male,19,HNI,FD,796437.54,4,1,120556.71,109640.6,35,51,80,2,0,1,0,6,1,458,0,0,None
CUST02640,39,Male,16,HNI,Current,564171.22,1,1,105241.64,55618.09,7,36,67,3,0,1,1,93,1,521,0,0,None
CUST02641,66,Female,10,Retail,Current,93218.66,4,1,11722.98,7907.84,32,38,86,2,0,1,0,84,1,243,0,0,None
CUST02642,50,Female,1,SME,Current,130769.31,2,1,25913.44,18742.89,36,46,52,3,1,0,1,15,0,27,1,0,None
CUST02643,53,Male,5,Retail,FD,9120.96,1,1,1398.1,1176.28,33,48,69,2,1,0,0,-9,1,613,1,1,Full Withdrawal
CUST02644,54,Female,3,Retail,Savings,63940.97,1,1,6951.93,4314.65,10,38,57,2,0,0,1,18,1,648,0,0,None
CUST02645,26,Male,17,Retail,Savings,10336.14,3,1,1265.77,652.82,28,45,76,4,1,1,1,83,1,181,0,0,None
CUST02646,39,Male,18,SME,Savings,226990.07,4,1,40947.9,33117.8,25,29,43,3,0,1,1,36,1,578,0,0,None
CUST02647,69,Female,21,Retail,Savings,41245.32,3,1,7969.15,5783.88,23,39,86,1,0,0,0,0,1,4,0,0,None
CUST02648,31,Female,19,SME,RD,303821.92,1,1,39175.35,35025.29,31,50,63,2,0,1,0,90,0,458,1,0,None
CUST02649,57,Female,22,SME,Savings,213501.39,3,1,19032.38,14469.68,37,56,63,2,0,1,0,23,1,25,0,0,None
CUST02650,54,Female,22,SME,Savings,141122.13,3,1,11048.74,4521.75,27,42,70,2,1,0,0,60,0,681,0,0,None
CUST02651,44,Male,18,Retail,RD,76154.13,2,1,8858.84,8253.41,3,29,34,3,0,1,1,92,1,462,0,0,None
CUST02652,61,Female,16,Retail,Savings,28338.34,3,1,2477.17,1798.95,8,16,58,1,0,0,0,18,0,202,0,0,None
CUST02653,26,Male,2,Retail,Savings,81040.29,1,1,8698.37,6330.09,28,55,65,3,0,1,1,86,1,712,1,0,None
CUST02654,55,Male,15,Retail,FD,77052.49,3,1,13369.74,12034.02,17,46,55,2,1,0,0,38,1,646,4,1,Account Closure
CUST02655,45,Male,13,Retail,FD,23845.99,1,1,2754.64,2107.56,30,51,59,2,0,1,0,80,1,177,1,0,None
CUST02656,38,Male,13,HNI,Savings,1218623.92,1,1,173703.41,115274.21,22,29,36,3,1,0,1,5,0,37,3,1,Full Withdrawal
CUST02657,52,Male,16,Retail,FD,20321.56,2,1,1105.84,507.59,27,54,103,2,0,1,0,70,1,83,0,0,None
CUST02658,28,Male,8,Retail,FD,80728.85,1,1,13073.26,12147.8,19,36,70,2,0,1,0,64,1,177,0,0,None
CUST02659,38,Male,11,Retail,Savings,44950.7,1,1,5271.13,2336.0,2,25,65,3,1,1,0,3,1,212,2,1,Full Withdrawal
CUST02660,49,Male,8,Retail,Current,22386.55,2,1,2188.3,1080.29,3,23,50,2,0,0,1,2,1,639,0,1,Full Withdrawal
CUST02661,59,Female,22,Retail,Current,94120.58,1,1,12965.89,11030.67,15,25,36,2,1,0,0,24,1,650,2,1,Partial Withdrawal
CUST02662,43,Male,10,Retail,RD,96509.46,2,1,5435.19,3640.07,39,60,96,2,0,0,1,79,1,210,0,0,None
CUST02663,36,Male,23,HNI,RD,745229.55,4,1,79173.03,39431.94,16,18,65,1,0,0,0,41,1,591,0,0,None
CUST02664,58,Female,1,Retail,Savings,49571.58,4,1,8415.05,4690.46,37,56,70,2,0,0,1,14,1,96,0,0,None
CUST02665,36,Female,12,HNI,Current,1093343.79,4,1,89577.93,84804.14,25,47,88,3,1,0,1,93,1,139,1,0,None
CUST02666,71,Female,9,SME,Savings,459828.08,1,1,85645.45,61768.45,26,41,78,2,1,0,0,97,0,244,1,0,None
CUST02667,71,Male,5,Retail,Savings,30273.67,3,1,4134.87,2567.29,10,25,55,3,1,1,0,96,1,221,0,0,None
CUST02668,46,Female,9,HNI,Savings,781852.8,2,1,98924.23,87243.22,16,25,72,3,1,0,1,48,1,488,3,0,None
CUST02669,42,Male,16,Retail,Current,84418.96,4,1,8773.78,5824.33,38,62,111,3,0,1,1,65,1,295,1,0,None
CUST02670,59,Male,18,SME,Current,132318.33,2,1,21001.55,11957.54,7,33,68,3,1,1,0,100,0,385,1,0,None
CUST02671,23,Male,8,Retail,Savings,94229.02,4,1,12279.44,6020.88,13,31,65,3,1,0,1,57,1,576,0,0,None
CUST02672,48,Female,23,SME,FD,474179.71,4,1,79399.86,64270.86,28,47,74,2,0,0,1,31,1,559,1,0,None
CUST02673,70,Male,11,SME,FD,189057.63,1,1,17595.33,12808.04,8,24,57,1,0,0,0,37,0,136,0,0,None
CUST02674,53,Male,20,SME,FD,471188.03,2,1,71772.45,32354.64,29,40,52,1,0,0,0,94,1,76,0,0,None
CUST02675,42,Male,19,SME,Savings,336925.81,1,1,64336.26,46669.65,13,34,54,2,1,0,0,80,1,126,0,0,None
CUST02676,25,Female,4,Retail,FD,58503.97,2,1,4960.38,2419.17,36,53,66,1,0,0,0,34,1,348,0,0,None
CUST02677,65,Female,20,Retail,RD,28727.78,2,1,5658.23,5318.43,3,11,19,3,1,0,1,61,1,467,2,0,None
CUST02678,40,Male,10,Retail,Savings,67190.03,3,1,7100.94,3854.67,27,45,68,3,1,1,0,61,1,477,2,1,Account Closure
CUST02679,23,Female,24,Retail,Savings,17842.3,4,1,823.69,644.79,21,27,70,2,0,1,0,18,0,106,1,1,Account Closure
CUST02680,47,Male,13,SME,RD,116545.34,1,1,11331.96,8621.64,26,45,93,1,0,0,0,-8,1,382,0,0,None
CUST02681,55,Female,20,Retail,Current,43086.79,3,1,2755.09,2149.64,22,37,82,2,0,1,0,10,0,226,0,1,Partial Withdrawal
CUST02682,35,Male,14,HNI,Current,334606.47,2,1,29674.8,18887.93,2,21,38,3,1,0,1,20,0,627,4,1,Account Closure
CUST02683,36,Female,21,Retail,Savings,34334.51,4,1,1900.59,837.94,29,48,64,3,0,1,1,2,1,403,2,0,None
CUST02684,41,Male,2,SME,Current,394245.29,1,1,27010.76,25363.21,39,55,68,3,1,0,1,84,1,88,2,0,None
CUST02685,55,Female,4,Retail,Savings,22170.37,3,1,1336.25,675.26,14,40,56,3,1,1,0,70,1,226,1,0,None
CUST02686,57,Male,7,SME,Savings,425741.06,2,1,19991.19,16459.67,31,43,71,3,1,0,1,37,1,322,0,0,None
CUST02687,40,Male,19,HNI,Current,453651.51,3,1,39644.52,18857.53,11,38,55,2,1,0,0,85,1,576,0,0,None
CUST02688,30,Male,17,Retail,Savings,80262.07,2,1,15294.23,8483.07,23,29,68,3,0,1,1,13,0,109,0,0,None
CUST02689,28,Male,16,Retail,FD,90606.41,2,1,17387.63,12309.36,30,47,83,2,1,0,0,-9,0,381,1,1,Full Withdrawal
CUST02690,51,Male,13,SME,RD,373811.11,4,1,65590.18,41151.81,6,15,57,3,1,1,0,95,1,201,0,0,None
CUST02691,34,Female,24,Retail,Current,72224.89,1,1,3029.29,2808.29,9,23,41,3,1,0,1,-8,1,375,0,0,None
CUST02692,48,Male,24,Retail,Current,48954.3,4,1,2178.45,1887.03,12,39,45,4,1,1,1,15,1,71,2,1,Account Closure
CUST02693,65,Female,22,Retail,Savings,34332.51,1,1,1430.2,1297.17,27,50,75,3,1,0,1,-9,1,389,0,1,Account Closure
CUST02694,56,Female,23,Retail,Savings,20662.31,1,1,2038.59,1533.8,20,48,83,3,1,0,1,22,1,296,0,0,None
CUST02695,34,Female,18,Retail,RD,54225.42,2,1,10673.8,5554.68,20,38,77,4,1,1,1,23,1,160,1,1,Partial Withdrawal
CUST02696,36,Female,21,Retail,Savings,93339.51,3,1,17127.24,11735.15,31,58,78,3,1,0,1,79,0,360,1,0,None
CUST02697,67,Female,12,Retail,Savings,89547.36,1,1,7171.45,5888.07,37,47,91,2,0,1,0,87,1,522,1,0,None
CUST02698,30,Male,23,Retail,Current,92364.45,1,1,9756.57,4249.91,10,26,56,3,1,1,0,27,0,446,0,0,None
CUST02699,66,Female,1,HNI,Current,1465060.76,1,1,251856.45,220302.46,8,16,58,1,0,0,0,67,1,168,0,0,None
CUST02700,44,Male,15,Retail,Savings,20709.01,1,1,3341.88,2497.2,19,47,54,2,0,0,1,84,1,629,0,0,None
CUST02701,57,Female,3,HNI,Savings,375100.52,2,1,22963.24,18323.85,10,29,70,3,1,1,0,9,1,595,4,1,Account Closure
CUST02702,61,Female,6,Retail,FD,45637.33,4,1,2612.48,2042.6,7,22,62,4,1,1,1,-1,1,345,0,0,None
CUST02703,24,Male,14,Retail,Savings,70484.6,3,1,8951.21,7754.16,7,16,58,2,0,0,1,73,1,486,2,0,None
CUST02704,55,Male,23,Retail,Savings,46770.92,2,1,2634.97,1180.83,23,26,32,4,1,1,1,22,0,686,0,0,None
CUST02705,40,Male,6,Retail,Savings,89773.67,2,1,15441.34,9378.67,18,37,63,3,1,1,0,34,0,179,5,1,Account Closure
CUST02706,49,Female,1,Retail,Savings,73152.67,2,1,5891.15,3985.0,16,21,28,2,0,0,1,49,1,139,0,0,None
CUST02707,44,Female,20,Retail,Current,65227.23,1,1,4574.57,3205.07,10,35,79,2,0,0,1,55,1,206,0,0,None
CUST02708,61,Male,6,Retail,Current,11748.59,3,1,818.96,752.14,7,31,77,2,0,1,0,99,1,691,2,0,None
CUST02709,70,Female,8,Retail,FD,21656.87,2,1,1023.01,433.1,24,27,57,4,1,1,1,50,0,619,0,0,None
CUST02710,66,Female,15,SME,Savings,403753.63,2,1,57613.05,50498.78,18,29,60,2,0,0,1,40,1,467,1,0,None
CUST02711,28,Male,14,Retail,Savings,97755.6,2,1,6483.09,4561.15,33,40,82,2,0,0,1,1,0,33,1,0,None
CUST02712,62,Male,16,Retail,Savings,36768.83,1,1,2843.48,2004.78,33,45,93,2,1,0,0,69,1,130,1,0,None
CUST02713,33,Female,20,SME,Savings,481093.48,1,1,77075.49,44409.49,38,66,78,1,0,0,0,-2,1,630,2,1,Partial Withdrawal
CUST02714,35,Female,23,Retail,Savings,98946.07,2,1,4867.85,3670.32,4,25,52,1,0,0,0,0,1,605,0,0,None
CUST02715,67,Female,16,Retail,Savings,30082.38,1,1,2179.14,1646.4,17,28,38,2,0,0,1,10,1,82,3,1,Full Withdrawal
CUST02716,36,Male,19,HNI,Savings,768782.63,3,1,49121.95,24762.95,3,21,50,3,1,0,1,65,0,110,4,0,None
CUST02717,24,Male,24,Retail,Current,56901.66,1,1,2320.21,1792.02,4,29,49,1,0,0,0,57,1,10,1,0,None
CUST02718,36,Male,1,SME,Savings,56008.6,2,1,7073.59,3867.05,15,24,54,2,0,0,1,15,1,696,1,1,Account Closure
CUST02719,45,Male,4,HNI,Savings,703369.67,3,1,49521.05,38568.61,15,22,41,3,1,1,0,52,1,399,5,1,Partial Withdrawal
CUST02720,67,Male,24,Retail,Savings,7510.86,1,1,1061.02,781.51,31,48,84,3,1,1,0,8,1,726,0,0,None
CUST02721,29,Female,10,Retail,Savings,43700.88,2,1,5256.55,4172.51,28,39,83,2,0,0,1,95,0,539,0,0,None
CUST02722,26,Male,20,Retail,Current,34673.08,4,1,5092.11,2092.02,18,42,65,2,0,0,1,100,1,470,0,0,None
CUST02723,25,Female,18,Retail,Savings,59250.02,4,1,11675.23,5475.11,10,39,57,3,0,1,1,6,0,661,0,0,None
CUST02724,35,Male,2,Retail,Savings,5886.38,3,1,442.54,381.52,37,57,105,4,1,1,1,33,1,415,2,0,None
CUST02725,37,Female,4,SME,Savings,125437.47,3,1,18381.65,11201.74,11,37,76,2,0,1,0,50,1,701,0,0,None
CUST02726,41,Male,15,Retail,Savings,51074.03,3,1,8855.1,7617.11,30,35,65,2,0,1,0,-10,1,128,0,0,None
CUST02727,45,Male,4,Retail,FD,71565.47,1,1,13825.15,6006.62,5,33,74,3,1,0,1,61,1,482,0,0,None
CUST02728,27,Male,16,HNI,RD,1079301.29,3,1,150641.85,124001.48,22,25,42,3,1,1,0,47,1,454,0,0,None
CUST02729,52,Female,15,SME,Savings,494091.9,1,1,30106.72,13429.76,38,59,71,2,0,1,0,83,1,269,0,0,None
CUST02730,27,Female,18,Retail,Current,90077.22,2,1,4379.16,2879.65,3,6,24,2,1,0,0,30,1,424,1,0,None
CUST02731,56,Male,7,Retail,Savings,25035.32,1,1,2117.04,1938.5,16,29,59,2,0,1,0,13,1,527,0,1,Account Closure
CUST02732,36,Male,15,Retail,Savings,25661.43,1,1,4837.31,2141.59,29,34,68,2,0,0,1,32,1,443,0,0,None
CUST02733,50,Female,22,Retail,Savings,58150.28,2,1,7321.65,4340.74,26,43,87,1,0,0,0,70,1,223,1,0,None
CUST02734,24,Male,11,Retail,FD,67721.31,4,1,8985.87,6156.15,27,30,76,2,1,0,0,83,1,426,0,0,None
CUST02735,32,Male,19,Retail,Savings,38695.38,1,1,5328.21,4767.16,10,27,44,2,0,0,1,94,1,663,1,0,None
CUST02736,24,Female,8,SME,RD,423172.01,1,1,39420.35,22979.46,31,60,100,2,0,1,0,96,1,366,0,0,None
CUST02737,49,Female,24,Retail,Savings,26646.36,2,1,1840.05,1552.77,10,26,41,3,0,1,1,-2,1,99,1,1,Account Closure
CUST02738,31,Male,1,Retail,Savings,17911.51,3,1,3451.17,2743.66,2,17,23,3,1,0,1,55,1,310,0,0,None
CUST02739,71,Male,3,Retail,FD,27634.95,2,1,4445.4,2528.93,13,25,59,4,1,1,1,79,0,520,0,0,None
CUST02740,54,Female,5,Retail,RD,92055.44,4,1,11209.41,6584.94,14,30,58,2,1,0,0,21,1,97,1,0,None
CUST02741,69,Male,18,SME,FD,392493.41,3,1,39356.42,19877.22,15,40,62,3,1,1,0,80,1,668,2,0,None
CUST02742,37,Male,12,SME,FD,158779.88,4,1,18615.92,14541.44,11,18,45,3,0,1,1,30,1,583,1,1,Partial Withdrawal
CUST02743,31,Female,12,SME,Savings,357707.7,1,1,16235.08,11522.14,18,43,53,1,0,0,0,0,0,491,2,1,Full Withdrawal
CUST02744,54,Female,21,Retail,Savings,13852.57,4,1,1102.65,535.03,18,46,61,2,1,0,0,54,0,397,0,0,None
CUST02745,57,Male,19,Retail,Savings,32876.12,4,1,2633.8,1951.75,32,49,60,2,0,0,1,90,1,170,1,0,None
CUST02746,24,Female,9,Retail,Savings,82079.11,2,1,9131.76,6157.16,27,29,66,2,0,1,0,7,1,159,0,0,None
CUST02747,26,Female,11,Retail,RD,35530.58,3,1,2764.39,1246.53,36,62,76,3,0,1,1,-3,1,13,2,1,Partial Withdrawal
CUST02748,33,Male,17,Retail,FD,22637.25,1,1,1577.21,1458.19,37,66,91,3,1,1,0,16,1,120,0,0,None
CUST02749,65,Female,16,SME,FD,283282.83,1,1,46029.05,39544.28,12,24,37,3,1,1,0,71,1,306,3,0,None
CUST02750,34,Male,4,Retail,Savings,16785.09,1,1,3071.01,1348.37,17,32,66,2,0,0,1,-2,1,327,1,0,None
CUST02751,45,Male,10,Retail,Current,49670.6,3,1,2520.41,2299.11,30,33,62,2,1,0,0,-9,0,406,0,0,None
CUST02752,65,Female,22,Retail,FD,69177.64,3,1,5087.64,4600.11,19,44,73,2,1,0,0,70,1,482,0,0,None
CUST02753,53,Male,15,Retail,Current,40040.62,4,1,6558.25,2775.46,12,29,57,2,0,1,0,64,1,137,2,0,None
CUST02754,37,Male,19,Retail,Savings,21493.09,4,1,3665.29,1872.28,12,17,33,1,0,0,0,35,1,483,0,1,Account Closure
CUST02755,53,Male,3,HNI,FD,1794639.14,3,1,215402.67,169376.42,10,25,36,3,1,1,0,59,0,515,0,0,None
CUST02756,66,Male,21,SME,Current,336083.47,1,1,50809.52,46440.69,26,43,81,1,0,0,0,-6,1,704,0,1,Full Withdrawal
CUST02757,58,Female,23,HNI,RD,855033.5,3,1,44817.48,38216.45,33,49,56,3,1,0,1,1,1,21,1,0,None
CUST02758,57,Female,5,Retail,Savings,11739.03,2,1,2065.18,1146.27,35,38,48,2,0,0,1,33,1,249,0,0,None
CUST02759,42,Female,11,Retail,Savings,35220.52,3,1,6101.48,2552.81,4,18,49,3,0,1,1,31,0,589,0,0,None
CUST02760,68,Male,24,Retail,Current,44430.01,3,1,6706.46,4426.85,15,33,56,2,0,1,0,88,1,353,1,0,None
CUST02761,33,Male,5,Retail,Savings,25564.82,1,1,4770.71,2149.58,26,55,67,3,1,1,0,77,0,266,0,0,None
CUST02762,42,Male,7,SME,Current,279110.53,4,1,13291.66,7109.88,17,38,78,4,1,1,1,19,1,402,1,0,None
CUST02763,42,Male,6,Retail,Savings,25858.17,2,1,1989.89,1496.5,37,48,91,4,1,1,1,41,1,488,1,0,None
CUST02764,64,Male,13,Retail,RD,46360.14,2,1,4543.63,3054.5,10,26,66,2,1,0,0,70,1,257,0,0,None
CUST02765,27,Female,2,Retail,FD,12545.6,2,1,820.16,498.0,5,23,45,3,1,0,1,36,1,550,3,1,Partial Withdrawal
CUST02766,30,Female,19,Retail,Savings,73009.72,3,1,12438.84,11337.74,3,12,23,2,0,0,1,25,1,695,1,1,Account Closure
CUST02767,22,Female,11,SME,Savings,357769.1,1,1,57654.82,29180.91,26,29,34,2,0,0,1,59,1,588,0,0,None
CUST02768,33,Male,20,Retail,Current,46271.82,3,1,7575.64,5061.38,23,48,57,3,1,1,0,21,0,43,1,1,Account Closure
CUST02769,35,Female,5,Retail,FD,54277.63,4,1,4700.82,3363.07,6,33,79,2,1,0,0,87,0,51,0,0,None
CUST02770,27,Male,9,Retail,Savings,67301.57,1,1,10904.86,6292.85,22,24,42,2,0,0,1,33,1,93,2,1,Full Withdrawal
CUST02771,22,Male,6,Retail,Savings,99505.86,2,1,5939.42,4679.75,11,35,40,3,0,1,1,5,1,572,0,0,None
CUST02772,43,Female,17,SME,Current,418396.08,3,1,23885.43,20947.6,24,48,64,1,0,0,0,60,0,716,0,0,None
CUST02773,55,Female,19,SME,Current,200668.88,1,1,26779.1,18686.82,28,34,57,4,1,1,1,85,1,5,1,0,None
CUST02774,32,Male,23,HNI,Savings,1145436.29,3,1,54736.95,45417.18,31,35,41,4,1,1,1,6,0,42,0,0,None
CUST02775,24,Male,8,SME,FD,362066.85,1,1,68859.36,29852.52,5,28,46,2,0,0,1,21,0,258,4,1,Full Withdrawal
CUST02776,63,Male,7,Retail,RD,34536.33,2,1,3198.6,1549.98,7,19,26,3,1,1,0,3,0,444,2,1,Full Withdrawal
CUST02777,27,Female,5,SME,Savings,497941.02,4,1,57923.1,37888.31,27,44,83,3,1,0,1,15,1,398,0,0,None
CUST02778,27,Male,15,Retail,Current,42950.53,4,1,7306.6,6623.88,11,33,50,2,0,1,0,62,0,559,0,0,None
CUST02779,41,Female,10,Retail,Savings,5216.91,3,1,542.6,375.68,6,16,23,3,1,0,1,2,1,566,1,0,None
CUST02780,42,Male,24,SME,Savings,451486.27,2,1,49168.32,31357.89,38,43,61,3,1,1,0,78,0,35,1,0,None
CUST02781,23,Male,16,Retail,Savings,17020.67,3,1,1628.39,1188.82,2,12,50,1,0,0,0,1,1,559,1,1,Account Closure
CUST02782,47,Male,9,HNI,Savings,811739.57,3,1,78150.84,36610.24,35,50,99,2,0,0,1,34,0,380,0,0,None
CUST02783,52,Male,7,Retail,FD,11160.54,1,1,1282.04,973.74,9,20,33,2,1,0,0,5,0,529,0,0,None
CUST02784,47,Male,11,Retail,Current,52592.41,1,1,10063.48,4545.79,22,45,59,2,0,0,1,83,1,387,1,0,None
CUST02785,53,Female,9,SME,Savings,479601.13,1,1,91010.5,65276.04,32,49,61,3,1,0,1,41,0,73,0,0,None
CUST02786,31,Female,17,SME,Savings,405308.23,2,1,51565.69,40887.18,24,34,67,2,0,1,0,10,1,320,5,1,Account Closure
CUST02787,44,Female,9,Retail,Current,52050.56,2,1,5879.3,3682.38,12,16,59,3,0,1,1,13,1,332,1,1,Partial Withdrawal
CUST02788,27,Female,3,Retail,Savings,75584.37,3,1,12796.87,11529.94,17,46,83,3,0,1,1,32,1,7,0,1,Partial Withdrawal
CUST02789,44,Female,22,Retail,Savings,38570.65,1,1,5745.05,2778.41,28,30,57,2,0,0,1,-6,1,477,0,0,None
CUST02790,49,Female,8,Retail,Current,23402.87,2,1,4237.09,2093.24,8,37,49,2,0,1,0,100,1,318,1,0,None
CUST02791,70,Female,19,Retail,RD,85491.83,3,1,13413.49,9178.89,25,48,92,2,0,0,1,22,0,634,2,1,Full Withdrawal
CUST02792,51,Male,20,SME,Savings,123593.71,2,1,23776.35,21693.79,33,54,96,2,0,0,1,20,1,18,0,0,None
CUST02793,35,Male,16,Retail,Current,81740.43,3,1,14860.35,9137.39,36,48,75,2,1,0,0,-2,1,688,2,1,Full Withdrawal
CUST02794,58,Male,7,SME,Savings,403398.89,4,1,71337.01,64882.43,32,59,99,3,1,0,1,24,0,11,0,0,None
CUST02795,53,Male,7,Retail,Current,64428.95,1,1,6613.48,5167.85,30,51,98,2,1,0,0,-3,1,638,0,1,Account Closure
CUST02796,70,Male,20,Retail,Current,50319.5,4,1,5122.22,4253.52,5,26,50,2,1,0,0,64,1,147,1,0,None
CUST02797,55,Female,13,SME,FD,122510.05,3,1,19429.17,17793.8,36,38,54,1,0,0,0,6,1,596,0,0,None
CUST02798,62,Male,3,Retail,Current,41852.47,3,1,2234.92,1597.48,12,18,58,3,1,1,0,69,0,487,2,0,None
CUST02799,65,Male,12,Retail,Savings,95942.24,1,1,8783.93,6613.5,35,45,58,2,1,0,0,9,1,518,2,1,Account Closure
CUST02800,43,Male,24,Retail,Savings,43359.15,1,1,8201.64,5892.43,16,20,57,3,0,1,1,80,0,552,0,0,None
CUST02801,52,Male,8,HNI,Savings,927577.0,3,1,103903.65,86413.78,15,28,38,2,0,0,1,67,1,165,4,0,None
CUST02802,28,Male,13,SME,Current,128631.07,2,1,10700.01,5889.0,22,41,77,3,0,1,1,11,1,121,1,1,Partial Withdrawal
CUST02803,62,Male,20,Retail,FD,13212.94,1,1,1535.77,1279.95,8,37,42,2,0,0,1,43,1,65,2,0,None
CUST02804,42,Male,16,Retail,Current,75619.75,3,1,6516.48,5163.99,18,21,49,2,0,1,0,60,1,308,1,0,None
CUST02805,37,Male,7,Retail,FD,24823.42,1,1,4044.27,2956.91,19,30,63,2,1,0,0,64,1,230,2,0,None
CUST02806,41,Female,4,SME,Savings,75014.81,1,1,13209.87,5565.79,15,23,35,3,0,1,1,70,1,41,5,1,Partial Withdrawal
CUST02807,64,Female,12,SME,Savings,281256.71,4,1,46470.73,38384.79,39,62,79,2,0,0,1,66,0,30,2,0,None
CUST02808,65,Male,17,Retail,Savings,94709.8,4,1,6046.99,2859.22,30,49,78,3,1,1,0,70,1,88,0,0,None
CUST02809,68,Male,1,Retail,Savings,58181.35,2,1,5455.62,5068.73,11,28,61,3,1,0,1,64,1,286,1,0,None
CUST02810,71,Male,17,Retail,Savings,54341.53,1,1,4034.06,1794.44,18,32,60,1,0,0,0,57,1,126,1,0,None
CUST02811,40,Female,2,SME,FD,469679.46,3,1,22003.48,17518.11,33,35,66,1,0,0,0,69,1,649,1,0,None
CUST02812,69,Male,6,SME,Savings,425303.78,3,1,67312.01,40268.34,21,29,59,2,0,1,0,20,1,613,2,0,None
CUST02813,53,Male,12,Retail,Current,99346.03,1,1,10782.77,8676.14,18,30,54,4,1,1,1,74,0,272,0,0,None
CUST02814,36,Female,11,Retail,FD,65191.15,1,1,5492.99,3765.03,8,15,23,1,0,0,0,86,1,51,0,0,None
CUST02815,26,Male,21,Retail,Savings,40969.13,2,1,3654.63,2727.19,31,53,79,1,0,0,0,2,1,9,0,0,None
CUST02816,32,Male,11,HNI,FD,1768016.95,2,1,108914.5,48084.69,39,45,56,2,0,1,0,18,0,371,0,0,None
CUST02817,36,Male,18,Retail,Savings,23888.01,2,1,4115.47,3833.82,11,22,44,2,0,0,1,68,0,691,0,0,None
CUST02818,50,Female,8,SME,Savings,151125.2,3,1,9525.11,3830.19,33,37,51,2,0,0,1,-1,1,213,0,0,None
CUST02819,71,Female,7,Retail,Savings,99273.45,4,1,9344.67,8575.02,27,55,90,3,1,0,1,22,0,657,0,0,None
CUST02820,66,Female,14,Retail,Savings,71309.09,2,1,2936.66,2092.48,18,34,64,1,0,0,0,4,1,673,1,1,Partial Withdrawal
CUST02821,25,Male,16,Retail,FD,95803.75,3,1,10521.73,5703.29,2,15,64,3,1,0,1,96,0,90,2,0,None
CUST02822,70,Male,12,Retail,FD,38249.58,2,1,3701.34,2778.78,27,33,63,1,0,0,0,66,1,502,0,0,None
CUST02823,57,Female,9,Retail,Savings,64621.55,3,1,10019.98,7716.32,31,46,75,2,0,1,0,24,1,354,5,1,Account Closure
CUST02824,69,Female,20,SME,Savings,93126.3,1,1,14383.37,11530.89,10,23,45,1,0,0,0,43,1,614,1,0,None
CUST02825,44,Male,23,Retail,Savings,50791.72,3,1,2345.61,959.45,34,57,85,2,0,0,1,10,1,601,0,0,None
CUST02826,36,Female,21,Retail,Current,65075.5,1,1,3809.4,3582.86,27,39,87,1,0,0,0,19,1,226,0,0,None
CUST02827,67,Male,16,Retail,Savings,34482.19,3,1,6370.25,4713.04,11,35,54,2,1,0,0,35,1,636,1,0,None
CUST02828,65,Male,21,HNI,Current,1363826.74,4,1,227333.19,138137.86,33,57,69,2,1,0,0,96,0,50,4,1,Full Withdrawal
CUST02829,24,Female,19,SME,FD,374751.29,3,1,38343.65,27371.91,34,48,95,2,0,0,1,31,1,560,1,1,Account Closure
CUST02830,53,Male,16,Retail,Savings,84430.77,1,1,5624.77,2801.88,28,39,68,3,1,0,1,98,1,301,0,0,None
CUST02831,31,Female,9,HNI,RD,965936.5,4,1,78941.17,42312.2,30,41,80,2,0,0,1,60,1,79,1,0,None
CUST02832,61,Male,13,Retail,Savings,35378.57,3,1,5139.95,2298.48,20,45,73,2,0,1,0,38,0,706,1,0,None
CUST02833,59,Male,5,Retail,RD,47826.0,3,1,9148.1,8083.06,19,41,85,2,1,0,0,13,1,557,2,1,Account Closure
CUST02834,43,Female,22,SME,Savings,361867.93,2,1,50125.26,26986.44,36,51,93,3,1,0,1,69,1,634,0,0,None
CUST02835,35,Female,19,SME,Savings,165909.44,4,1,7338.39,5920.91,29,50,75,1,0,0,0,58,1,174,2,0,None
CUST02836,38,Male,10,SME,FD,268496.09,1,1,38694.29,21313.17,39,56,61,3,1,0,1,-5,1,447,3,1,Account Closure
CUST02837,42,Male,7,Retail,FD,14572.27,4,1,2785.64,1337.93,11,24,54,2,0,0,1,-9,1,599,2,1,Full Withdrawal
CUST02838,69,Female,9,Retail,FD,59207.6,1,1,5765.79,2649.23,4,28,42,2,1,0,0,-8,1,591,0,0,None
CUST02839,36,Male,14,HNI,Savings,1945939.68,2,1,368500.47,321750.43,30,49,79,2,1,0,0,42,0,642,1,0,None
CUST02840,36,Female,15,Retail,RD,8302.8,2,1,1223.0,569.74,17,42,48,1,0,0,0,-1,1,572,2,1,Account Closure
CUST02841,22,Female,13,Retail,Savings,46272.55,1,1,3256.37,1458.63,37,42,86,3,0,1,1,13,1,587,4,1,Full Withdrawal
CUST02842,45,Male,10,Retail,Savings,31708.32,1,1,2005.52,812.53,2,13,31,2,1,0,0,22,1,541,0,0,None
CUST02843,33,Male,14,Retail,Savings,11362.85,1,1,775.04,466.22,19,21,58,2,0,0,1,73,1,60,0,0,None
CUST02844,31,Male,21,Retail,FD,32870.14,2,1,4992.18,4585.21,5,24,67,1,0,0,0,11,1,69,2,1,Account Closure
CUST02845,67,Female,23,HNI,Current,731525.42,4,1,98260.99,88411.06,6,22,27,3,0,1,1,50,1,677,0,0,None
CUST02846,63,Male,12,Retail,Savings,38732.0,2,1,4372.34,2025.61,22,40,74,2,1,0,0,85,1,596,1,0,None
CUST02847,63,Male,19,Retail,Savings,39815.12,3,1,3270.28,1330.59,5,27,68,2,0,0,1,83,1,336,2,0,None
CUST02848,52,Male,6,Retail,Savings,45828.29,2,1,8485.43,6899.11,21,23,45,2,0,0,1,56,1,341,0,0,None
CUST02849,32,Female,12,SME,Savings,230366.46,3,1,17092.95,9718.41,20,48,82,3,1,1,0,-7,0,677,0,0,None
CUST02850,37,Male,24,Retail,Current,5501.39,3,1,469.69,403.5,36,51,82,3,1,1,0,40,1,698,2,0,None
CUST02851,30,Male,13,Retail,Current,74920.69,2,1,3655.15,1895.14,25,38,72,3,0,1,1,-7,1,567,1,1,Full Withdrawal
CUST02852,68,Female,8,SME,Current,257532.46,2,1,21646.13,14518.38,21,47,96,1,0,0,0,28,1,370,0,0,None
CUST02853,35,Female,16,SME,RD,359080.78,2,1,67386.4,28175.62,29,57,97,2,1,0,0,20,0,533,0,0,None
CUST02854,40,Female,2,SME,Savings,255700.87,4,1,17903.32,15971.43,39,51,76,2,0,0,1,46,1,476,1,0,None
CUST02855,52,Male,22,HNI,Savings,850326.47,2,1,61762.66,30750.81,25,46,66,3,1,0,1,62,1,226,0,0,None
CUST02856,30,Male,7,Retail,Current,34965.35,1,1,4755.16,2672.81,21,48,69,3,1,1,0,19,1,392,0,0,None
CUST02857,57,Female,12,SME,Current,208157.1,2,1,27208.75,18062.13,25,45,67,3,1,0,1,82,1,366,1,0,None
CUST02858,60,Male,7,Retail,Current,25897.27,3,1,1764.99,969.33,7,33,71,2,1,0,0,78,0,351,0,0,None
CUST02859,47,Female,19,SME,RD,86453.1,4,1,5591.99,2360.32,39,44,69,2,0,1,0,28,0,149,2,1,Account Closure
CUST02860,29,Female,14,SME,Current,252306.75,4,1,14814.52,6162.8,26,44,60,1,0,0,0,88,0,187,4,1,Account Closure
CUST02861,45,Male,9,SME,Savings,361377.06,3,1,64243.33,59448.68,33,52,87,4,1,1,1,14,1,125,0,0,None
CUST02862,29,Female,18,SME,Savings,71902.41,4,1,10404.97,6024.72,18,23,37,2,0,0,1,47,1,341,0,0,None
CUST02863,40,Female,11,Retail,FD,97492.12,4,1,18772.24,10961.4,18,46,91,2,0,0,1,90,1,221,0,0,None
CUST02864,68,Male,16,Retail,FD,89860.42,1,1,5978.72,5426.26,6,8,16,3,0,1,1,25,1,698,1,0,None
CUST02865,69,Male,19,HNI,Savings,1784312.31,1,1,202870.21,174444.95,18,25,44,4,1,1,1,0,1,625,0,0,None
CUST02866,51,Male,11,HNI,Savings,1229005.22,4,1,195273.47,151887.2,10,18,64,3,1,0,1,79,1,154,2,0,None
CUST02867,43,Male,18,Retail,Current,14078.24,2,1,1044.15,795.83,21,23,68,2,0,0,1,95,1,525,2,0,None
CUST02868,30,Male,11,Retail,Current,74290.74,4,1,11110.05,9339.08,3,10,42,2,0,1,0,35,1,514,0,0,None
CUST02869,65,Female,4,Retail,Savings,32132.41,1,1,3721.21,1834.12,20,24,35,1,0,0,0,78,1,241,2,0,None
CUST02870,69,Female,18,SME,Current,190460.44,4,1,20747.35,15879.01,10,34,49,2,1,0,0,10,0,161,0,0,None
CUST02871,25,Male,19,SME,Savings,182131.38,2,1,26081.14,11843.95,20,37,70,2,0,0,1,-9,1,448,4,1,Account Closure
CUST02872,58,Male,13,Retail,RD,8180.54,2,1,939.38,441.12,5,33,71,2,1,0,0,63,1,31,0,0,None
CUST02873,29,Female,4,Retail,Savings,71009.63,1,1,12157.0,6485.95,7,10,44,3,1,0,1,28,0,577,5,1,Account Closure
CUST02874,22,Male,10,SME,FD,147951.73,4,1,27945.63,22088.0,37,40,71,1,0,0,0,88,0,719,1,0,None
CUST02875,49,Female,22,SME,Current,204458.44,1,1,27441.88,24447.97,12,24,53,2,0,1,0,22,1,182,1,0,None
CUST02876,27,Male,5,Retail,Savings,91191.42,3,1,8033.52,6265.6,22,43,85,2,0,0,1,94,1,615,2,0,None
CUST02877,68,Male,3,Retail,Current,86674.96,1,1,14245.51,8962.46,26,38,82,1,0,0,0,20,0,629,2,0,None
CUST02878,57,Male,16,Retail,Savings,10465.71,1,1,704.12,480.57,31,40,67,2,0,0,1,-7,1,143,1,1,Full Withdrawal
CUST02879,32,Female,8,Retail,Current,63739.97,1,1,3518.35,2785.76,19,39,72,2,0,1,0,56,1,340,0,0,None
CUST02880,26,Male,24,Retail,Current,46405.39,4,1,5707.73,4208.34,26,51,66,2,0,0,1,58,1,180,0,0,None
CUST02881,71,Female,7,SME,Savings,144891.32,3,1,20788.68,14369.28,22,46,54,3,1,0,1,70,1,327,1,0,None
CUST02882,45,Male,19,SME,Savings,75538.11,4,1,13113.39,6953.19,24,46,86,3,0,1,1,2,0,100,1,1,Full Withdrawal
CUST02883,68,Male,14,Retail,FD,11793.55,2,1,2274.2,1681.38,31,47,82,3,1,0,1,54,0,171,0,0,None
CUST02884,39,Male,15,SME,Savings,278693.68,3,1,50090.76,20550.61,19,48,62,1,0,0,0,34,0,205,1,1,Account Closure
CUST02885,41,Female,17,Retail,Current,23763.98,1,1,4709.83,3334.7,34,55,75,2,0,0,1,28,0,517,0,0,None
CUST02886,49,Female,21,Retail,Savings,33821.03,1,1,3927.03,3343.51,36,51,85,2,1,0,0,97,1,134,1,0,None
CUST02887,34,Male,1,Retail,RD,10783.67,1,1,977.5,487.64,23,50,89,2,1,0,0,76,1,517,0,0,None
CUST02888,26,Male,6,Retail,Current,65924.59,4,1,7485.94,3464.61,25,52,100,3,0,1,1,94,1,429,1,0,None
CUST02889,51,Male,23,SME,Current,207441.27,2,1,29676.73,27707.07,24,43,64,3,1,1,0,78,0,551,2,0,None
CUST02890,22,Male,15,HNI,Savings,1036049.68,3,1,125528.87,108445.0,2,28,37,3,1,1,0,42,1,239,0,0,None
CUST02891,43,Male,12,Retail,Savings,18807.37,3,1,2660.47,1506.09,16,37,44,2,1,0,0,20,1,390,1,0,None
CUST02892,39,Female,21,Retail,Savings,46589.96,4,1,8473.58,4361.48,29,35,55,2,0,0,1,2,0,475,0,0,None
CUST02893,67,Female,20,SME,Savings,400404.65,2,1,26638.88,15549.69,21,24,32,2,0,1,0,-10,1,528,0,0,None
CUST02894,26,Male,2,Retail,Current,41446.06,3,1,2455.36,1564.49,37,40,53,3,0,1,1,87,1,707,1,0,None
CUST02895,52,Male,5,Retail,Current,25763.87,4,1,3085.56,2627.65,17,20,28,2,0,1,0,18,0,160,2,1,Account Closure
CUST02896,27,Female,9,SME,Savings,430653.71,2,1,84874.48,45116.05,6,33,58,2,0,0,1,50,1,281,0,0,None
CUST02897,48,Female,20,Retail,Current,29767.25,2,1,1471.9,1172.32,16,19,33,4,1,1,1,84,0,83,0,0,None
CUST02898,46,Male,14,Retail,Savings,68390.67,3,1,13531.04,12328.27,3,13,48,1,0,0,0,61,1,478,1,0,None
CUST02899,50,Male,18,Retail,Savings,11927.73,3,1,2323.92,1414.64,25,38,59,4,1,1,1,-9,0,547,0,1,Account Closure
CUST02900,49,Male,22,SME,FD,257797.78,2,1,22380.95,9273.01,14,36,56,2,0,1,0,1,1,115,0,0,None
CUST02901,37,Male,8,Retail,Current,53865.74,3,1,9833.76,8409.72,24,52,95,2,0,0,1,45,1,686,0,0,None
CUST02902,33,Male,2,Retail,Current,96499.42,4,1,3979.77,3142.54,13,36,46,1,0,0,0,86,1,27,1,0,None
CUST02903,41,Male,9,SME,Savings,104255.67,2,1,11744.38,5660.65,34,55,89,3,1,0,1,83,1,466,3,0,None
CUST02904,39,Female,7,Retail,Savings,92078.27,3,1,9607.42,6997.07,26,45,64,2,0,0,1,30,0,13,0,0,None
CUST02905,55,Male,18,SME,Savings,452292.65,3,1,83414.2,71206.45,36,40,87,3,0,1,1,16,1,415,2,0,None
CUST02906,44,Male,16,Retail,FD,60965.88,4,1,7045.67,3519.79,36,56,91,1,0,0,0,78,1,629,2,0,None
CUST02907,66,Male,21,HNI,Current,1663176.78,3,1,177744.04,92888.33,2,19,53,4,1,1,1,27,1,451,0,1,Partial Withdrawal
CUST02908,48,Female,5,Retail,Savings,58698.51,3,1,8354.86,4269.17,5,17,58,2,1,0,0,86,0,31,0,0,None
CUST02909,70,Female,23,Retail,FD,38986.06,3,1,3903.59,3703.05,32,60,80,2,0,1,0,91,1,216,4,0,None
CUST02910,38,Male,15,Retail,Savings,40372.49,1,1,5080.86,2673.74,29,56,104,2,0,1,0,41,1,190,0,0,None
CUST02911,69,Male,5,Retail,FD,58718.86,4,1,11326.32,6193.29,12,37,77,2,0,1,0,69,0,293,0,0,None
CUST02912,42,Female,11,SME,Savings,235252.19,4,1,17036.67,7263.74,33,58,64,3,1,1,0,21,1,662,0,0,None
CUST02913,71,Male,22,HNI,Savings,314257.02,1,1,35644.93,33534.86,3,19,51,2,0,1,0,77,1,353,0,0,None
CUST02914,61,Male,14,Retail,Savings,8730.2,4,1,370.69,198.58,14,37,81,3,1,1,0,-9,0,685,5,1,Partial Withdrawal
CUST02915,52,Male,19,Retail,Savings,80009.02,3,1,13982.21,11170.08,18,30,51,3,1,0,1,55,0,143,2,0,None
CUST02916,24,Male,3,SME,FD,381251.0,3,1,20863.11,8647.82,5,16,61,2,0,0,1,9,0,62,1,1,Partial Withdrawal
CUST02917,38,Male,24,SME,FD,139480.88,3,1,7694.04,6392.76,32,60,102,2,0,1,0,46,1,618,0,0,None
CUST02918,71,Female,10,Retail,Current,97784.27,4,1,17723.82,14406.55,39,64,104,1,0,0,0,51,0,206,0,0,None
CUST02919,47,Female,6,Retail,FD,28882.43,4,1,3046.73,1359.71,4,24,60,2,0,1,0,80,1,304,0,0,None
CUST02920,44,Male,3,Retail,Savings,23457.74,2,1,3517.89,1644.37,13,37,66,2,1,0,0,75,0,124,0,0,None
CUST02921,27,Female,2,SME,RD,432298.23,1,1,76627.2,43088.25,19,25,42,1,0,0,0,92,1,527,4,1,Account Closure
CUST02922,49,Male,13,Retail,RD,88406.42,4,1,8833.25,5256.38,31,46,64,2,0,0,1,37,1,504,0,0,None
CUST02923,29,Male,18,Retail,Savings,6326.57,2,1,517.81,430.26,12,22,70,3,0,1,1,72,0,538,3,1,Partial Withdrawal
CUST02924,66,Female,2,Retail,Savings,6000.56,1,1,402.77,174.66,25,51,80,2,0,0,1,-4,1,644,0,1,Full Withdrawal
CUST02925,29,Female,15,SME,FD,283803.37,1,1,38920.54,29487.44,22,44,83,3,0,1,1,56,1,289,1,0,None
CUST02926,40,Male,5,Retail,Savings,40712.05,3,1,3271.77,1719.95,36,43,76,2,0,1,0,39,1,697,4,1,Account Closure
CUST02927,59,Male,15,Retail,FD,33722.88,3,1,4771.32,2912.21,5,7,26,3,1,1,0,23,1,69,1,0,None
CUST02928,50,Female,21,Retail,Savings,83367.2,2,1,7564.97,3035.16,27,56,75,2,0,0,1,94,1,28,0,0,None
CUST02929,44,Female,17,Retail,Current,70523.63,2,1,6745.18,3778.1,9,22,66,2,0,0,1,76,0,127,0,0,None
CUST02930,68,Female,2,Retail,Current,84594.2,3,1,6755.55,3338.84,25,40,61,1,0,0,0,58,1,497,0,0,None
CUST02931,53,Male,18,Retail,Savings,41457.23,3,1,4434.05,3002.67,13,18,47,2,0,0,1,96,1,547,2,0,None
CUST02932,31,Male,15,Retail,Savings,61601.98,1,1,4062.08,1978.26,6,22,49,4,1,1,1,56,1,426,0,0,None
CUST02933,48,Male,20,Retail,Savings,53968.27,1,1,4919.37,4229.18,17,35,71,2,0,1,0,77,1,416,0,0,None
CUST02934,70,Male,23,Retail,Current,50099.02,4,1,8239.33,7296.74,33,54,89,2,1,0,0,80,1,174,1,0,None
CUST02935,22,Female,3,SME,FD,72139.4,3,1,5374.31,4648.29,30,43,70,4,1,1,1,23,0,280,2,0,None
CUST02936,60,Male,5,SME,Savings,77157.98,1,1,14778.69,13891.84,34,36,78,2,0,0,1,32,1,94,1,0,None
CUST02937,50,Male,11,Retail,FD,54782.81,2,1,6511.89,5880.6,15,29,50,3,1,0,1,10,0,329,0,0,None
CUST02938,66,Female,9,SME,Savings,208268.19,1,1,11893.61,6587.67,26,37,70,2,1,0,0,1,1,688,0,1,Full Withdrawal
CUST02939,24,Male,5,Retail,Current,5049.63,3,1,963.92,552.28,9,14,20,1,0,0,0,21,0,150,3,1,Full Withdrawal
CUST02940,68,Male,1,Retail,RD,6930.31,1,1,783.6,543.01,28,35,50,2,0,0,1,36,1,215,0,0,None
CUST02941,58,Female,14,Retail,Savings,12215.25,3,1,1577.17,964.8,36,46,66,4,1,1,1,75,0,477,1,0,None
CUST02942,52,Female,5,Retail,RD,40240.65,1,1,2802.0,2615.53,23,42,63,2,0,0,1,87,1,121,0,0,None
CUST02943,32,Female,8,SME,Current,159238.89,4,1,14861.68,8719.97,8,11,36,3,0,1,1,76,0,352,0,0,None
CUST02944,43,Male,21,SME,Savings,308863.58,4,1,47127.05,38033.66,37,44,69,1,0,0,0,44,1,108,0,0,None
CUST02945,39,Female,14,SME,FD,146817.93,2,1,8784.87,6293.91,13,25,35,2,0,0,1,54,1,202,0,1,Partial Withdrawal
CUST02946,56,Female,16,Retail,Savings,97167.23,2,1,12755.47,11812.39,10,37,86,3,1,1,0,57,1,683,1,0,None
CUST02947,27,Male,6,Retail,Savings,20266.18,3,1,3059.46,2476.59,36,65,92,1,0,0,0,6,0,368,1,1,Partial Withdrawal
CUST02948,24,Male,8,Retail,Current,28806.19,3,1,1160.71,658.13,20,34,70,2,0,0,1,15,0,390,0,0,None
CUST02949,26,Female,2,Retail,FD,48899.79,3,1,8509.16,4325.95,29,36,79,2,1,0,0,84,1,725,2,0,None
CUST02950,30,Male,19,Retail,FD,65879.87,1,1,3228.99,2809.35,30,43,92,2,0,1,0,92,1,163,0,0,None
CUST02951,49,Female,9,Retail,Savings,62023.75,1,1,4931.34,4443.42,9,29,71,3,0,1,1,90,1,597,0,0,None
CUST02952,40,Male,5,Retail,RD,54513.93,1,1,10584.82,9072.27,28,47,80,1,0,0,0,93,1,724,2,0,None
CUST02953,49,Male,5,Retail,FD,75040.48,2,1,3974.63,3201.95,6,26,61,2,1,0,0,22,1,370,1,0,None
CUST02954,48,Male,19,SME,RD,311548.09,3,1,53633.16,30943.73,30,59,88,2,1,0,0,53,1,683,1,0,None
CUST02955,34,Female,4,HNI,Savings,714777.91,1,1,103156.55,69935.52,36,49,55,1,0,0,0,81,1,290,0,0,None
CUST02956,59,Male,16,HNI,Current,382077.73,2,1,51863.45,46865.71,34,55,81,2,0,1,0,-1,0,259,1,1,Full Withdrawal
CUST02957,64,Male,16,Retail,FD,99520.88,4,1,13243.16,6279.82,33,47,88,3,1,0,1,89,0,173,0,0,None
CUST02958,42,Female,16,Retail,Savings,74397.44,3,1,4957.35,3332.36,22,43,91,4,1,1,1,35,1,104,1,0,None
CUST02959,48,Female,7,Retail,RD,67447.47,4,1,9915.56,5905.01,11,35,54,4,1,1,1,62,1,383,0,0,None
CUST02960,67,Female,18,SME,Savings,65457.36,2,1,12584.9,9723.34,17,22,32,3,1,1,0,79,1,677,1,0,None
CUST02961,27,Male,24,Retail,Savings,91520.71,3,1,4788.87,3585.61,12,39,76,3,1,0,1,99,1,389,0,0,None
CUST02962,59,Male,21,Retail,RD,95053.76,1,1,8857.68,6271.52,20,43,58,2,0,1,0,40,1,112,0,0,None
CUST02963,70,Female,1,SME,RD,81435.84,2,1,9410.75,5211.57,14,21,37,3,0,1,1,23,0,529,1,1,Full Withdrawal
CUST02964,32,Female,3,Retail,Savings,51875.26,4,1,4003.04,1952.49,16,30,58,3,1,1,0,3,1,388,0,0,None
CUST02965,68,Male,21,Retail,Savings,94437.74,4,1,14972.4,12447.85,37,48,55,3,0,1,1,30,1,8,1,1,Partial Withdrawal
CUST02966,62,Male,8,Retail,FD,41300.72,4,1,6202.53,5864.26,33,37,71,2,0,1,0,79,1,41,4,1,Full Withdrawal
CUST02967,38,Female,1,Retail,RD,27104.27,2,1,1594.93,786.3,20,30,53,3,0,1,1,90,1,511,3,0,None
CUST02968,60,Male,7,Retail,Current,14752.05,2,1,1934.2,854.31,16,32,81,1,0,0,0,84,0,22,4,1,Account Closure
CUST02969,28,Female,7,Retail,Current,61735.67,3,1,6113.05,4952.5,39,66,113,2,0,0,1,100,1,608,0,0,None
CUST02970,51,Male,8,Retail,FD,71525.92,3,1,5474.67,3225.24,23,29,40,2,0,1,0,27,0,58,2,1,Full Withdrawal
CUST02971,42,Male,19,Retail,Savings,23577.06,4,1,4143.13,2142.63,14,41,57,2,0,0,1,37,0,646,0,0,None
CUST02972,22,Female,17,SME,RD,88951.65,2,1,4336.2,2986.86,21,47,80,3,0,1,1,32,1,159,0,0,None
CUST02973,46,Male,11,Retail,Savings,90463.82,3,1,10383.66,8009.62,16,43,55,3,1,0,1,17,1,571,0,0,None
CUST02974,53,Male,15,Retail,Current,28140.05,2,1,3265.65,1692.15,8,31,56,3,1,1,0,30,0,431,0,0,None
CUST02975,29,Male,9,Retail,Current,16589.99,1,1,2176.93,2061.5,23,46,63,3,0,1,1,97,1,103,0,0,None
CUST02976,26,Male,17,HNI,Current,376749.33,2,1,26980.93,15663.06,21,31,62,3,1,0,1,93,1,171,0,0,None
CUST02977,51,Female,11,Retail,FD,92062.41,4,1,16515.28,9466.96,20,47,55,2,0,0,1,45,1,373,0,0,None
CUST02978,29,Female,6,Retail,RD,25411.88,2,1,4941.3,3126.12,28,44,80,3,1,0,1,70,1,353,0,0,None
CUST02979,70,Female,9,SME,Current,79941.99,4,1,10219.21,8275.17,9,23,51,3,0,1,1,65,1,473,3,0,None
CUST02980,40,Male,18,SME,FD,374507.43,3,1,30327.63,26697.16,19,41,86,3,0,1,1,80,1,250,1,0,None
CUST02981,65,Male,20,Retail,Savings,27723.66,3,1,4998.36,2890.01,11,15,28,3,1,0,1,54,0,575,1,1,Full Withdrawal
CUST02982,51,Male,2,SME,FD,447053.62,3,1,88564.75,41210.16,36,56,70,1,0,0,0,93,0,95,0,0,None
CUST02983,36,Female,4,Retail,Savings,49691.55,1,1,7886.08,4265.36,16,19,34,2,0,0,1,49,0,50,0,0,None
CUST02984,57,Female,18,Retail,Savings,71531.72,4,1,6680.54,2981.88,24,43,80,2,1,0,0,86,1,612,1,0,None
CUST02985,65,Female,1,Retail,Savings,33635.17,1,1,2615.58,1953.03,13,28,39,2,0,1,0,2,0,366,0,0,None
CUST02986,48,Male,11,Retail,Current,82499.25,1,1,5367.32,4333.48,28,51,66,4,1,1,1,58,0,17,2,1,Partial Withdrawal
CUST02987,34,Male,3,SME,RD,235265.0,3,1,18254.27,11611.48,7,32,81,3,1,0,1,41,1,115,0,0,None
CUST02988,35,Male,8,Retail,Current,39654.79,4,1,3028.67,2798.6,25,39,71,1,0,0,0,90,0,304,0,0,None
CUST02989,58,Male,5,Retail,Savings,42189.57,2,1,8217.98,6575.52,23,51,93,3,1,0,1,93,1,406,0,0,None
CUST02990,69,Male,20,SME,Savings,161824.92,2,1,23127.72,14080.44,10,35,69,3,1,0,1,32,1,320,1,1,Account Closure
CUST02991,51,Female,21,SME,Current,322785.86,4,1,21535.01,9824.65,11,20,32,2,0,1,0,81,1,414,0,0,None
CUST02992,60,Male,22,Retail,Savings,15781.34,2,1,1863.56,1251.45,4,15,46,3,1,1,0,77,1,526,0,0,None
CUST02993,68,Male,22,Retail,Savings,58497.26,3,1,4068.0,2754.48,7,31,57,3,1,0,1,73,1,271,0,0,None
CUST02994,34,Male,5,Retail,Current,82344.33,3,1,11278.1,7926.51,27,30,76,1,0,0,0,29,0,299,2,1,Account Closure
CUST02995,37,Female,11,SME,RD,389890.53,1,1,36893.39,28605.19,15,26,62,4,1,1,1,31,0,313,1,0,None
CUST02996,65,Female,12,SME,Savings,218177.62,3,1,15554.94,8483.83,37,65,83,2,1,0,0,26,0,403,1,0,None
CUST02997,28,Female,22,HNI,Savings,1909960.68,2,1,150593.83,60443.31,20,23,53,2,0,1,0,73,1,437,1,0,None
CUST02998,69,Female,9,Retail,FD,52421.85,1,1,7759.26,6572.59,24,51,99,1,0,0,0,12,1,296,1,1,Account Closure
CUST02999,48,Male,21,Retail,FD,20486.22,4,1,2156.91,1839.73,6,30,45,2,1,0,0,56,1,95,4,1,Account Closure
CUST03000,66,Female,13,Retail,FD,35102.01,4,1,4286.15,3863.5,16,21,32,2,0,0,1,58,1,229,1,0,None
CUST03001,56,Male,22,Retail,Savings,61234.28,1,1,10496.43,9792.86,31,54,103,2,0,0,1,68,1,364,1,0,None
CUST03002,36,Male,20,Retail,Savings,67583.77,3,1,9790.69,4773.4,34,44,78,2,1,0,0,99,1,718,2,0,None
CUST03003,49,Female,3,HNI,RD,1285267.91,1,1,146502.77,87114.86,39,61,67,3,1,0,1,58,1,22,0,0,None
CUST03004,56,Female,13,Retail,Savings,30840.9,1,1,5941.47,5158.67,20,31,70,1,0,0,0,87,1,222,0,0,None
CUST03005,28,Male,22,Retail,Current,61406.5,3,1,4563.78,4169.92,6,11,41,3,1,1,0,92,1,240,0,0,None
CUST03006,71,Male,11,SME,Savings,228539.31,4,1,19708.94,8041.07,10,14,43,3,0,1,1,47,1,200,0,0,None
CUST03007,67,Male,11,Retail,Current,26367.5,1,1,4899.85,3004.31,8,16,21,3,0,1,1,92,1,543,0,0,None
CUST03008,71,Male,21,SME,FD,276984.2,4,1,48892.15,22605.88,25,49,82,2,1,0,0,35,1,272,1,1,Account Closure
CUST03009,67,Male,20,Retail,Current,34912.97,2,1,2123.03,1769.87,17,41,69,3,1,1,0,76,1,54,0,0,None
CUST03010,41,Male,21,Retail,FD,36883.94,3,1,6963.38,5646.76,38,55,97,3,0,1,1,36,1,408,4,1,Full Withdrawal
CUST03011,53,Male,7,Retail,Savings,90193.76,2,1,3754.5,3059.42,11,17,22,3,0,1,1,6,1,533,0,0,None
CUST03012,59,Female,17,Retail,RD,18555.83,4,1,3183.95,1956.95,22,36,65,3,0,1,1,-2,1,328,0,0,None
CUST03013,61,Male,16,HNI,Savings,1741503.89,2,1,147345.84,91860.72,22,33,71,1,0,0,0,57,1,550,1,1,Account Closure
CUST03014,53,Male,14,Retail,Savings,79452.51,2,1,5576.38,3033.69,16,41,87,2,0,0,1,83,1,326,0,0,None
CUST03015,47,Male,1,Retail,Savings,30998.22,2,1,3465.4,2074.01,14,42,90,3,0,1,1,67,1,142,1,0,None
CUST03016,60,Female,11,Retail,FD,85187.7,1,1,15634.78,14707.56,8,11,20,3,0,1,1,19,1,631,2,1,Full Withdrawal
CUST03017,41,Male,13,Retail,FD,78116.65,1,1,12947.34,5510.55,9,26,71,4,1,1,1,84,1,670,0,0,None
CUST03018,39,Male,1,SME,Current,493528.22,3,1,96105.25,55568.46,39,60,76,3,0,1,1,50,1,462,0,0,None
CUST03019,71,Male,2,Retail,Current,16277.99,4,1,2060.14,1719.1,3,5,17,1,0,0,0,54,1,263,1,0,None
CUST03020,36,Female,9,SME,FD,374805.83,4,1,45609.97,27835.32,38,45,91,3,0,1,1,47,0,260,2,1,Partial Withdrawal
CUST03021,43,Female,13,HNI,FD,775638.9,3,1,32642.86,30112.76,23,46,64,3,1,1,0,16,1,377,0,0,None
CUST03022,43,Female,5,Retail,Current,54124.35,4,1,3729.02,2172.82,5,25,49,1,0,0,0,55,1,595,2,1,Account Closure
CUST03023,42,Female,9,HNI,FD,671378.14,4,1,80309.75,69658.03,8,10,54,4,1,1,1,34,0,403,2,1,Account Closure
CUST03024,23,Female,13,Retail,Current,45028.84,2,1,7223.11,6127.38,2,31,44,2,1,0,0,29,1,171,0,0,None
CUST03025,61,Female,5,Retail,Savings,58545.93,2,1,10047.44,4069.86,20,26,35,2,1,0,0,50,1,350,0,0,None
CUST03026,64,Male,15,Retail,Savings,86549.23,4,1,7384.61,4590.6,31,44,49,1,0,0,0,30,1,527,0,0,None
CUST03027,39,Male,7,SME,RD,360540.38,3,1,55520.75,30777.96,3,21,36,2,1,0,0,63,1,483,0,0,None
CUST03028,44,Female,14,HNI,Savings,388256.3,3,1,66999.34,44473.14,14,34,42,2,0,0,1,77,1,673,1,0,None
CUST03029,34,Male,16,Retail,Savings,29333.09,4,1,2932.39,1919.32,29,38,80,2,1,0,0,73,1,23,1,0,None
CUST03030,62,Male,6,SME,RD,102554.31,3,1,15515.33,13933.41,15,26,47,1,0,0,0,31,1,510,0,0,None
CUST03031,30,Female,2,Retail,Savings,53491.31,3,1,5882.17,2946.79,4,30,38,1,0,0,0,51,1,471,0,1,Full Withdrawal
CUST03032,70,Male,16,Retail,FD,20666.15,2,1,4085.79,2043.73,17,21,57,3,0,1,1,69,1,318,0,0,None
CUST03033,28,Female,19,Retail,FD,17920.71,3,1,735.95,338.12,26,36,45,2,0,0,1,94,1,704,3,0,None
CUST03034,62,Female,5,HNI,RD,734076.87,1,1,78028.85,62911.4,4,12,38,1,0,0,0,27,0,101,1,0,None
CUST03035,22,Male,4,Retail,Savings,72530.48,2,1,5961.62,5394.21,35,60,78,3,1,1,0,49,1,631,0,0,None
CUST03036,23,Female,14,Retail,Savings,62313.12,1,1,10964.48,6608.04,4,11,36,3,1,0,1,97,1,298,1,0,None
CUST03037,25,Male,6,Retail,RD,86198.88,4,1,7407.94,3215.06,30,46,68,1,0,0,0,38,1,350,0,0,None
CUST03038,35,Male,8,Retail,Savings,42017.86,3,1,5336.91,2592.73,20,34,41,2,1,0,0,95,0,127,0,0,None
CUST03039,53,Male,24,Retail,Current,85146.0,1,1,13490.8,6156.0,21,36,51,1,0,0,0,96,1,347,0,0,None
CUST03040,57,Female,3,Retail,FD,8517.7,3,1,1018.35,739.11,22,28,71,1,0,0,0,94,0,394,0,0,None
CUST03041,23,Female,4,SME,Savings,458719.23,1,1,48470.3,26913.8,21,48,88,3,0,1,1,7,1,148,5,1,Partial Withdrawal
CUST03042,61,Male,1,Retail,RD,11933.39,2,1,558.52,499.09,29,54,85,3,1,1,0,88,0,63,0,0,None
CUST03043,71,Female,2,Retail,Current,92328.2,4,1,4031.89,1972.62,28,57,99,3,1,0,1,83,0,644,4,1,Full Withdrawal
CUST03044,35,Male,13,Retail,Savings,50154.66,1,1,9688.45,8831.85,26,29,58,2,1,0,0,90,1,468,1,0,None
CUST03045,41,Female,9,SME,Savings,153220.03,2,1,21898.06,12766.71,3,11,57,1,0,0,0,-6,0,143,3,1,Account Closure
CUST03046,46,Male,12,SME,Savings,284560.88,4,1,48956.03,42935.33,25,27,70,3,1,0,1,90,1,271,0,0,None
CUST03047,63,Female,10,Retail,Savings,55620.38,1,1,6500.36,5992.99,34,51,90,1,0,0,0,0,1,401,4,1,Full Withdrawal
CUST03048,70,Male,10,SME,FD,223669.47,1,1,18308.01,17255.3,20,28,47,3,0,1,1,-7,1,468,0,0,None
CUST03049,29,Male,18,Retail,Savings,56530.63,2,1,4925.29,4146.98,27,43,68,1,0,0,0,90,1,254,0,0,None
CUST03050,49,Male,12,Retail,Savings,45981.24,4,1,2159.22,984.45,4,11,18,3,1,1,0,50,1,305,1,0,None
CUST03051,67,Female,22,Retail,RD,96328.67,4,1,16042.71,6905.72,28,49,77,1,0,0,0,64,0,529,2,0,None
CUST03052,42,Male,16,Retail,Current,97013.02,2,1,12907.71,10414.6,15,35,83,2,1,0,0,1,1,501,1,1,Partial Withdrawal
CUST03053,44,Female,23,Retail,Savings,8649.59,3,1,1011.38,903.54,21,31,40,2,0,1,0,38,0,523,1,0,None
CUST03054,53,Male,6,HNI,RD,829701.76,2,1,146332.45,71897.71,36,59,100,3,1,1,0,100,1,222,2,0,None
CUST03055,29,Male,24,SME,Savings,251620.75,4,1,27973.99,25668.57,24,31,68,3,0,1,1,17,0,666,1,1,Full Withdrawal
CUST03056,52,Male,24,SME,RD,132869.14,2,1,25466.87,18734.07,26,44,72,3,1,1,0,79,1,121,1,0,None
CUST03057,58,Female,21,Retail,FD,65507.63,3,1,2759.04,1291.8,5,11,21,2,0,0,1,23,1,345,0,0,None
CUST03058,37,Male,24,Retail,FD,36359.93,2,1,7182.49,3532.84,3,19,68,2,0,1,0,45,1,429,3,1,Full Withdrawal
CUST03059,61,Female,10,SME,FD,116248.77,2,1,19825.22,8649.26,3,32,43,3,0,1,1,54,0,438,1,1,Account Closure
CUST03060,63,Female,15,Retail,Current,38925.4,1,1,3767.6,1803.81,26,34,57,4,1,1,1,-5,0,577,3,1,Account Closure
CUST03061,48,Female,9,Retail,FD,65038.25,3,1,8796.95,7061.03,24,39,64,2,0,1,0,22,1,63,1,1,Account Closure
CUST03062,61,Male,24,Retail,FD,82271.71,4,1,14672.07,7634.19,22,43,53,1,0,0,0,36,1,538,2,1,Partial Withdrawal
CUST03063,62,Female,2,SME,Savings,342026.43,3,1,40036.16,28382.03,26,55,99,1,0,0,0,13,0,707,3,1,Full Withdrawal
CUST03064,39,Female,18,Retail,Savings,33554.0,4,1,1616.23,1287.48,28,47,54,1,0,0,0,23,1,245,1,0,None
CUST03065,56,Male,12,Retail,FD,23902.41,4,1,4412.18,3937.44,12,38,56,3,1,0,1,61,1,59,1,0,None
CUST03066,70,Female,3,SME,Current,273243.58,1,1,33533.16,24293.43,15,38,62,4,1,1,1,5,1,634,1,0,None
CUST03067,36,Male,7,Retail,FD,81114.81,3,1,10319.84,7361.6,18,44,62,3,1,0,1,69,1,299,1,0,None
CUST03068,48,Male,9,Retail,Current,29314.67,1,1,1236.93,1115.78,16,41,47,2,1,0,0,5,1,120,1,1,Partial Withdrawal
CUST03069,38,Male,8,Retail,Current,5392.37,2,1,302.03,169.8,32,50,79,2,0,1,0,87,1,139,2,0,None
CUST03070,61,Male,6,Retail,Savings,45218.3,3,1,7433.15,3806.04,35,54,62,3,1,0,1,73,1,431,2,0,None
CUST03071,23,Male,1,SME,Savings,106732.3,2,1,11697.0,10293.8,37,40,85,2,1,0,0,3,1,222,0,0,None
CUST03072,70,Male,14,Retail,Current,64137.71,3,1,12807.62,5648.0,14,33,70,1,0,0,0,48,1,419,0,0,None
CUST03073,71,Female,16,Retail,Current,47341.48,4,1,7163.16,3612.56,19,34,40,2,0,0,1,51,1,391,0,0,None
CUST03074,52,Male,16,SME,Current,409670.17,2,1,78630.53,49237.59,18,23,50,3,0,1,1,79,1,97,0,0,None
CUST03075,58,Male,4,SME,FD,319624.64,3,1,27071.04,16207.1,29,37,85,2,1,0,0,55,1,539,0,1,Account Closure
CUST03076,62,Male,6,SME,Current,209705.96,3,1,14298.71,11272.4,27,35,60,1,0,0,0,8,0,93,1,0,None
CUST03077,62,Female,15,Retail,FD,12017.71,2,1,1204.83,542.77,15,17,36,2,1,0,0,50,0,95,0,0,None
CUST03078,55,Female,22,Retail,Savings,20454.3,1,1,1684.68,1115.99,38,47,75,3,0,1,1,55,0,175,1,0,None
CUST03079,55,Female,8,HNI,Current,1209306.66,3,1,167051.82,141109.54,12,33,57,2,0,0,1,15,0,645,2,1,Account Closure
CUST03080,24,Female,1,SME,Savings,494360.63,1,1,78658.08,61026.0,33,58,100,1,0,0,0,78,1,226,0,0,None
CUST03081,38,Male,13,Retail,Current,45221.0,1,1,4718.16,3526.39,25,36,65,2,0,1,0,38,1,549,1,0,None
CUST03082,35,Female,18,Retail,Savings,64034.03,1,1,3481.87,1851.13,32,42,68,3,1,0,1,8,1,21,2,1,Full Withdrawal
CUST03083,35,Male,18,Retail,Savings,83904.8,1,1,3709.69,2287.02,9,17,25,3,1,1,0,99,0,346,1,0,None
CUST03084,67,Male,13,HNI,Savings,1560113.98,1,1,116828.25,58343.79,9,13,33,3,0,1,1,38,0,630,0,0,None
CUST03085,59,Female,22,Retail,Savings,21827.02,4,1,3431.16,2332.88,32,45,92,4,1,1,1,70,1,235,0,0,None
CUST03086,56,Male,14,Retail,Current,95415.25,1,1,7198.93,5192.53,20,24,35,1,0,0,0,19,1,69,0,0,None
CUST03087,22,Female,11,Retail,RD,13551.44,4,1,2517.26,1880.77,37,43,71,3,1,1,0,65,1,97,0,0,None
CUST03088,69,Female,7,SME,Savings,279108.35,3,1,40265.0,35504.7,33,41,79,1,0,0,0,46,1,319,0,0,None
CUST03089,50,Male,18,SME,FD,204138.41,4,1,36323.23,15764.51,22,35,78,3,1,0,1,74,1,514,1,0,None
CUST03090,25,Male,21,Retail,Current,62221.68,4,1,6329.83,3883.81,24,48,81,3,1,0,1,25,1,343,0,0,None
CUST03091,54,Male,22,SME,Savings,283465.43,1,1,55947.0,40563.47,37,63,111,2,1,0,0,29,0,128,0,0,None
CUST03092,38,Female,4,HNI,Savings,863735.22,3,1,128454.48,91660.95,16,34,64,2,1,0,0,17,1,179,0,0,None
CUST03093,49,Female,17,Retail,Savings,12461.16,3,1,1210.15,498.51,3,18,36,4,1,1,1,86,0,402,1,0,None
CUST03094,71,Male,19,Retail,FD,39747.29,3,1,2941.55,1482.89,13,17,41,2,0,0,1,35,0,419,0,0,None
CUST03095,47,Male,14,Retail,Savings,43204.95,2,1,7718.35,6677.6,39,41,52,3,1,0,1,62,0,394,2,0,None
CUST03096,29,Female,10,SME,Savings,190833.39,4,1,17345.94,11855.35,7,30,52,2,0,0,1,71,1,609,1,0,None
CUST03097,55,Female,6,Retail,Savings,25471.11,1,1,1199.65,752.73,39,68,115,4,1,1,1,77,1,234,1,0,None
CUST03098,39,Male,18,Retail,Current,38773.33,2,1,3279.66,2935.61,2,29,43,2,0,0,1,21,1,37,0,0,None
CUST03099,52,Male,4,SME,FD,307522.69,1,1,21130.57,9323.31,39,63,97,2,0,0,1,76,1,471,0,0,None
CUST03100,48,Female,11,Retail,Savings,95158.3,2,1,8674.34,7869.97,27,46,53,3,1,0,1,47,1,529,1,0,None
CUST03101,37,Male,13,HNI,Current,1266448.71,3,1,174925.17,72643.07,24,39,87,2,0,1,0,65,1,366,3,1,Full Withdrawal
CUST03102,31,Male,8,Retail,Current,79062.29,2,1,9492.94,6734.94,2,28,33,3,0,1,1,87,1,548,1,0,None
CUST03103,61,Female,10,Retail,Savings,34076.36,3,1,5238.77,3694.91,22,36,70,3,0,1,1,15,1,155,1,0,None
CUST03104,33,Female,23,SME,Savings,288546.7,2,1,26954.05,20255.63,20,33,82,4,1,1,1,59,1,48,0,0,None
CUST03105,43,Male,11,SME,Current,111047.23,1,1,6570.59,2735.3,30,36,42,2,0,1,0,58,1,167,0,0,None
CUST03106,37,Male,3,Retail,Current,43252.15,1,1,2839.19,1964.11,27,31,50,3,1,0,1,76,1,422,3,0,None
CUST03107,33,Male,15,SME,FD,356012.71,2,1,59655.36,27589.87,35,50,65,2,0,1,0,39,0,452,0,0,None
CUST03108,32,Male,8,HNI,Current,1255941.93,4,1,69928.97,33970.69,18,26,62,1,0,0,0,99,1,469,0,0,None
CUST03109,41,Female,20,Retail,Savings,81882.79,4,1,13731.76,7119.16,19,27,37,1,0,0,0,68,0,626,0,0,None
CUST03110,22,Male,18,HNI,Savings,950136.05,2,1,70329.73,51850.41,33,51,61,3,1,0,1,21,0,386,2,0,None
CUST03111,48,Female,21,Retail,Current,82928.56,4,1,12318.6,7570.38,5,12,44,2,0,0,1,47,0,89,0,0,None
CUST03112,24,Female,1,Retail,FD,44115.94,1,1,6162.79,2754.37,31,47,76,2,0,0,1,53,0,422,1,0,None
CUST03113,33,Male,24,Retail,Savings,21666.69,4,1,1207.3,674.83,32,52,79,3,1,0,1,66,1,699,0,0,None
CUST03114,51,Male,8,SME,RD,369973.76,2,1,54215.27,23970.83,19,35,51,3,1,0,1,94,1,688,3,0,None
CUST03115,30,Male,3,SME,Current,453390.03,4,1,50598.87,38721.8,6,14,28,3,1,0,1,17,1,334,0,0,None
CUST03116,58,Female,1,Retail,Savings,77523.49,2,1,11872.41,8389.11,33,39,60,1,0,0,0,86,1,141,3,1,Partial Withdrawal
CUST03117,22,Female,20,Retail,Current,38240.17,1,1,6641.39,4145.74,30,46,52,3,1,0,1,61,1,172,0,0,None
CUST03118,63,Male,16,Retail,Savings,18944.04,3,1,877.49,798.71,13,34,83,2,1,0,0,69,1,531,1,0,None
CUST03119,70,Female,9,Retail,Current,13963.59,1,1,2006.21,1374.85,16,30,51,3,1,0,1,28,1,60,1,1,Full Withdrawal
CUST03120,25,Female,17,SME,Current,360174.56,1,1,20455.48,18167.42,16,43,56,3,0,1,1,85,1,671,2,0,None
CUST03121,36,Female,16,SME,Savings,134128.1,2,1,13495.98,9696.82,36,44,55,2,0,0,1,69,1,546,0,0,None
CUST03122,48,Male,23,Retail,FD,95416.37,1,1,4010.21,2435.14,36,50,67,2,1,0,0,34,1,681,1,0,None
CUST03123,29,Male,6,HNI,FD,1290310.88,1,1,119460.86,83198.31,15,29,43,2,1,0,0,2,1,457,0,0,None
CUST03124,44,Female,23,Retail,Savings,33736.44,4,1,2263.61,1094.51,19,33,59,3,0,1,1,9,0,728,1,0,None
CUST03125,36,Male,7,HNI,Savings,1609062.94,2,1,207572.8,160062.37,39,63,95,1,0,0,0,47,0,584,0,0,None
CUST03126,48,Male,24,SME,Savings,112655.53,4,1,13739.86,12917.85,23,32,78,3,1,0,1,8,1,229,1,0,None
CUST03127,52,Male,16,Retail,FD,98885.09,2,1,16506.29,8848.87,39,45,63,3,1,1,0,64,1,287,2,0,None
CUST03128,60,Male,8,Retail,Savings,12443.29,4,1,1771.85,1023.7,12,17,40,2,0,0,1,80,1,352,0,0,None
CUST03129,68,Male,10,SME,Savings,388940.18,4,1,60029.08,37419.15,4,22,27,2,0,0,1,69,0,170,0,0,None
CUST03130,29,Female,14,Retail,Savings,32423.08,3,1,1776.68,1183.12,15,36,67,3,0,1,1,-2,0,279,0,1,Account Closure
CUST03131,51,Male,11,Retail,Savings,91383.38,1,1,4061.29,3230.78,26,41,49,3,1,1,0,66,1,678,0,0,None
CUST03132,63,Male,2,Retail,FD,13476.38,4,1,2629.6,1249.51,15,27,55,2,1,0,0,8,1,352,0,0,None
CUST03133,39,Female,12,Retail,FD,89414.88,3,1,9685.88,5485.66,32,43,61,3,1,0,1,83,1,512,1,0,None
CUST03134,25,Male,20,Retail,Current,5249.02,4,1,541.68,377.15,26,28,69,2,0,1,0,44,0,246,4,1,Full Withdrawal
CUST03135,68,Male,20,SME,Current,173729.88,4,1,7922.43,5737.96,20,28,55,2,0,0,1,95,1,343,1,0,None
CUST03136,64,Female,13,SME,Current,185787.79,3,1,10966.26,7623.16,13,20,29,1,0,0,0,28,1,250,0,0,None
CUST03137,43,Female,15,Retail,Savings,45596.71,3,1,8685.07,5554.27,8,16,40,3,1,0,1,6,1,97,2,1,Full Withdrawal
CUST03138,24,Female,12,SME,Savings,272881.28,3,1,41252.88,32643.87,15,40,66,1,0,0,0,51,1,383,1,1,Partial Withdrawal
CUST03139,36,Female,13,Retail,Savings,67092.3,1,1,7076.49,3626.43,30,46,90,4,1,1,1,83,1,510,0,0,None
CUST03140,56,Male,8,SME,FD,424244.94,1,1,78365.45,43532.02,15,22,70,4,1,1,1,82,1,489,3,1,Partial Withdrawal
CUST03141,68,Female,16,SME,RD,425014.5,4,1,57114.66,36808.45,24,43,82,3,1,0,1,49,1,259,0,0,None
CUST03142,59,Male,3,Retail,Savings,7108.82,1,1,1133.39,886.91,15,18,58,2,0,0,1,31,1,1,4,1,Partial Withdrawal
CUST03143,54,Female,13,SME,Savings,297395.45,3,1,32432.74,14442.07,24,34,43,2,0,0,1,-9,1,219,0,0,None
CUST03144,35,Male,12,Retail,Savings,62640.46,2,1,6830.6,3166.8,9,16,53,3,0,1,1,39,1,434,1,1,Full Withdrawal
CUST03145,69,Female,19,Retail,FD,13211.56,1,1,672.95,558.77,14,37,65,2,0,0,1,56,0,539,4,1,Partial Withdrawal
CUST03146,22,Female,2,SME,FD,426652.57,3,1,67170.36,36508.79,37,55,93,4,1,1,1,9,1,300,1,1,Account Closure
CUST03147,70,Female,1,Retail,Savings,79516.49,3,1,4441.69,4130.41,2,27,68,3,1,0,1,-10,1,342,4,1,Partial Withdrawal
CUST03148,47,Male,8,Retail,FD,72038.26,3,1,11690.57,10857.88,38,50,79,2,1,0,0,-6,0,567,0,0,None
CUST03149,29,Male,9,Retail,FD,30429.7,3,1,2146.43,1668.36,27,52,93,4,1,1,1,86,1,715,0,0,None
CUST03150,71,Female,8,SME,Savings,232124.55,4,1,18472.18,14672.09,5,10,39,2,0,0,1,28,1,655,1,0,None
CUST03151,37,Female,21,Retail,Savings,97984.19,3,1,18309.56,13879.56,17,25,51,3,1,0,1,76,1,94,0,0,None
CUST03152,59,Male,17,Retail,Current,19045.59,3,1,2198.83,1093.99,26,42,91,2,0,1,0,7,1,210,1,1,Partial Withdrawal
CUST03153,31,Female,9,SME,Savings,476991.63,4,1,28638.01,19337.83,20,46,55,3,1,0,1,57,0,44,2,0,None
CUST03154,63,Female,6,SME,Savings,252624.05,1,1,46688.22,39038.77,21,49,61,3,0,1,1,94,1,472,2,0,None
CUST03155,58,Male,15,Retail,Savings,40539.06,2,1,4555.92,3763.52,27,45,90,3,1,1,0,86,1,352,1,0,None
CUST03156,47,Female,23,Retail,Current,70891.01,4,1,4316.43,3860.29,33,46,77,3,0,1,1,79,1,214,0,0,None
CUST03157,49,Male,24,Retail,FD,94809.66,4,1,9720.99,8704.55,4,18,57,1,0,0,0,11,1,197,0,0,None
CUST03158,33,Male,13,Retail,Current,6879.32,1,1,923.84,502.4,8,30,35,3,1,0,1,19,0,325,1,1,Account Closure
CUST03159,41,Male,21,Retail,Savings,29772.97,1,1,2917.0,2324.69,33,47,71,2,1,0,0,79,0,662,1,0,None
CUST03160,70,Female,22,SME,Savings,195760.15,3,1,36781.81,27889.33,6,15,26,2,0,0,1,-10,1,167,0,1,Account Closure
CUST03161,35,Female,12,SME,Current,321613.79,1,1,26742.0,23725.68,22,30,79,3,1,1,0,59,1,406,1,0,None
CUST03162,67,Male,13,Retail,Savings,15588.24,2,1,1062.06,532.0,31,58,65,1,0,0,0,70,1,391,0,0,None
CUST03163,56,Female,7,Retail,Current,9387.55,4,1,707.37,570.77,21,26,72,2,0,0,1,84,1,562,0,0,None
CUST03164,50,Female,23,SME,Savings,354948.52,2,1,18954.25,11994.87,30,34,47,3,1,1,0,40,1,253,1,0,None
CUST03165,33,Female,18,Retail,FD,77934.7,3,1,8757.32,5402.98,25,43,61,2,0,0,1,57,1,725,2,1,Account Closure
CUST03166,39,Male,14,HNI,FD,327891.49,2,1,59195.37,24843.41,2,19,42,3,1,0,1,63,1,626,0,0,None
CUST03167,65,Female,11,Retail,FD,30411.17,3,1,2702.16,2509.77,26,46,77,2,0,0,1,50,1,652,0,0,None
CUST03168,23,Male,14,Retail,Savings,16530.38,2,1,1344.48,1037.5,28,31,41,3,0,1,1,37,1,357,0,0,None
CUST03169,23,Male,17,SME,Current,363335.99,4,1,63213.76,45822.79,26,48,59,2,0,0,1,42,1,727,3,1,Full Withdrawal
CUST03170,38,Male,24,Retail,Savings,10266.83,2,1,913.33,491.5,22,37,78,3,1,1,0,92,1,717,1,0,None
CUST03171,31,Male,21,SME,FD,186818.54,1,1,21727.5,16559.5,18,35,65,2,1,0,0,23,1,579,0,0,None
CUST03172,39,Female,2,Retail,Savings,66092.6,2,1,2974.04,2736.36,29,47,64,3,1,0,1,75,1,606,0,0,None
CUST03173,43,Male,19,Retail,FD,20975.77,4,1,1802.48,882.87,33,38,79,3,1,0,1,75,1,553,1,0,None
CUST03174,40,Female,16,SME,Savings,317599.49,3,1,19338.5,18199.36,35,44,81,2,1,0,0,-4,0,707,1,0,None
CUST03175,22,Male,22,Retail,FD,97335.16,2,1,5541.81,3519.53,23,33,70,1,0,0,0,28,1,386,0,1,Account Closure
CUST03176,45,Male,10,SME,FD,414956.5,2,1,45241.37,42437.58,20,37,82,1,0,0,0,26,1,315,0,0,None
CUST03177,57,Female,22,Retail,Savings,38899.31,1,1,3282.06,2457.04,9,26,39,3,0,1,1,52,1,189,4,1,Partial Withdrawal
CUST03178,46,Female,8,Retail,RD,45042.15,3,1,3001.23,1735.49,3,21,40,4,1,1,1,44,1,245,0,0,None
CUST03179,57,Male,21,SME,Savings,159340.64,3,1,19413.69,11763.61,6,10,19,3,0,1,1,4,0,689,4,1,Partial Withdrawal
CUST03180,52,Male,5,Retail,RD,86690.58,3,1,14342.7,8029.12,29,52,85,3,1,1,0,72,1,689,0,0,None
CUST03181,52,Male,7,Retail,FD,99413.57,4,1,15665.34,9150.55,5,27,38,3,1,0,1,63,1,555,1,0,None
CUST03182,23,Male,13,Retail,RD,83460.09,4,1,6687.0,5052.66,37,66,101,2,1,0,0,90,1,145,0,0,None
CUST03183,40,Female,16,Retail,Savings,58021.23,1,1,4763.63,1948.96,2,20,58,3,0,1,1,90,1,570,0,0,None
CUST03184,33,Female,5,Retail,Savings,14249.77,2,1,2238.7,2086.91,16,35,50,1,0,0,0,51,1,713,0,0,None
CUST03185,31,Male,16,SME,FD,476273.99,4,1,61509.34,50603.15,14,33,79,3,1,0,1,57,1,532,1,0,None
CUST03186,52,Female,15,HNI,RD,1495770.67,3,1,237508.4,217927.05,32,56,79,3,1,1,0,99,1,333,0,0,None
CUST03187,66,Female,9,SME,Savings,148301.54,2,1,5964.46,4739.65,18,25,34,2,1,0,0,39,0,566,0,0,None
CUST03188,43,Male,22,SME,Savings,216992.58,2,1,11705.04,7778.8,7,14,41,3,0,1,1,30,0,124,1,1,Account Closure
CUST03189,44,Male,23,SME,Savings,97073.09,2,1,16338.88,8240.52,25,27,33,2,1,0,0,50,1,58,4,1,Full Withdrawal
CUST03190,44,Female,12,SME,FD,318681.04,1,1,56144.91,38401.82,14,31,78,2,0,0,1,14,1,603,4,1,Full Withdrawal
CUST03191,36,Female,8,Retail,FD,94097.93,4,1,8934.64,7071.16,22,40,48,1,0,0,0,17,1,72,2,1,Partial Withdrawal
CUST03192,47,Male,13,HNI,Savings,552042.98,4,1,106728.44,92832.45,25,30,51,3,1,0,1,97,1,448,0,0,None
CUST03193,24,Male,5,SME,Savings,381761.03,2,1,33690.83,19482.47,23,40,75,3,1,1,0,71,1,649,0,0,None
CUST03194,44,Male,14,Retail,Current,71120.74,1,1,12975.65,8833.36,30,57,91,4,1,1,1,24,1,725,0,0,None
CUST03195,41,Female,16,Retail,Savings,24331.53,1,1,2614.99,1937.68,25,48,54,2,0,0,1,72,0,381,2,0,None
CUST03196,66,Male,11,Retail,FD,42329.97,4,1,5498.21,3979.2,13,41,69,4,1,1,1,95,1,156,0,0,None
CUST03197,61,Male,20,Retail,Savings,33726.23,4,1,4820.27,2066.96,21,44,58,2,1,0,0,42,1,667,4,1,Account Closure
CUST03198,60,Female,12,SME,Current,477341.36,1,1,29259.75,19483.09,35,57,89,4,1,1,1,73,0,711,0,0,None
CUST03199,29,Female,15,Retail,FD,34352.41,3,1,1578.07,1333.42,16,37,84,2,1,0,0,28,1,178,0,0,None
CUST03200,39,Female,24,Retail,Current,37802.68,1,1,4093.58,3443.79,5,8,44,2,0,0,1,86,1,685,1,0,None
CUST03201,62,Male,12,HNI,Savings,555204.67,3,1,36453.1,24749.04,15,39,76,2,1,0,0,48,1,482,0,0,None
CUST03202,27,Male,9,Retail,FD,33502.58,4,1,4282.62,3956.27,2,15,37,3,1,0,1,54,1,270,1,0,None
CUST03203,48,Male,1,Retail,Savings,82396.07,1,1,9276.37,7925.98,34,51,79,1,0,0,0,100,1,541,1,0,None
CUST03204,57,Male,3,Retail,FD,58952.61,1,1,3509.78,2827.23,30,37,78,2,1,0,0,-10,1,110,0,0,None
CUST03205,36,Female,12,SME,Savings,384438.63,1,1,56330.1,38506.15,11,28,62,1,0,0,0,94,1,316,3,0,None
CUST03206,58,Male,20,HNI,FD,1888231.67,1,1,81721.09,59237.33,37,45,54,4,1,1,1,99,1,157,0,0,None
CUST03207,26,Male,13,Retail,Savings,18150.37,2,1,1093.04,571.42,15,30,57,1,0,0,0,34,1,57,0,0,None
CUST03208,60,Male,23,SME,Savings,354610.43,2,1,53910.1,37350.2,23,27,61,2,1,0,0,8,1,246,1,0,None
CUST03209,30,Male,6,Retail,Savings,10277.96,4,1,1279.16,881.74,34,36,44,3,1,1,0,37,1,213,3,1,Partial Withdrawal
CUST03210,28,Female,10,HNI,RD,953529.82,4,1,81154.23,41511.96,29,47,92,2,0,0,1,38,1,700,4,1,Full Withdrawal
CUST03211,62,Male,10,SME,RD,229819.92,1,1,15820.66,14604.55,8,29,57,2,1,0,0,62,1,113,2,0,None
CUST03212,41,Male,16,SME,Savings,225399.5,2,1,32179.25,17203.47,37,42,49,4,1,1,1,3,1,322,2,1,Account Closure
CUST03213,31,Male,1,Retail,Savings,79422.04,4,1,5789.51,2647.67,37,45,64,4,1,1,1,56,0,51,1,0,None
CUST03214,47,Male,16,HNI,Savings,1668704.04,3,1,329632.08,216520.5,35,43,48,3,1,0,1,19,1,522,1,0,None
CUST03215,25,Male,4,SME,Savings,338446.49,2,1,60612.31,47116.4,38,43,57,2,0,1,0,94,0,603,1,0,None
CUST03216,59,Female,6,Retail,FD,19492.85,2,1,1191.9,604.69,7,15,64,2,0,1,0,54,1,51,5,1,Full Withdrawal
CUST03217,45,Female,19,SME,Savings,205946.27,2,1,36548.13,18295.64,36,45,75,3,0,1,1,58,0,243,0,0,None
CUST03218,35,Female,2,Retail,FD,69398.89,1,1,6607.25,3593.08,28,38,54,3,1,1,0,76,1,352,0,0,None
CUST03219,62,Female,18,SME,FD,290591.0,3,1,34405.13,19490.32,31,54,59,2,0,1,0,-5,1,493,0,0,None
CUST03220,22,Female,10,Retail,Current,92479.67,1,1,5812.52,3112.08,33,49,55,2,0,1,0,73,1,688,1,0,None
CUST03221,38,Female,4,SME,FD,118847.73,4,1,7008.64,4617.88,20,25,40,2,1,0,0,35,1,57,1,1,Full Withdrawal
CUST03222,66,Male,1,Retail,Savings,38563.06,3,1,6882.69,2822.21,23,50,66,4,1,1,1,31,1,436,3,1,Account Closure
CUST03223,45,Male,15,Retail,Savings,8981.79,1,1,1264.5,566.67,22,41,73,2,0,1,0,61,1,236,0,0,None
CUST03224,48,Male,10,Retail,FD,44281.22,2,1,5033.61,4032.68,6,32,69,3,1,0,1,50,1,313,2,0,None
CUST03225,28,Female,18,Retail,Savings,87393.46,3,1,4001.42,2508.04,22,35,81,2,0,0,1,20,1,727,1,1,Account Closure
CUST03226,30,Female,16,Retail,Savings,97133.22,2,1,18213.83,10895.05,21,45,52,2,0,1,0,68,1,12,0,0,None
CUST03227,64,Female,13,Retail,RD,13068.2,4,1,1309.1,531.16,39,46,91,4,1,1,1,15,1,461,1,0,None
CUST03228,56,Male,15,Retail,Current,78828.12,3,1,8408.11,4742.34,32,37,60,2,0,1,0,47,1,473,0,0,None
CUST03229,33,Female,2,Retail,Savings,29543.97,4,1,2551.7,2173.16,38,43,65,2,0,0,1,22,1,450,3,0,None
CUST03230,42,Male,20,Retail,FD,41046.51,4,1,7495.36,4401.29,7,26,67,3,1,1,0,41,1,425,0,0,None
CUST03231,24,Male,4,SME,Savings,292032.25,4,1,27782.07,25838.2,32,34,66,1,0,0,0,92,0,509,1,0,None
CUST03232,36,Male,1,Retail,RD,99499.23,3,1,6754.0,4150.18,25,47,82,1,0,0,0,21,1,694,0,0,None
CUST03233,42,Male,7,HNI,Savings,1393462.11,4,1,167339.68,109652.82,19,26,37,2,1,0,0,43,1,351,0,0,None
CUST03234,31,Male,23,SME,Current,107645.28,1,1,17765.65,14941.8,30,57,99,2,0,1,0,-10,1,402,0,0,None
CUST03235,54,Male,11,SME,FD,105525.03,1,1,10490.68,9868.2,13,23,32,2,1,0,0,-6,0,462,1,1,Account Closure
CUST03236,67,Male,10,Retail,Current,86039.65,4,1,12417.88,7505.1,13,31,54,2,0,0,1,11,0,302,1,0,None
CUST03237,27,Female,1,SME,FD,418780.06,2,1,37135.69,17303.93,30,52,69,3,0,1,1,84,0,11,1,0,None
CUST03238,23,Female,11,Retail,RD,38019.76,4,1,5899.22,4056.78,8,20,63,2,0,0,1,95,1,359,1,0,None
CUST03239,50,Female,24,Retail,FD,97813.34,4,1,14378.15,10430.89,17,39,71,2,1,0,0,-6,1,242,1,1,Account Closure
CUST03240,61,Male,10,Retail,Savings,99528.05,2,1,14821.79,13750.19,13,23,29,2,1,0,0,-3,1,647,0,1,Account Closure
CUST03241,54,Female,14,SME,Current,153815.25,3,1,22048.68,13839.02,22,34,44,2,0,1,0,59,1,45,0,0,None
CUST03242,25,Female,14,Retail,RD,81229.55,3,1,5280.73,2376.04,5,33,52,4,1,1,1,52,1,30,4,1,Full Withdrawal
CUST03243,25,Male,7,Retail,Savings,77279.96,4,1,14071.02,10666.03,18,23,55,2,1,0,0,-1,1,362,4,1,Account Closure
CUST03244,50,Male,23,HNI,Current,1113328.75,1,1,148874.81,61278.61,29,43,84,3,1,0,1,99,1,540,2,0,None
CUST03245,58,Male,11,SME,Current,362066.76,1,1,36634.61,23225.61,32,52,81,4,1,1,1,51,1,358,2,0,None
CUST03246,41,Male,22,Retail,Savings,57663.58,1,1,3896.54,2436.53,9,13,49,3,1,0,1,29,1,568,0,0,None
CUST03247,62,Female,4,Retail,Savings,95643.89,4,1,15816.91,8543.51,27,50,91,2,1,0,0,91,1,129,0,0,None
CUST03248,44,Female,24,SME,RD,344136.27,1,1,41794.57,38884.41,32,60,100,1,0,0,0,94,1,344,0,0,None
CUST03249,66,Male,2,Retail,Current,15151.67,1,1,963.14,598.95,20,22,56,4,1,1,1,36,1,316,0,0,None
CUST03250,39,Female,7,Retail,Savings,10414.16,3,1,1951.9,1741.27,8,26,75,3,0,1,1,69,1,432,0,0,None
CUST03251,70,Female,19,Retail,FD,88008.22,4,1,5014.11,3426.2,6,24,52,2,0,0,1,45,0,28,0,0,None
CUST03252,46,Female,14,HNI,Current,1106687.68,3,1,137091.37,116705.18,14,22,44,2,0,1,0,17,0,183,4,1,Account Closure
CUST03253,22,Male,19,SME,FD,81380.71,2,1,11205.56,7264.2,19,34,39,3,1,1,0,45,0,610,3,0,None
CUST03254,36,Female,7,SME,Savings,199744.81,3,1,39916.51,37734.89,19,25,32,2,0,1,0,-10,1,337,0,1,Full Withdrawal
CUST03255,55,Male,12,SME,RD,347812.19,4,1,21754.44,16359.69,21,36,47,2,0,1,0,99,1,88,3,0,None
CUST03256,69,Female,3,Retail,Current,94960.42,1,1,13120.65,6373.63,24,36,73,4,1,1,1,41,1,443,0,0,None
CUST03257,41,Male,15,Retail,FD,83583.78,4,1,9718.66,3921.84,37,63,88,2,0,0,1,71,0,541,2,0,None
CUST03258,58,Male,5,Retail,Savings,96412.61,3,1,7822.76,7125.71,34,63,81,4,1,1,1,51,1,426,0,0,None
CUST03259,48,Female,8,Retail,Savings,22770.43,4,1,4343.54,3378.15,8,36,77,1,0,0,0,92,0,704,0,0,None
CUST03260,43,Male,14,Retail,Savings,85148.69,4,1,14180.24,6501.07,6,10,17,1,0,0,0,97,0,666,4,0,None
CUST03261,26,Male,4,SME,RD,144460.0,3,1,23739.0,19202.9,33,40,81,2,0,0,1,31,0,489,0,0,None
CUST03262,55,Male,7,Retail,Savings,35874.24,3,1,6596.19,3462.55,10,18,47,1,0,0,0,36,1,236,0,1,Full Withdrawal
CUST03263,60,Female,7,SME,FD,145332.08,2,1,22672.83,19160.28,31,51,88,2,1,0,0,92,1,11,5,1,Account Closure
CUST03264,24,Male,18,Retail,Savings,94716.48,2,1,11468.11,8434.31,33,43,60,1,0,0,0,26,0,656,1,1,Full Withdrawal
CUST03265,38,Female,14,Retail,Savings,70688.02,3,1,7255.83,3395.82,5,8,45,3,0,1,1,0,1,420,0,0,None
CUST03266,45,Male,8,Retail,Savings,39191.98,4,1,5983.1,2626.71,26,55,88,2,1,0,0,56,0,285,2,0,None
CUST03267,45,Male,12,Retail,FD,99990.47,3,1,13643.69,8955.24,23,36,59,1,0,0,0,18,1,347,1,0,None
CUST03268,24,Male,10,SME,FD,242333.25,1,1,30742.45,28138.3,9,17,47,1,0,0,0,-7,1,608,0,1,Partial Withdrawal
CUST03269,66,Male,14,Retail,RD,82303.38,2,1,11049.16,7850.96,3,14,56,2,1,0,0,84,1,411,0,0,None
CUST03270,28,Male,9,Retail,RD,79515.85,1,1,11518.32,9416.34,38,59,72,3,0,1,1,0,1,267,1,1,Partial Withdrawal
CUST03271,46,Male,6,Retail,Savings,73678.03,4,1,14366.68,9456.3,36,52,86,2,1,0,0,19,1,685,3,1,Account Closure
CUST03272,24,Female,5,Retail,FD,68596.45,1,1,11010.09,6729.86,38,64,90,2,0,0,1,68,0,200,1,0,None
CUST03273,36,Female,1,Retail,Current,15323.21,3,1,1045.49,890.98,23,47,94,3,1,0,1,68,0,689,1,0,None
CUST03274,50,Male,1,SME,FD,355171.0,3,1,40732.08,26673.92,2,27,35,2,0,1,0,47,0,363,2,1,Partial Withdrawal
CUST03275,71,Male,20,HNI,Savings,569587.64,3,1,84594.4,40423.31,34,62,73,1,0,0,0,21,1,324,4,1,Account Closure
CUST03276,50,Female,17,Retail,FD,61632.73,1,1,4197.47,2312.75,5,32,54,2,0,0,1,18,1,436,1,0,None
CUST03277,31,Male,11,SME,Savings,121399.49,1,1,22972.8,16282.22,10,30,40,4,1,1,1,32,0,121,0,0,None
CUST03278,53,Male,12,Retail,Savings,21033.86,1,1,1100.58,683.92,9,16,49,2,1,0,0,81,1,204,0,0,None
CUST03279,44,Female,3,Retail,Savings,58149.21,3,1,8010.48,4818.43,23,44,53,2,0,1,0,74,1,672,4,1,Partial Withdrawal
CUST03280,60,Female,6,Retail,Savings,84452.7,3,1,16565.37,12719.23,22,36,46,3,1,1,0,91,0,187,2,0,None
CUST03281,30,Female,11,Retail,Savings,40809.84,3,1,6385.06,4788.64,29,50,88,2,1,0,0,28,1,716,1,0,None
CUST03282,58,Male,13,Retail,FD,12331.04,1,1,1829.45,1047.75,38,51,89,2,0,1,0,0,0,704,0,0,None
CUST03283,61,Male,11,Retail,FD,64257.1,1,1,12824.9,7665.25,3,22,27,2,0,1,0,85,1,728,0,0,None
CUST03284,35,Female,8,Retail,Savings,77810.87,4,1,12970.11,10552.96,18,35,57,2,1,0,0,16,0,84,0,0,None
CUST03285,25,Male,10,Retail,Savings,33128.03,2,1,6468.15,5864.72,32,44,75,3,1,1,0,13,1,306,2,1,Full Withdrawal
CUST03286,41,Male,2,Retail,Savings,70606.02,3,1,10719.6,6199.34,14,41,55,3,0,1,1,26,1,234,0,0,None
CUST03287,49,Male,24,HNI,FD,474510.05,1,1,69503.1,38958.76,19,45,88,4,1,1,1,54,0,7,1,0,None
CUST03288,35,Male,14,Retail,Savings,39335.7,2,1,6372.81,3478.94,25,37,43,2,0,0,1,21,1,627,1,0,None
CUST03289,65,Female,16,Retail,Current,50042.48,1,1,3513.01,1678.62,32,34,57,3,1,1,0,42,1,518,2,1,Account Closure
CUST03290,55,Female,17,Retail,Savings,79286.55,1,1,13393.53,8135.84,34,36,67,3,0,1,1,-10,1,211,0,0,None
CUST03291,34,Female,11,Retail,Current,37123.46,3,1,7247.33,4955.75,32,40,66,2,0,1,0,98,1,564,0,0,None
CUST03292,52,Male,2,Retail,Savings,48101.48,2,1,6631.41,4612.73,28,55,69,2,1,0,0,45,0,658,4,1,Full Withdrawal
CUST03293,54,Male,24,Retail,Savings,64693.63,1,1,2715.64,2118.38,37,45,93,2,1,0,0,23,1,623,1,0,None
CUST03294,60,Male,23,Retail,Savings,64287.6,2,1,3313.05,1420.98,22,27,58,2,0,0,1,71,1,677,0,0,None
CUST03295,49,Male,5,Retail,Savings,54187.22,2,1,4202.39,2978.55,6,21,37,3,1,0,1,18,0,266,1,1,Account Closure
CUST03296,46,Female,16,Retail,Savings,36205.1,3,1,4293.04,2319.29,12,37,56,3,1,0,1,-5,1,21,1,1,Account Closure
CUST03297,53,Male,16,Retail,Current,68642.84,2,1,7289.93,3874.73,35,41,46,3,1,1,0,46,1,653,1,0,None
CUST03298,30,Male,2,Retail,Savings,84529.66,4,1,16624.78,13870.87,35,58,100,2,0,1,0,84,0,254,1,1,Full Withdrawal
CUST03299,49,Male,16,Retail,Savings,19612.34,4,1,3751.72,1817.38,4,17,62,3,1,0,1,3,1,578,1,1,Account Closure
CUST03300,52,Female,5,Retail,Savings,37343.87,3,1,3840.28,2231.22,7,12,40,1,0,0,0,64,1,658,3,1,Partial Withdrawal
CUST03301,38,Male,8,SME,FD,415384.01,3,1,69406.78,52103.75,21,25,35,2,0,0,1,58,1,98,0,0,None
CUST03302,44,Male,20,Retail,Current,76798.67,4,1,10891.44,8207.58,5,24,57,3,1,0,1,51,1,233,4,1,Full Withdrawal
CUST03303,34,Male,14,Retail,FD,79238.67,3,1,6252.07,2666.19,38,63,73,2,1,0,0,75,1,458,0,0,None
CUST03304,31,Female,10,Retail,Savings,67060.84,2,1,12673.72,5575.26,8,36,78,3,1,0,1,40,1,101,1,0,None
CUST03305,37,Male,23,HNI,Savings,1434306.35,1,1,116928.69,88918.4,18,24,43,2,1,0,0,2,1,152,0,0,None
CUST03306,27,Female,2,Retail,Savings,66350.96,3,1,11893.74,10992.59,39,66,78,2,0,1,0,65,1,493,1,0,None
CUST03307,69,Female,3,Retail,Current,17829.23,4,1,2532.15,2403.46,37,44,77,3,0,1,1,94,1,538,0,0,None
CUST03308,32,Male,18,Retail,Current,24737.32,1,1,3447.9,3251.06,35,50,56,4,1,1,1,-7,1,581,0,1,Partial Withdrawal
CUST03309,24,Female,21,Retail,FD,93115.45,2,1,16215.65,9621.87,7,14,29,2,1,0,0,27,1,297,0,0,None
CUST03310,49,Male,2,Retail,FD,92606.24,1,1,11028.44,5878.11,3,24,37,4,1,1,1,-7,1,672,0,1,Account Closure
CUST03311,62,Female,21,Retail,Savings,73768.96,4,1,13023.16,5915.86,19,45,65,4,1,1,1,19,1,520,0,0,None
CUST03312,36,Male,9,SME,Savings,348124.03,1,1,44572.6,25816.66,28,52,80,1,0,0,0,43,1,18,1,0,None
CUST03313,34,Male,2,Retail,Savings,66639.8,4,1,13164.27,7270.22,20,33,71,2,0,1,0,54,1,698,0,1,Account Closure
CUST03314,63,Male,7,SME,Savings,386153.27,3,1,56219.59,40322.82,33,62,109,1,0,0,0,50,1,641,0,0,None
CUST03315,66,Male,7,HNI,RD,1049091.85,3,1,104751.5,63147.56,25,52,80,1,0,0,0,38,1,664,0,0,None
CUST03316,38,Female,14,Retail,Savings,76109.95,4,1,12340.33,6507.57,35,48,90,3,1,1,0,20,0,175,0,1,Full Withdrawal
CUST03317,28,Male,5,Retail,RD,7820.64,3,1,950.86,700.69,26,35,77,2,0,1,0,31,1,575,0,0,None
CUST03318,49,Female,8,Retail,Current,29340.98,2,1,4957.57,2863.92,25,49,78,3,0,1,1,39,0,404,0,0,None
CUST03319,59,Male,23,Retail,Current,80472.79,1,1,13950.28,8293.47,26,47,92,1,0,0,0,12,0,26,3,1,Account Closure
CUST03320,34,Female,22,Retail,Savings,94176.54,4,1,13062.86,9524.68,13,39,76,1,0,0,0,67,1,114,2,0,None
CUST03321,38,Male,18,HNI,Current,1712090.68,4,1,307406.14,142950.07,31,34,82,3,1,1,0,88,1,222,3,0,None
CUST03322,36,Male,6,SME,Current,334819.66,4,1,35004.83,28908.28,7,13,60,2,0,0,1,70,1,101,3,1,Account Closure
CUST03323,57,Male,14,Retail,Savings,20722.2,2,1,1019.12,948.79,31,50,71,2,0,1,0,49,0,347,0,0,None
CUST03324,49,Female,18,Retail,Savings,40028.35,2,1,5845.09,3915.95,34,59,70,3,0,1,1,21,1,423,0,0,None
CUST03325,36,Male,17,SME,Savings,481316.61,2,1,78123.6,55305.45,16,42,73,2,1,0,0,45,1,23,2,0,None
CUST03326,67,Male,9,HNI,Current,1976262.88,4,1,102070.5,62421.58,30,34,74,2,0,0,1,45,1,346,3,1,Full Withdrawal
CUST03327,32,Male,13,SME,Savings,235683.01,2,1,38497.77,35656.44,15,32,77,2,0,0,1,89,1,5,2,0,None
CUST03328,52,Female,16,Retail,FD,59436.13,3,1,8455.73,4000.57,26,32,55,3,1,0,1,76,0,14,1,0,None
CUST03329,25,Male,21,Retail,FD,98038.53,1,1,5747.59,4870.72,6,16,35,2,0,0,1,23,0,99,1,1,Partial Withdrawal
CUST03330,56,Female,10,Retail,Savings,43213.98,3,1,5461.83,4138.62,3,10,20,3,1,0,1,100,0,256,0,0,None
CUST03331,55,Male,10,Retail,Current,34137.46,3,1,1959.45,1636.77,17,37,77,3,1,1,0,91,1,629,0,0,None
CUST03332,48,Female,4,Retail,Savings,19307.44,2,1,1765.84,1629.43,39,62,71,3,0,1,1,30,1,429,0,0,None
CUST03333,31,Female,12,Retail,FD,18642.93,4,1,3143.9,2115.48,18,44,93,1,0,0,0,28,1,452,0,0,None
CUST03334,51,Male,8,SME,Savings,163762.1,3,1,9191.35,5134.12,32,60,69,3,1,0,1,75,1,534,0,0,None
CUST03335,66,Male,15,Retail,Savings,76176.67,1,1,8646.21,7165.39,2,30,36,4,1,1,1,31,1,113,0,1,Full Withdrawal
CUST03336,41,Male,21,Retail,Savings,58623.93,2,1,8026.44,6938.97,7,24,71,2,1,0,0,55,0,545,0,0,None
CUST03337,50,Male,23,Retail,FD,87962.8,3,1,16755.32,13026.26,32,59,81,1,0,0,0,9,1,328,0,0,None
CUST03338,50,Male,19,Retail,Savings,35007.88,2,1,5529.93,4794.18,7,15,51,1,0,0,0,3,1,614,4,1,Full Withdrawal
CUST03339,44,Female,15,Retail,Savings,61529.43,1,1,3832.03,3072.06,37,42,75,1,0,0,0,27,1,430,2,1,Account Closure
CUST03340,71,Male,8,Retail,Savings,67817.96,2,1,13225.79,12255.15,9,26,50,2,0,1,0,26,1,201,0,0,None
CUST03341,42,Female,8,SME,Savings,496871.29,4,1,57872.2,41313.49,30,51,74,1,0,0,0,26,1,108,2,1,Account Closure
CUST03342,69,Male,19,Retail,FD,42648.89,3,1,4228.84,2576.46,10,28,48,1,0,0,0,1,0,412,0,1,Full Withdrawal
CUST03343,64,Female,9,Retail,Current,61139.29,3,1,3704.66,2868.47,23,43,58,2,1,0,0,81,0,129,2,0,None
CUST03344,31,Male,24,Retail,RD,6988.41,4,1,1323.31,579.63,11,40,72,2,0,1,0,45,0,143,2,0,None
CUST03345,62,Male,17,HNI,Savings,1365057.09,1,1,182635.01,123116.98,25,51,77,1,0,0,0,-3,1,401,1,0,None
CUST03346,33,Male,8,SME,Savings,475693.53,1,1,94224.42,77770.04,3,21,52,2,0,0,1,82,1,460,1,0,None
CUST03347,51,Male,12,SME,FD,124517.98,2,1,8444.63,4162.61,21,35,56,1,0,0,0,10,1,311,3,1,Partial Withdrawal
CUST03348,54,Male,15,Retail,Current,25428.35,3,1,3237.89,2008.22,18,21,33,3,1,1,0,28,0,119,1,0,None
CUST03349,39,Female,4,Retail,Savings,52720.21,1,1,3035.72,1799.14,34,37,49,3,1,0,1,37,1,221,0,0,None
CUST03350,35,Female,6,Retail,Current,36226.25,4,1,4487.86,2621.96,15,40,67,3,1,0,1,7,1,14,1,0,None
CUST03351,43,Male,16,Retail,FD,46813.83,4,1,8537.28,6469.93,33,56,92,3,1,1,0,52,0,589,0,0,None
CUST03352,42,Male,5,HNI,Savings,1217783.96,4,1,70012.03,47161.7,38,62,110,3,0,1,1,72,1,117,0,0,None
CUST03353,22,Male,23,Retail,FD,27144.94,1,1,2256.93,1892.49,25,53,72,2,0,0,1,63,1,56,0,0,None
CUST03354,70,Male,13,SME,Savings,89024.15,4,1,13281.01,5734.97,21,26,57,2,0,1,0,-2,0,125,1,1,Account Closure
CUST03355,64,Male,15,SME,RD,275369.43,3,1,14375.92,9339.32,7,24,32,1,0,0,0,76,1,25,0,0,None
CUST03356,36,Female,17,Retail,Current,71814.36,1,1,8089.0,3297.88,34,62,106,2,1,0,0,19,1,603,1,0,None
CUST03357,57,Female,22,HNI,Savings,1527946.88,1,1,142541.95,74331.76,29,34,70,2,0,1,0,75,1,408,3,1,Account Closure
CUST03358,68,Female,20,Retail,Savings,36727.24,3,1,6394.35,5284.65,12,33,74,3,0,1,1,48,1,93,0,0,None
CUST03359,43,Male,22,Retail,RD,29816.59,4,1,1426.79,653.94,37,50,64,2,0,0,1,44,1,158,5,1,Full Withdrawal
CUST03360,53,Female,5,Retail,FD,99765.14,1,1,17772.49,8141.02,21,44,76,3,1,0,1,82,1,219,0,0,None
CUST03361,67,Female,19,Retail,Savings,77947.43,3,1,11893.31,7383.26,7,36,72,1,0,0,0,59,1,519,2,0,None
CUST03362,54,Male,7,Retail,Current,83094.2,3,1,7274.94,6018.69,9,38,74,2,0,0,1,39,0,141,0,0,None
CUST03363,62,Male,3,Retail,Current,7504.64,2,1,537.65,403.73,20,41,60,1,0,0,0,50,1,647,2,1,Full Withdrawal
CUST03364,60,Female,13,Retail,Savings,10660.75,4,1,2047.16,1699.07,16,31,41,4,1,1,1,24,1,611,0,0,None
CUST03365,44,Male,14,Retail,Savings,72698.37,4,1,9350.85,3995.17,23,25,38,2,0,0,1,3,1,710,1,0,None
CUST03366,64,Male,16,Retail,Current,23224.12,3,1,2210.11,1569.29,3,21,63,2,0,0,1,58,0,534,1,0,None
CUST03367,23,Male,13,Retail,Savings,45437.27,1,1,2140.78,1390.03,29,54,88,2,0,1,0,35,0,398,0,0,None
CUST03368,23,Female,2,Retail,Savings,22495.83,2,1,1496.55,1336.14,37,56,101,2,0,0,1,71,1,533,0,0,None
CUST03369,59,Male,14,Retail,FD,21821.83,2,1,2961.36,2385.48,37,50,94,2,1,0,0,24,0,530,1,1,Full Withdrawal
CUST03370,50,Female,20,SME,Current,78886.01,1,1,9631.79,6100.66,19,45,65,1,0,0,0,83,1,48,0,0,None
CUST03371,67,Female,7,SME,Savings,311355.75,2,1,50196.03,35368.98,13,24,53,3,1,0,1,60,0,93,1,0,None
CUST03372,24,Female,5,SME,Savings,225348.72,1,1,39114.68,24785.34,20,45,59,3,1,0,1,87,1,26,0,0,None
CUST03373,60,Male,14,SME,Current,94279.32,2,1,9762.43,6273.64,27,43,77,3,1,0,1,91,1,39,0,0,None
CUST03374,28,Female,9,Retail,Current,31177.42,1,1,1750.57,1310.73,26,44,57,3,1,0,1,31,1,165,2,1,Partial Withdrawal
CUST03375,57,Male,10,SME,Current,454139.15,3,1,75679.91,39285.0,29,56,100,3,1,0,1,42,1,702,0,0,None
CUST03376,50,Male,7,Retail,Savings,42270.02,3,1,5435.86,3170.47,16,28,39,3,1,0,1,8,1,448,1,0,None
CUST03377,58,Male,14,Retail,Current,71943.26,2,1,14156.04,7835.9,11,36,83,3,0,1,1,34,1,493,1,0,None
CUST03378,70,Male,14,SME,RD,234861.79,2,1,39319.62,33045.83,35,61,105,1,0,0,0,43,1,446,0,1,Partial Withdrawal
CUST03379,57,Female,2,Retail,Savings,8067.93,3,1,747.51,686.27,14,35,51,3,1,1,0,53,1,484,1,0,None
CUST03380,44,Male,17,SME,Savings,212008.57,4,1,23015.32,14450.52,17,25,46,2,0,1,0,64,0,668,0,0,None
CUST03381,66,Male,20,SME,FD,390562.08,1,1,30343.61,13424.18,32,53,82,3,1,0,1,30,1,401,0,0,None
CUST03382,37,Male,4,SME,Savings,187431.39,4,1,22851.59,10316.42,2,22,33,3,1,0,1,6,1,540,0,0,None
CUST03383,69,Female,13,HNI,Savings,1260327.77,2,1,193732.54,120070.38,24,36,59,3,0,1,1,0,1,216,1,0,None
CUST03384,52,Female,18,Retail,Savings,36948.78,3,1,5098.87,3147.23,15,17,38,3,1,0,1,98,1,31,4,0,None
CUST03385,55,Female,3,Retail,Savings,87902.01,2,1,8327.25,4000.29,31,50,86,2,1,0,0,81,0,497,2,0,None
CUST03386,71,Male,19,Retail,Savings,95434.19,4,1,16388.72,13830.73,21,45,72,2,0,1,0,-8,1,256,0,0,None
CUST03387,22,Male,5,Retail,Savings,58249.08,3,1,3309.1,2233.89,26,49,98,1,0,0,0,-1,0,184,0,1,Account Closure
CUST03388,39,Female,1,Retail,FD,34104.21,3,1,2142.04,985.3,12,28,64,3,1,1,0,13,0,413,1,0,None
CUST03389,61,Male,9,SME,Current,148965.28,3,1,15591.53,7083.17,27,41,71,2,1,0,0,86,1,631,0,0,None
CUST03390,64,Male,24,SME,Current,55090.19,1,1,8393.48,5416.15,22,47,59,2,0,0,1,45,1,141,1,0,None
CUST03391,36,Female,8,Retail,Savings,20971.94,2,1,3168.22,1470.88,6,34,60,3,1,1,0,15,0,371,4,1,Account Closure
CUST03392,69,Male,3,Retail,Current,51885.85,4,1,5118.21,3627.06,8,25,37,2,0,1,0,58,1,429,0,1,Account Closure
CUST03393,70,Female,2,Retail,Savings,74984.98,1,1,11357.02,6947.75,13,33,42,2,0,0,1,13,1,585,3,1,Partial Withdrawal
CUST03394,38,Male,1,Retail,FD,26134.16,4,1,1298.7,1176.39,3,10,26,3,1,0,1,33,0,415,0,0,None
CUST03395,65,Male,12,SME,FD,480592.85,1,1,41524.91,26177.33,22,51,82,2,1,0,0,15,1,471,0,0,None
CUST03396,31,Male,22,Retail,Current,20981.63,3,1,3168.3,2338.0,33,56,80,3,1,1,0,60,1,656,0,0,None
CUST03397,41,Male,13,Retail,Current,58049.1,1,1,4031.31,3411.48,6,35,50,4,1,1,1,65,0,245,1,0,None
CUST03398,27,Female,10,Retail,FD,78756.41,2,1,5830.65,3303.54,28,45,85,1,0,0,0,46,1,559,2,1,Full Withdrawal
CUST03399,29,Female,17,Retail,Current,25271.91,2,1,1362.19,928.39,32,51,57,2,0,1,0,92,1,136,0,0,None
CUST03400,66,Male,11,Retail,Savings,33162.22,4,1,3260.36,1521.01,13,15,29,1,0,0,0,97,0,688,0,0,None
CUST03401,55,Male,5,Retail,Savings,9891.0,3,1,1701.14,1085.37,37,56,102,1,0,0,0,25,1,721,0,1,Account Closure
CUST03402,53,Female,9,Retail,RD,94675.1,3,1,16456.19,9984.0,22,32,43,3,1,0,1,6,1,192,0,1,Partial Withdrawal
CUST03403,63,Female,13,Retail,Savings,51262.36,4,1,9123.57,5798.07,20,34,50,1,0,0,0,69,1,306,0,0,None
CUST03404,25,Male,20,Retail,FD,11109.09,2,1,509.6,233.94,4,21,41,4,1,1,1,84,1,147,0,0,None
CUST03405,65,Male,23,SME,Savings,497385.57,2,1,98958.93,61267.49,18,41,76,1,0,0,0,7,1,43,0,1,Full Withdrawal
CUST03406,71,Male,11,Retail,Savings,59087.7,4,1,7115.49,6252.0,31,51,82,2,0,1,0,85,0,365,1,0,None
CUST03407,60,Female,23,Retail,Current,10252.05,3,1,1841.64,1685.8,37,64,100,2,0,0,1,55,1,603,0,0,None
CUST03408,41,Female,4,Retail,Savings,47835.17,4,1,8840.82,4711.72,10,34,80,3,1,0,1,-1,1,335,1,0,None
CUST03409,45,Male,21,HNI,FD,1611315.93,4,1,197095.71,111413.42,35,37,81,3,1,0,1,50,1,600,0,0,None
CUST03410,45,Female,11,Retail,Current,18877.76,1,1,909.42,368.55,30,39,70,1,0,0,0,28,1,709,0,0,None
CUST03411,47,Male,9,SME,Current,206409.14,4,1,27988.08,12974.42,11,22,51,2,0,0,1,3,1,181,0,0,None
CUST03412,46,Male,7,Retail,Current,31866.67,2,1,2978.1,1756.53,10,18,62,2,1,0,0,36,1,175,0,0,None
CUST03413,57,Male,16,Retail,Savings,71494.48,4,1,5225.01,4058.84,12,16,25,3,1,0,1,-1,1,57,3,1,Account Closure
CUST03414,28,Female,23,Retail,Savings,5521.74,3,1,382.11,214.25,20,34,42,4,1,1,1,44,0,265,1,0,None
CUST03415,31,Male,23,Retail,Savings,15105.71,3,1,1955.92,863.48,23,44,92,1,0,0,0,81,1,655,0,0,None
CUST03416,68,Male,5,HNI,Savings,709215.45,2,1,40223.84,32258.6,23,35,82,1,0,0,0,13,0,539,1,1,Full Withdrawal
CUST03417,33,Male,6,Retail,RD,46166.67,3,1,7915.88,5198.52,17,41,60,3,0,1,1,29,1,443,0,0,None
CUST03418,22,Male,19,Retail,Current,21737.29,4,1,1660.01,1138.03,18,39,56,2,0,0,1,52,1,173,0,0,None
CUST03419,71,Male,1,Retail,FD,80356.51,2,1,10276.52,5953.33,8,14,51,2,1,0,0,23,1,6,0,0,None
CUST03420,46,Female,16,Retail,Current,85901.3,3,1,5160.4,3804.11,32,46,55,3,1,0,1,38,1,551,1,0,None
CUST03421,37,Male,18,Retail,Savings,25065.33,4,1,4450.12,3960.29,5,18,28,1,0,0,0,52,1,16,0,0,None
CUST03422,26,Female,24,Retail,Current,72792.0,3,1,10972.23,7730.67,30,47,96,3,1,1,0,94,1,225,1,0,None
CUST03423,40,Male,13,SME,FD,105459.37,1,1,7703.12,5570.39,8,26,55,1,0,0,0,-2,1,82,1,1,Full Withdrawal
CUST03424,25,Male,1,Retail,Savings,75780.39,3,1,11709.47,7089.61,31,46,75,2,0,0,1,36,1,257,4,1,Account Closure
CUST03425,27,Male,10,Retail,FD,79850.35,2,1,4253.15,1894.55,4,26,40,2,0,0,1,82,0,141,3,1,Full Withdrawal
CUST03426,47,Male,7,HNI,Current,1922840.18,4,1,314489.49,199920.27,26,53,69,2,0,0,1,34,1,532,1,0,None
CUST03427,70,Male,5,Retail,Savings,95840.61,4,1,11352.85,10314.65,35,46,53,2,0,1,0,94,1,102,1,0,None
CUST03428,60,Male,13,HNI,Current,1745450.48,2,1,103381.96,80029.86,34,48,81,3,0,1,1,25,0,82,0,0,None
CUST03429,60,Female,22,Retail,Savings,26752.29,1,1,3426.34,2294.35,32,45,78,1,0,0,0,-2,1,638,4,1,Partial Withdrawal
CUST03430,30,Female,16,SME,Savings,261270.42,4,1,18847.68,13975.29,25,30,77,3,1,1,0,94,1,549,0,0,None
CUST03431,66,Male,24,Retail,FD,39161.74,2,1,5781.98,4088.99,39,59,87,4,1,1,1,100,1,502,0,0,None
CUST03432,35,Male,20,SME,FD,417849.45,3,1,64089.39,57797.2,5,18,46,2,0,1,0,0,1,464,0,0,None
CUST03433,69,Male,22,HNI,FD,405600.43,1,1,65599.55,34316.19,11,37,66,3,1,1,0,74,1,462,0,0,None
CUST03434,30,Male,14,Retail,FD,46455.19,2,1,8509.63,7563.17,26,28,69,3,1,0,1,66,0,388,0,0,None
CUST03435,36,Male,11,HNI,RD,671746.17,3,1,97262.35,75734.2,38,49,58,4,1,1,1,13,1,654,1,0,None
CUST03436,58,Female,19,Retail,RD,95217.84,4,1,11300.74,5314.29,2,24,39,2,0,0,1,-10,1,65,3,1,Full Withdrawal
CUST03437,71,Male,23,Retail,Savings,11885.61,4,1,2099.9,1269.49,18,45,89,2,0,1,0,88,0,312,0,0,None
CUST03438,41,Male,2,Retail,Current,38070.41,1,1,7004.01,4482.32,8,11,58,4,1,1,1,88,1,200,2,0,None
CUST03439,29,Male,8,Retail,Savings,61662.49,3,1,10179.28,4536.02,15,21,47,2,1,0,0,50,1,347,0,0,None
CUST03440,53,Male,13,Retail,Current,16165.99,2,1,3084.29,2173.84,2,24,43,4,1,1,1,74,0,378,1,0,None
CUST03441,68,Female,7,Retail,RD,84629.6,4,1,16647.44,9033.74,7,34,47,2,1,0,0,100,0,350,1,0,None
CUST03442,42,Male,12,Retail,Savings,24325.1,2,1,1951.11,1272.07,11,39,49,1,0,0,0,58,0,404,1,1,Account Closure
CUST03443,62,Male,8,SME,Current,456788.95,2,1,31697.11,20328.07,22,40,70,2,1,0,0,10,1,390,0,0,None
CUST03444,40,Female,16,SME,Current,89018.61,2,1,9950.04,6834.89,4,9,19,2,0,1,0,-7,1,521,0,1,Partial Withdrawal
CUST03445,50,Male,18,Retail,Savings,62432.83,1,1,12455.87,10779.48,20,28,64,3,1,0,1,86,1,55,0,0,None
CUST03446,52,Female,19,Retail,Savings,67700.96,2,1,3666.4,3040.98,29,45,92,3,0,1,1,89,1,32,0,0,None
CUST03447,27,Female,4,Retail,Current,55692.61,1,1,8572.15,7544.78,3,5,29,3,1,0,1,47,1,530,0,0,None
CUST03448,25,Male,12,Retail,Savings,42154.88,1,1,7424.9,5307.25,28,57,96,1,0,0,0,61,1,191,0,0,None
CUST03449,64,Female,16,Retail,Current,38412.27,3,1,7660.62,5658.84,33,48,95,2,0,0,1,82,1,353,1,0,None
CUST03450,50,Male,21,Retail,Current,89707.22,4,1,12483.12,7948.85,13,40,47,3,0,1,1,-4,0,133,0,0,None
CUST03451,63,Male,22,Retail,Current,59778.87,2,1,6026.61,4787.96,2,18,40,1,0,0,0,-10,0,312,0,0,None
CUST03452,24,Male,17,HNI,Savings,1930755.15,3,1,128663.6,65964.85,30,33,72,2,1,0,0,58,1,140,1,0,None
CUST03453,22,Male,4,Retail,Current,53836.75,3,1,10610.25,7017.1,10,31,45,2,0,1,0,66,0,449,0,0,None
CUST03454,65,Female,20,Retail,Savings,34167.37,3,1,6419.11,5089.04,19,46,86,1,0,0,0,53,1,198,0,0,None
CUST03455,36,Female,24,Retail,FD,13717.15,3,1,2314.4,1915.94,37,40,74,2,0,0,1,79,1,209,0,0,None
CUST03456,68,Female,24,Retail,Savings,35751.2,3,1,6828.62,3662.68,17,34,64,2,0,0,1,65,1,392,0,0,None
CUST03457,42,Female,22,Retail,FD,88611.16,2,1,4407.23,2202.96,36,39,73,1,0,0,0,-3,1,645,0,0,None
CUST03458,67,Male,24,Retail,FD,72636.31,3,1,10244.54,5723.56,37,54,89,1,0,0,0,49,1,483,0,0,None
CUST03459,52,Male,9,Retail,FD,79653.84,4,1,6688.33,6060.2,5,23,31,1,0,0,0,23,1,463,1,1,Account Closure
CUST03460,28,Male,5,Retail,Savings,78476.25,1,1,12751.98,6006.39,36,55,83,3,1,1,0,75,1,92,0,0,None
CUST03461,38,Male,17,HNI,Savings,1942554.17,1,1,107451.72,99307.13,20,40,45,3,0,1,1,-2,1,344,1,1,Account Closure
CUST03462,40,Male,17,SME,Savings,66111.55,4,1,5381.16,5096.75,7,24,54,3,1,1,0,62,1,90,2,0,None
CUST03463,60,Female,2,Retail,Savings,35137.73,2,1,6185.66,5139.63,32,37,70,2,1,0,0,34,0,72,0,0,None
CUST03464,24,Male,2,Retail,RD,33597.73,1,1,5372.66,4396.08,28,46,88,2,0,0,1,71,1,355,0,1,Partial Withdrawal
CUST03465,51,Male,21,Retail,Savings,11277.7,4,1,2241.14,2071.5,4,6,46,3,1,0,1,6,1,80,0,0,None
CUST03466,56,Male,23,Retail,RD,19579.79,4,1,2800.64,1567.78,37,61,74,3,1,0,1,-4,0,583,0,1,Full Withdrawal
CUST03467,50,Female,7,Retail,FD,86341.88,3,1,7640.57,3598.25,37,59,105,1,0,0,0,92,1,529,1,0,None
CUST03468,71,Female,4,Retail,Savings,60959.26,1,1,7782.14,6635.87,3,17,53,1,0,0,0,40,1,563,0,0,None
CUST03469,35,Female,13,Retail,Current,37516.88,3,1,7167.02,3540.59,38,46,87,1,0,0,0,87,1,439,3,0,None
CUST03470,56,Male,20,Retail,Savings,55015.4,2,1,7937.74,3373.34,16,43,87,2,0,0,1,5,1,99,0,0,None
CUST03471,49,Female,11,Retail,Savings,29824.77,1,1,5399.47,2743.22,38,48,70,2,1,0,0,46,1,320,1,0,None
CUST03472,51,Male,3,HNI,Savings,864899.47,1,1,37763.16,24200.47,24,39,67,2,1,0,0,81,1,699,1,0,None
CUST03473,47,Female,2,HNI,RD,776349.53,4,1,76958.1,51739.41,7,9,53,4,1,1,1,14,1,583,0,0,None
CUST03474,28,Male,16,SME,Current,475959.1,1,1,90265.24,39209.05,34,43,65,2,0,1,0,11,1,563,1,0,None
CUST03475,60,Male,3,Retail,Current,27842.43,2,1,1288.72,829.76,6,17,60,2,0,1,0,44,1,18,0,0,None
CUST03476,52,Male,24,SME,Savings,61624.18,2,1,7583.24,5553.73,22,27,39,3,0,1,1,23,1,629,0,0,None
CUST03477,26,Female,15,Retail,Current,67699.89,1,1,6461.6,5896.17,29,55,98,2,0,1,0,4,1,667,4,1,Account Closure
CUST03478,56,Male,17,SME,Savings,398972.66,4,1,57209.76,30036.6,22,36,51,2,0,0,1,5,1,209,0,1,Account Closure
CUST03479,71,Female,16,Retail,Savings,93330.66,2,1,6155.68,3176.54,25,44,91,2,0,0,1,5,1,160,1,1,Partial Withdrawal
CUST03480,68,Male,20,SME,Savings,221822.27,3,1,32059.54,19690.45,29,39,78,4,1,1,1,27,1,75,2,0,None
CUST03481,35,Male,7,Retail,Savings,16331.36,2,1,3244.95,3053.53,12,21,49,4,1,1,1,75,0,716,0,0,None
CUST03482,57,Male,16,SME,Current,274147.35,1,1,22860.1,13371.41,23,30,47,1,0,0,0,82,1,686,0,0,None
CUST03483,48,Male,5,HNI,Savings,576378.72,3,1,65608.31,27826.28,35,57,92,2,1,0,0,21,0,676,0,1,Account Closure
CUST03484,45,Male,2,Retail,RD,8344.14,1,1,373.42,203.92,38,58,92,2,1,0,0,32,1,76,0,0,None
CUST03485,61,Male,1,Retail,Savings,27743.54,1,1,3036.47,2146.98,18,35,68,2,1,0,0,77,1,652,0,0,None
CUST03486,50,Female,22,HNI,Current,1907524.72,1,1,200211.49,125512.39,16,18,64,3,0,1,1,94,1,315,0,0,None
CUST03487,66,Male,13,Retail,Savings,72729.39,4,1,9480.51,7829.22,30,46,56,1,0,0,0,39,0,212,0,0,None
CUST03488,43,Female,16,SME,Savings,328199.37,4,1,26611.48,19532.81,35,42,49,1,0,0,0,76,1,682,0,0,None
CUST03489,29,Female,5,Retail,RD,47570.68,2,1,4404.32,3116.94,23,34,66,4,1,1,1,46,1,323,1,0,None
CUST03490,36,Female,3,Retail,FD,37000.8,1,1,5090.7,2940.63,28,34,48,3,1,0,1,27,1,287,0,0,None
CUST03491,70,Male,15,Retail,Current,13745.72,3,1,2547.85,1792.45,39,48,86,2,0,0,1,12,1,261,0,0,None
CUST03492,26,Male,16,Retail,FD,75174.22,3,1,5835.9,4310.25,16,18,23,2,1,0,0,78,1,596,2,0,None
CUST03493,25,Male,11,SME,FD,172302.57,3,1,25568.55,12747.52,22,36,52,2,0,0,1,79,1,363,0,0,None
CUST03494,32,Female,19,Retail,Current,82188.65,4,1,10176.71,8189.48,5,32,72,3,1,0,1,25,0,687,2,1,Account Closure
CUST03495,39,Female,18,Retail,FD,70995.83,4,1,4028.12,2481.78,19,36,72,2,1,0,0,39,1,248,0,0,None
CUST03496,63,Male,21,Retail,Savings,10492.44,1,1,1368.94,1106.45,8,26,41,2,1,0,0,87,1,682,1,0,None
CUST03497,70,Male,9,Retail,Current,52507.21,3,1,8055.09,4009.35,17,25,30,2,0,1,0,2,1,184,2,1,Full Withdrawal
CUST03498,51,Female,8,SME,FD,343685.23,3,1,46645.17,35501.01,36,52,62,3,0,1,1,86,1,139,1,0,None
CUST03499,36,Male,22,HNI,Savings,1400923.06,4,1,79441.13,32951.05,13,38,69,1,0,0,0,94,1,169,2,0,None
CUST03500,27,Female,19,Retail,FD,51831.02,4,1,9159.91,4464.83,8,23,42,2,0,0,1,99,1,635,0,0,None
CUST03501,37,Male,22,SME,Savings,238630.35,3,1,11110.77,9889.88,11,38,52,2,1,0,0,-7,1,287,0,1,Account Closure
CUST03502,68,Female,5,SME,FD,432682.32,3,1,33645.7,21997.88,2,31,59,2,1,0,0,25,1,319,0,0,None
CUST03503,61,Male,17,Retail,Savings,71738.18,2,1,9936.71,6750.25,13,31,43,3,1,1,0,52,0,88,1,0,None
CUST03504,30,Male,5,HNI,Savings,1403482.63,4,1,105095.62,94498.6,28,54,75,1,0,0,0,73,1,508,5,1,Account Closure
CUST03505,64,Female,14,Retail,Savings,40621.24,1,1,2286.48,1524.43,29,53,81,3,0,1,1,82,1,399,0,0,None
CUST03506,55,Female,7,Retail,FD,32021.73,1,1,3903.67,2966.88,19,27,44,2,0,0,1,68,1,386,3,0,None
CUST03507,48,Male,9,SME,Savings,219264.02,3,1,34116.08,17811.16,2,27,40,2,1,0,0,43,0,285,3,1,Partial Withdrawal
CUST03508,34,Male,17,Retail,Current,17067.24,4,1,1804.36,802.7,24,39,49,2,0,0,1,68,1,297,2,1,Partial Withdrawal
CUST03509,57,Female,3,SME,Current,309084.36,1,1,46904.72,27877.51,18,27,60,1,0,0,0,66,1,41,0,0,None
CUST03510,48,Female,8,SME,Savings,190902.23,4,1,33924.22,28471.71,2,16,43,2,0,0,1,49,1,251,0,0,None
CUST03511,30,Female,22,Retail,RD,19073.02,3,1,3688.86,2382.12,39,41,67,2,0,0,1,3,1,139,0,1,Partial Withdrawal
CUST03512,26,Female,13,SME,Savings,210561.6,3,1,16281.12,8018.17,5,10,35,2,1,0,0,49,1,248,0,0,None
CUST03513,43,Male,16,Retail,Current,54993.98,3,1,7526.35,5266.97,16,28,49,3,0,1,1,49,1,607,3,0,None
CUST03514,52,Male,21,Retail,Current,52957.49,4,1,4379.58,2387.36,22,32,70,3,1,0,1,11,1,382,0,0,None
CUST03515,24,Female,10,Retail,Savings,45306.35,1,1,8125.56,7480.94,22,42,72,2,0,1,0,54,1,719,0,0,None
CUST03516,51,Female,18,HNI,Savings,1378750.06,2,1,251547.51,180504.7,23,46,75,2,0,0,1,54,1,99,2,0,None
CUST03517,42,Male,3,Retail,FD,95101.93,1,1,8706.18,8189.29,15,20,62,3,0,1,1,20,1,465,0,0,None
CUST03518,56,Male,12,Retail,RD,41106.46,4,1,5888.7,2494.98,36,38,45,3,1,1,0,86,1,132,0,0,None
CUST03519,27,Female,16,SME,Savings,393383.93,1,1,71606.91,29098.02,5,25,32,3,0,1,1,100,1,31,0,0,None
CUST03520,49,Male,18,SME,Savings,474590.31,2,1,57585.93,38145.07,36,56,74,2,0,0,1,54,1,445,0,0,None
CUST03521,53,Male,17,SME,RD,437278.24,1,1,67898.51,59350.07,33,53,99,2,1,0,0,91,0,453,1,0,None
CUST03522,63,Male,7,Retail,Savings,7691.69,2,1,1293.26,890.31,29,41,55,3,1,1,0,77,1,605,4,1,Partial Withdrawal
CUST03523,58,Female,19,Retail,Current,79663.87,4,1,14299.93,12611.15,13,20,26,2,0,0,1,92,0,532,0,0,None
CUST03524,46,Female,23,Retail,Current,97086.65,3,1,11886.63,5608.25,31,57,68,1,0,0,0,11,1,457,0,0,None
CUST03525,53,Male,23,SME,Savings,314483.67,2,1,59969.49,47053.86,10,18,36,2,1,0,0,76,0,245,1,0,None
CUST03526,56,Female,8,Retail,Current,54230.08,4,1,7626.51,5818.51,20,44,65,1,0,0,0,55,0,270,0,0,None
CUST03527,43,Female,17,Retail,RD,83613.45,3,1,5374.37,3760.61,17,19,33,1,0,0,0,75,1,504,0,0,None
CUST03528,45,Male,21,HNI,Current,356435.59,2,1,49185.65,30633.2,31,47,86,3,1,1,0,62,1,119,0,0,None
CUST03529,60,Female,7,Retail,FD,56729.65,3,1,4978.36,3763.08,2,28,77,2,1,0,0,-7,0,44,1,1,Full Withdrawal
CUST03530,51,Male,1,HNI,Current,1152536.65,1,1,114716.19,80593.95,24,29,60,3,0,1,1,78,1,530,1,0,None
CUST03531,71,Male,8,SME,Current,487232.38,4,1,82545.7,45395.52,13,27,34,2,0,1,0,68,1,209,5,1,Partial Withdrawal
CUST03532,53,Male,19,SME,Savings,417241.15,4,1,81668.94,37366.68,6,31,60,2,0,0,1,77,1,593,0,0,None
CUST03533,52,Male,20,Retail,FD,12738.64,4,1,2282.47,1398.37,21,34,45,3,1,0,1,93,1,442,3,0,None
CUST03534,44,Male,20,Retail,Savings,10496.48,4,1,967.03,659.36,4,6,23,1,0,0,0,-4,1,277,4,1,Partial Withdrawal
CUST03535,61,Female,10,SME,Savings,199314.26,2,1,22439.88,15252.02,3,12,55,3,1,0,1,61,1,694,0,0,None
CUST03536,54,Female,12,SME,RD,58781.34,1,1,11601.06,7355.89,21,47,94,2,1,0,0,16,1,266,0,0,None
CUST03537,46,Female,24,SME,FD,69543.51,3,1,13057.83,7574.13,3,25,54,2,0,0,1,80,1,364,4,1,Account Closure
CUST03538,57,Male,1,Retail,RD,67648.02,4,1,13280.11,7872.07,36,60,107,2,1,0,0,34,1,348,1,0,None
CUST03539,45,Male,24,SME,Savings,491214.55,4,1,53673.44,29317.23,5,17,50,2,0,1,0,88,1,613,0,0,None
CUST03540,52,Male,21,SME,FD,101517.05,2,1,17064.01,12268.16,37,48,71,2,0,0,1,50,0,183,0,0,None
CUST03541,60,Male,4,SME,Current,113953.48,2,1,20442.66,17732.74,7,10,53,2,0,1,0,91,0,533,0,0,None
CUST03542,67,Male,4,SME,RD,267867.49,2,1,12611.77,11146.65,15,33,59,2,0,1,0,83,1,297,0,0,None
CUST03543,34,Female,9,SME,RD,266630.53,1,1,22016.76,20839.94,16,45,51,4,1,1,1,28,1,580,1,0,None
CUST03544,31,Female,15,Retail,RD,58075.78,3,1,10532.47,4727.5,38,52,78,2,0,0,1,82,1,511,0,0,None
CUST03545,44,Male,24,Retail,RD,44792.82,1,1,4577.77,2370.56,34,62,101,1,0,0,0,-6,1,112,0,0,None
CUST03546,39,Male,15,Retail,Savings,85267.6,4,1,7211.89,5781.15,20,43,81,2,0,1,0,71,1,646,0,0,None
CUST03547,53,Female,7,Retail,FD,32307.07,2,1,2701.86,2039.59,13,23,32,1,0,0,0,68,1,25,2,0,None
CUST03548,54,Male,12,Retail,Savings,50741.26,4,1,5077.41,2404.79,10,27,58,2,0,0,1,79,1,65,1,0,None
CUST03549,57,Female,3,Retail,FD,97923.99,3,1,7739.33,5781.74,20,49,71,3,1,0,1,44,0,254,3,1,Account Closure
CUST03550,49,Female,20,Retail,RD,96895.55,3,1,3927.96,2449.3,33,51,58,2,1,0,0,-9,1,234,0,0,None
CUST03551,37,Female,9,Retail,Savings,5597.04,1,1,378.45,350.55,29,40,65,2,0,1,0,84,1,259,3,0,None
CUST03552,37,Male,14,Retail,Current,55562.17,1,1,10068.53,8763.48,29,47,75,2,0,1,0,14,1,108,1,0,None
CUST03553,39,Female,13,SME,FD,369873.4,2,1,19271.8,8485.05,32,53,83,2,1,0,0,78,0,64,0,0,None
CUST03554,29,Male,24,HNI,Savings,1592439.68,2,1,168926.52,75931.51,37,48,72,2,0,0,1,21,1,216,0,0,None
CUST03555,63,Female,12,Retail,Savings,61643.96,4,1,6968.11,4385.6,14,37,54,3,1,0,1,47,0,599,0,0,None
CUST03556,37,Male,1,HNI,Savings,1327452.28,2,1,218372.05,88354.24,34,49,59,4,1,1,1,11,0,90,0,0,None
CUST03557,32,Male,19,Retail,Savings,74620.0,2,1,6000.52,2711.71,19,35,65,1,0,0,0,41,1,453,0,0,None
CUST03558,27,Male,16,Retail,Current,7577.75,4,1,678.53,619.45,30,40,87,4,1,1,1,63,0,546,1,0,None
CUST03559,22,Male,12,Retail,Current,93054.63,3,1,3934.74,3288.8,9,12,46,2,0,1,0,50,1,245,0,0,None
CUST03560,33,Female,10,Retail,Savings,58921.36,2,1,10868.22,8368.42,23,38,56,3,0,1,1,89,0,436,0,0,None
CUST03561,59,Female,2,SME,RD,117878.9,2,1,17645.19,15115.41,2,24,65,1,0,0,0,65,1,718,1,0,None
CUST03562,49,Female,18,SME,Current,490168.28,4,1,40220.95,21619.97,32,40,82,3,0,1,1,10,1,510,2,0,None
CUST03563,66,Male,13,Retail,Current,98967.5,4,1,18012.32,14392.96,21,50,84,2,0,0,1,51,0,678,3,1,Full Withdrawal
CUST03564,38,Female,24,Retail,Savings,98698.35,4,1,5315.21,3925.61,37,42,61,2,0,1,0,4,1,181,0,1,Partial Withdrawal
CUST03565,22,Male,6,Retail,Current,62939.69,4,1,6227.46,5397.69,24,38,61,4,1,1,1,0,1,440,1,0,None
CUST03566,53,Female,12,Retail,Savings,69976.51,4,1,9109.23,5059.98,18,41,56,2,0,1,0,35,1,17,0,0,None
CUST03567,29,Female,22,Retail,FD,63764.14,2,1,7707.93,6320.84,11,34,58,1,0,0,0,60,0,481,0,0,None
CUST03568,61,Male,4,Retail,Current,34514.69,1,1,4997.22,4342.38,10,15,44,1,0,0,0,77,1,236,1,0,None
CUST03569,64,Female,1,SME,Savings,156287.46,1,1,13693.16,9611.97,18,23,65,1,0,0,0,19,0,236,4,1,Partial Withdrawal
CUST03570,67,Male,11,HNI,RD,1879195.03,1,1,303028.91,190175.45,4,14,61,1,0,0,0,3,1,655,1,1,Account Closure
CUST03571,45,Male,23,Retail,Current,69861.9,2,1,7326.51,6753.28,34,46,80,2,0,0,1,29,1,355,3,1,Account Closure
CUST03572,31,Male,8,HNI,Savings,1234485.84,3,1,74127.85,36540.08,2,4,48,2,1,0,0,99,0,14,1,0,None
CUST03573,68,Male,2,Retail,RD,53858.99,2,1,8534.72,3584.16,21,35,62,2,1,0,0,59,0,701,1,0,None
CUST03574,60,Female,2,Retail,Savings,43797.75,1,1,8142.48,4059.25,3,25,73,1,0,0,0,39,1,526,0,0,None
CUST03575,60,Male,16,Retail,FD,55111.06,1,1,5417.85,4203.71,17,45,66,1,0,0,0,35,1,358,0,0,None
CUST03576,31,Male,1,Retail,Current,86721.53,4,1,11650.56,9715.64,10,36,41,2,0,0,1,61,1,677,2,0,None
CUST03577,57,Female,4,HNI,Savings,1132379.52,4,1,169915.73,134956.45,15,25,71,2,0,0,1,25,1,588,1,1,Full Withdrawal
CUST03578,46,Female,6,Retail,RD,77544.28,4,1,13418.55,8466.12,2,28,46,2,0,1,0,45,1,373,0,0,None
CUST03579,71,Female,21,Retail,Current,68356.44,2,1,4899.72,4567.35,36,55,98,3,1,0,1,1,1,227,1,1,Partial Withdrawal
CUST03580,31,Female,20,Retail,Savings,24365.56,3,1,3196.68,2059.83,19,27,49,3,0,1,1,58,1,544,0,0,None
CUST03581,40,Female,14,Retail,RD,74747.45,3,1,11844.34,11130.34,2,17,62,3,1,1,0,66,1,514,3,0,None
CUST03582,67,Male,20,SME,Current,183800.85,4,1,13207.96,11952.73,6,33,53,3,1,0,1,8,0,402,3,1,Full Withdrawal
CUST03583,66,Male,15,Retail,FD,50697.36,3,1,5860.46,3656.51,12,37,51,2,0,1,0,11,0,111,2,1,Full Withdrawal
CUST03584,36,Male,7,Retail,FD,50891.7,1,1,5816.82,2841.84,39,57,105,3,1,1,0,1,1,250,0,0,None
CUST03585,37,Male,7,Retail,Savings,95177.24,1,1,16588.94,7455.25,25,44,57,3,1,1,0,21,1,144,0,0,None
CUST03586,23,Female,18,Retail,Savings,94714.63,4,1,15568.15,10778.0,33,35,53,1,0,0,0,27,1,346,3,1,Full Withdrawal
CUST03587,50,Male,23,Retail,Savings,91792.76,4,1,7077.98,5802.28,17,27,33,3,0,1,1,50,1,261,0,0,None
CUST03588,25,Female,2,SME,FD,134190.24,4,1,10369.21,5151.7,4,15,61,4,1,1,1,27,1,144,3,1,Full Withdrawal
CUST03589,71,Male,20,Retail,Savings,8570.87,3,1,1334.8,767.53,9,26,51,2,1,0,0,70,0,108,2,1,Account Closure
CUST03590,50,Male,15,SME,Savings,336289.97,2,1,53247.48,39764.81,33,45,91,3,1,1,0,79,0,336,2,0,None
CUST03591,52,Male,1,SME,Savings,270798.88,4,1,18583.3,12143.77,23,45,51,2,1,0,0,69,1,523,0,0,None
CUST03592,38,Female,21,SME,Savings,102596.1,3,1,10853.52,7946.16,18,23,33,3,0,1,1,1,0,520,1,1,Full Withdrawal
CUST03593,31,Female,17,Retail,Current,48382.68,4,1,8327.79,6429.07,28,53,68,2,0,1,0,90,0,451,3,0,None
CUST03594,48,Female,20,Retail,RD,78459.04,2,1,4135.36,2520.02,4,24,69,3,0,1,1,35,1,316,0,0,None
CUST03595,62,Male,13,Retail,Savings,24777.65,4,1,2473.38,2058.55,27,36,43,2,0,0,1,69,1,208,1,0,None
CUST03596,36,Female,12,SME,Savings,126122.45,1,1,18051.47,14198.85,36,40,55,2,0,0,1,58,0,519,0,0,None
CUST03597,65,Male,24,Retail,FD,55634.84,4,1,9089.28,7072.86,14,37,45,3,1,1,0,61,1,642,0,0,None
CUST03598,52,Male,22,Retail,Savings,59486.97,1,1,8591.42,4142.92,18,23,42,2,0,1,0,60,0,31,2,0,None
CUST03599,42,Female,15,Retail,RD,73570.56,1,1,7622.15,5036.94,31,40,70,4,1,1,1,80,0,233,0,0,None
CUST03600,62,Male,24,Retail,Current,95231.2,3,1,18923.6,13576.64,30,54,102,3,0,1,1,15,1,65,0,0,None
CUST03601,67,Female,5,Retail,Savings,30081.12,3,1,1403.14,735.96,15,28,68,2,0,0,1,66,1,61,0,0,None
CUST03602,66,Male,7,Retail,RD,77014.82,1,1,9177.16,7499.68,31,37,56,4,1,1,1,88,1,697,0,0,None
CUST03603,47,Female,8,SME,Savings,450334.63,1,1,54764.66,25552.88,38,42,68,3,0,1,1,35,0,94,2,0,None
CUST03604,59,Female,23,Retail,Savings,71038.78,4,1,5567.07,2685.67,39,45,86,3,1,0,1,6,1,606,0,0,None
CUST03605,57,Male,14,Retail,Savings,45747.37,4,1,5919.4,3713.39,10,15,29,3,1,0,1,-4,1,140,3,1,Full Withdrawal
CUST03606,38,Female,4,Retail,RD,94734.97,1,1,7124.94,3380.35,33,58,82,2,0,0,1,62,1,458,1,0,None
CUST03607,24,Male,21,Retail,FD,50567.34,3,1,5610.24,2280.02,5,17,53,3,1,0,1,95,1,183,1,0,None
CUST03608,35,Female,14,Retail,Savings,16551.22,4,1,1805.1,1130.48,7,29,42,1,0,0,0,63,0,299,0,0,None
CUST03609,70,Male,10,SME,FD,477923.04,4,1,78235.8,59201.32,2,29,64,1,0,0,0,53,1,618,2,0,None
CUST03610,34,Male,22,Retail,Current,17242.57,4,1,3290.14,2212.05,26,53,101,2,0,1,0,98,0,120,0,0,None
CUST03611,62,Male,16,SME,Savings,72048.06,3,1,5220.24,2237.91,39,56,100,2,1,0,0,31,1,497,0,0,None
CUST03612,48,Male,11,Retail,FD,26660.54,1,1,5295.92,2795.48,4,26,61,2,0,0,1,91,1,481,2,0,None
CUST03613,22,Female,22,Retail,FD,56198.77,4,1,10703.09,7367.92,22,41,73,4,1,1,1,42,1,614,0,0,None
CUST03614,38,Male,14,SME,Current,53076.38,3,1,3079.73,2482.11,15,41,56,1,0,0,0,3,0,351,1,1,Partial Withdrawal
CUST03615,69,Male,14,Retail,Savings,20186.06,3,1,3754.17,3140.94,31,38,78,2,1,0,0,26,1,223,1,1,Partial Withdrawal
CUST03616,71,Male,2,Retail,Savings,80127.36,3,1,10443.2,7160.41,3,31,76,3,1,0,1,2,0,261,1,1,Account Closure
CUST03617,55,Male,22,Retail,FD,49506.7,3,1,8942.54,6754.93,23,40,48,2,0,0,1,61,0,319,0,0,None
CUST03618,35,Female,13,Retail,FD,48172.66,4,1,9215.51,8265.2,14,16,34,3,1,0,1,94,1,530,1,0,None
CUST03619,38,Female,3,SME,Current,89148.12,1,1,15817.12,6894.04,26,46,79,2,0,0,1,41,0,132,1,1,Account Closure
CUST03620,24,Male,18,Retail,FD,56188.31,1,1,5869.45,2667.93,12,33,65,3,1,0,1,63,0,53,0,0,None
CUST03621,55,Female,22,SME,FD,324880.09,3,1,46094.47,30045.44,11,28,57,2,0,1,0,22,1,660,0,0,None
CUST03622,61,Female,4,SME,FD,202150.73,1,1,23118.61,17000.36,38,49,76,2,0,0,1,90,1,240,0,0,None
CUST03623,46,Male,21,Retail,Savings,58322.5,4,1,5752.45,2315.64,26,53,90,2,0,0,1,9,1,566,0,0,None
CUST03624,23,Female,21,HNI,Savings,582542.45,1,1,46669.57,30283.96,36,51,85,4,1,1,1,57,1,28,0,0,None
CUST03625,55,Male,19,Retail,Current,33164.84,1,1,3669.4,1816.42,20,39,52,3,1,1,0,-10,1,239,2,1,Full Withdrawal
CUST03626,47,Female,16,HNI,Savings,560850.12,2,1,94758.72,71524.6,29,43,85,2,0,0,1,72,1,77,1,0,None
CUST03627,52,Female,4,Retail,FD,59032.5,1,1,10333.26,5654.92,11,39,68,1,0,0,0,77,1,163,0,0,None
CUST03628,30,Male,19,SME,RD,139712.31,1,1,27003.72,24197.11,16,30,52,3,1,0,1,50,1,417,0,0,None
CUST03629,51,Female,23,Retail,Savings,72732.11,3,1,6291.23,2737.42,33,60,107,2,0,0,1,43,1,228,0,0,None
CUST03630,41,Female,15,Retail,RD,35105.92,3,1,5057.49,4273.9,4,20,31,2,1,0,0,100,1,137,0,0,None
CUST03631,42,Male,1,Retail,Current,72877.76,2,1,11004.88,6776.59,25,30,58,2,0,0,1,64,1,538,0,0,None
CUST03632,50,Female,16,SME,Current,280482.09,4,1,19805.73,17259.47,11,30,74,3,0,1,1,75,1,1,2,0,None
CUST03633,46,Male,15,Retail,Current,28332.37,2,1,2796.44,2372.27,31,47,72,4,1,1,1,26,1,153,0,0,None
CUST03634,59,Female,16,Retail,Savings,68486.17,1,1,6489.82,3450.06,34,41,80,3,1,0,1,56,1,88,0,0,None
CUST03635,65,Female,22,SME,Savings,108573.04,1,1,21469.84,9185.06,26,37,84,1,0,0,0,70,0,670,0,0,None
CUST03636,46,Male,20,SME,Current,355755.74,4,1,68782.02,53824.46,26,42,57,2,1,0,0,29,1,554,0,0,None
CUST03637,30,Male,1,HNI,RD,1629671.18,4,1,279460.68,143200.4,39,65,71,1,0,0,0,9,1,76,1,0,None
CUST03638,60,Female,17,SME,Current,55758.78,3,1,6448.71,5879.8,13,15,34,3,1,0,1,24,1,236,0,0,None
CUST03639,65,Male,5,HNI,Savings,1403446.23,1,1,115435.54,50442.66,5,11,30,1,0,0,0,97,0,251,1,0,None
CUST03640,47,Male,5,SME,Savings,261232.29,1,1,48734.0,28177.46,29,39,48,2,1,0,0,29,1,399,0,0,None
CUST03641,58,Male,7,Retail,RD,5685.45,1,1,471.25,191.78,21,49,93,1,0,0,0,68,0,724,0,0,None
CUST03642,37,Male,13,Retail,Current,15759.89,1,1,1946.52,1118.0,11,35,55,3,1,1,0,64,1,93,2,0,None
CUST03643,58,Male,12,SME,RD,134616.79,1,1,10663.21,7439.64,32,47,95,2,0,0,1,2,1,322,1,1,Full Withdrawal
CUST03644,33,Male,4,Retail,Current,55703.58,1,1,10884.55,8274.16,20,32,57,2,0,1,0,79,1,527,0,0,None
CUST03645,45,Male,4,Retail,Current,61439.62,1,1,2868.12,2293.17,3,10,59,4,1,1,1,12,1,611,0,1,Full Withdrawal
CUST03646,47,Female,23,Retail,FD,85009.52,1,1,5771.8,4954.5,5,22,35,2,0,0,1,93,1,697,1,0,None
CUST03647,41,Male,21,HNI,Savings,474396.83,3,1,77045.78,35512.81,16,40,51,1,0,0,0,2,1,154,1,1,Full Withdrawal
CUST03648,30,Male,21,Retail,Current,41775.17,2,1,2683.27,2197.68,39,49,80,3,0,1,1,37,1,418,0,0,None
CUST03649,44,Male,6,Retail,Current,66093.58,1,1,13000.34,7190.52,34,38,59,2,0,0,1,39,0,520,1,0,None
CUST03650,60,Female,24,Retail,Current,43444.62,3,1,3971.55,1890.6,19,28,34,4,1,1,1,69,1,698,0,0,None
CUST03651,50,Male,15,Retail,FD,8052.37,1,1,1505.66,822.26,33,51,95,2,0,0,1,98,1,65,4,0,None
CUST03652,52,Male,21,Retail,Savings,66839.65,4,1,9756.22,8506.41,33,60,90,2,0,0,1,67,0,256,0,0,None
CUST03653,40,Male,19,Retail,Current,42183.12,1,1,5967.17,4445.93,14,37,86,3,1,1,0,93,0,143,4,1,Full Withdrawal
CUST03654,41,Female,6,Retail,Savings,6824.86,2,1,1272.56,927.14,17,27,39,2,1,0,0,41,1,196,2,1,Account Closure
CUST03655,44,Female,12,SME,Savings,345032.3,3,1,42136.96,30403.94,34,52,101,2,0,0,1,87,0,451,4,1,Account Closure
CUST03656,64,Female,14,Retail,Current,25670.31,4,1,2672.91,1669.89,35,41,85,2,0,0,1,93,1,554,0,0,None
CUST03657,48,Female,18,SME,Savings,98753.0,4,1,7388.66,4650.07,15,40,60,1,0,0,0,82,1,130,0,0,None
CUST03658,51,Female,12,SME,Current,50111.61,1,1,3163.34,1523.4,3,30,54,4,1,1,1,81,1,403,1,0,None
CUST03659,42,Male,24,Retail,Savings,39326.09,2,1,6554.99,3821.15,14,26,62,2,1,0,0,16,1,302,0,0,None
CUST03660,65,Female,24,SME,Savings,394864.97,2,1,23877.54,16275.35,30,37,73,2,1,0,0,27,1,361,1,0,None
CUST03661,56,Male,15,Retail,Savings,81733.39,1,1,8422.04,6175.96,35,58,97,1,0,0,0,66,1,339,0,0,None
CUST03662,70,Female,19,SME,Savings,158157.71,1,1,16681.64,7329.93,18,33,52,2,1,0,0,56,1,249,0,0,None
CUST03663,28,Female,8,Retail,FD,71032.87,3,1,10393.52,6065.61,4,8,54,2,0,1,0,92,1,84,0,0,None
CUST03664,43,Male,9,SME,Current,139481.94,3,1,11794.92,6919.86,31,56,92,2,0,0,1,91,1,689,0,0,None
CUST03665,31,Male,5,Retail,RD,57309.88,1,1,9978.6,6818.26,5,23,57,2,1,0,0,58,1,248,0,0,None
CUST03666,44,Male,5,Retail,Savings,95571.82,1,1,6995.61,5530.16,32,61,84,4,1,1,1,48,1,186,0,0,None
CUST03667,36,Female,6,Retail,FD,88397.53,4,1,14697.31,11013.84,6,11,39,4,1,1,1,69,1,421,0,0,None
CUST03668,51,Female,23,SME,Current,137327.57,2,1,24164.36,17253.04,3,12,18,2,0,0,1,20,1,470,3,1,Full Withdrawal
CUST03669,55,Female,3,SME,Savings,218094.51,3,1,15464.84,8664.64,5,12,37,3,1,0,1,75,1,204,0,0,None
CUST03670,34,Male,5,Retail,FD,74261.69,1,1,12587.84,10844.19,39,51,97,1,0,0,0,-8,1,140,2,1,Partial Withdrawal
CUST03671,25,Female,1,Retail,FD,10958.01,1,1,1689.71,1405.69,28,54,74,2,0,0,1,58,1,688,1,0,None
CUST03672,39,Female,11,Retail,Current,94737.78,3,1,17043.37,8538.51,28,30,74,2,0,1,0,56,1,622,1,0,None
CUST03673,44,Female,21,SME,Current,220099.2,4,1,26762.95,20348.47,16,32,75,2,0,1,0,68,1,479,4,1,Full Withdrawal
CUST03674,54,Male,20,Retail,Savings,52765.09,4,1,4084.92,3670.95,39,56,96,1,0,0,0,87,0,117,0,0,None
CUST03675,55,Male,1,SME,Savings,413307.7,1,1,76844.8,49148.45,15,18,63,2,0,1,0,4,1,356,0,0,None
CUST03676,55,Female,7,Retail,Current,5322.0,2,1,885.62,804.69,19,33,39,3,1,0,1,16,1,654,1,0,None
CUST03677,57,Female,15,Retail,FD,10818.1,2,1,469.05,193.29,30,43,63,2,0,0,1,66,1,154,1,0,None
CUST03678,56,Female,17,Retail,Savings,29985.8,1,1,5706.48,3902.84,8,23,56,3,1,0,1,87,1,220,0,0,None
CUST03679,38,Male,8,Retail,Savings,56446.89,3,1,10824.48,5855.49,39,41,52,3,1,0,1,7,0,1,0,0,None
CUST03680,49,Male,2,Retail,Current,12940.13,2,1,1253.23,681.99,25,37,56,4,1,1,1,-1,1,138,1,1,Full Withdrawal
CUST03681,35,Female,13,Retail,FD,97344.94,3,1,4049.83,3574.59,39,44,71,2,1,0,0,21,0,215,2,1,Full Withdrawal
CUST03682,55,Male,12,SME,FD,115624.82,3,1,14846.92,8482.41,7,21,30,3,1,0,1,57,1,419,1,0,None
CUST03683,69,Female,5,Retail,Savings,35050.16,3,1,6525.92,2694.11,21,47,52,2,0,0,1,55,1,565,0,0,None
CUST03684,32,Male,13,Retail,Current,54893.67,4,1,3288.7,2291.66,37,58,67,2,0,0,1,19,0,381,1,1,Full Withdrawal
CUST03685,34,Male,6,Retail,Current,11173.73,2,1,1502.66,1403.45,11,37,54,2,0,1,0,41,1,648,1,0,None
CUST03686,54,Female,15,Retail,Current,85792.81,4,1,13476.6,5976.91,23,30,60,1,0,0,0,84,1,514,1,0,None
CUST03687,23,Female,23,Retail,Current,48726.33,2,1,2999.12,1671.9,34,40,57,4,1,1,1,46,1,404,1,0,None
CUST03688,55,Male,22,Retail,FD,21941.86,1,1,2679.62,1763.8,24,51,87,3,1,0,1,35,1,169,1,0,None
CUST03689,50,Male,21,Retail,FD,20364.77,3,1,1103.95,945.82,5,10,43,3,1,1,0,-8,1,29,1,1,Full Withdrawal
CUST03690,58,Female,22,Retail,Current,39290.66,2,1,5080.29,2783.45,22,36,58,2,0,0,1,52,1,40,0,0,None
CUST03691,25,Male,11,Retail,Current,59469.47,2,1,6585.56,3879.07,14,41,47,4,1,1,1,33,1,128,1,0,None
CUST03692,33,Female,4,Retail,Savings,44606.06,1,1,3673.38,2246.17,14,33,64,2,1,0,0,58,1,435,0,0,None
CUST03693,47,Male,1,Retail,Savings,61695.75,4,1,10888.86,6629.12,13,27,73,1,0,0,0,87,0,565,1,0,None
CUST03694,49,Female,15,Retail,RD,72020.39,2,1,7280.28,3714.33,25,34,41,1,0,0,0,67,1,324,1,0,None
CUST03695,24,Female,12,HNI,Current,1568888.51,2,1,238425.14,215444.83,36,56,90,4,1,1,1,44,1,250,0,0,None
CUST03696,41,Female,9,Retail,Current,43090.78,4,1,7175.01,5999.03,20,36,50,4,1,1,1,47,1,668,1,0,None
CUST03697,31,Male,11,SME,FD,315410.78,4,1,21631.02,20259.69,10,12,25,2,0,0,1,51,0,296,2,0,None
CUST03698,39,Female,5,Retail,Savings,18442.91,2,1,1089.2,657.93,14,26,33,3,0,1,1,90,1,619,0,0,None
CUST03699,48,Male,24,SME,FD,202881.41,4,1,8369.59,3556.34,23,40,66,4,1,1,1,-4,1,229,1,0,None
CUST03700,52,Male,7,SME,FD,58122.53,1,1,5168.79,2395.87,37,48,90,2,0,0,1,68,1,149,0,0,None
CUST03701,48,Female,8,Retail,FD,28190.03,1,1,4807.89,2868.46,29,37,52,1,0,0,0,8,1,463,2,1,Account Closure
CUST03702,63,Female,1,HNI,Savings,1536753.41,3,1,251478.22,226603.32,8,17,27,3,1,1,0,8,1,289,0,0,None
CUST03703,22,Female,1,Retail,Current,75339.97,2,1,13522.69,12705.87,31,55,64,4,1,1,1,70,1,693,2,0,None
CUST03704,27,Male,3,Retail,Savings,14054.39,1,1,2272.54,1936.43,32,53,87,2,0,0,1,37,1,241,2,1,Account Closure
CUST03705,32,Male,8,SME,Current,239481.27,1,1,10498.54,5576.13,12,29,47,2,0,0,1,93,1,204,0,0,None
CUST03706,55,Male,11,SME,FD,200470.41,1,1,20384.4,15549.93,31,56,62,2,0,0,1,66,0,196,2,1,Account Closure
CUST03707,60,Female,1,Retail,Savings,37077.48,3,1,1518.26,1105.5,16,27,64,1,0,0,0,46,1,551,0,1,Account Closure
CUST03708,41,Female,14,Retail,Current,31983.87,4,1,1463.84,1248.35,14,19,60,2,0,1,0,10,1,651,2,1,Account Closure
CUST03709,42,Male,1,Retail,Savings,13099.42,3,1,1526.99,1038.91,36,49,61,3,1,0,1,96,1,620,0,0,None
CUST03710,42,Female,6,Retail,FD,71010.06,3,1,6930.64,3984.92,36,58,72,3,1,1,0,-10,1,466,5,1,Full Withdrawal
CUST03711,39,Male,21,SME,Current,317818.07,3,1,41114.14,16881.58,21,38,63,1,0,0,0,71,1,462,1,0,None
CUST03712,42,Male,6,Retail,Savings,19967.33,3,1,1010.06,845.69,24,49,72,1,0,0,0,13,0,655,2,1,Full Withdrawal
CUST03713,40,Male,3,Retail,Savings,65125.33,2,1,8735.13,6041.54,38,57,96,1,0,0,0,19,1,561,1,1,Partial Withdrawal
CUST03714,25,Male,10,Retail,FD,54947.23,2,1,2769.36,1921.39,21,38,60,2,1,0,0,51,1,418,1,0,None
CUST03715,34,Male,12,Retail,Current,58669.8,1,1,6323.99,5858.44,20,34,45,4,1,1,1,60,1,215,0,0,None
CUST03716,39,Female,10,Retail,Savings,99511.21,3,1,9590.61,6401.01,19,36,53,4,1,1,1,16,1,483,0,0,None
CUST03717,50,Male,22,Retail,Savings,7718.21,3,1,585.28,335.77,5,32,48,2,1,0,0,41,1,197,0,0,None
CUST03718,46,Female,2,HNI,Savings,1363702.83,1,1,122617.89,71965.77,9,25,69,3,0,1,1,16,1,218,3,1,Account Closure
CUST03719,34,Male,24,SME,FD,357394.68,4,1,14325.76,5822.86,31,40,68,2,0,0,1,56,1,138,0,0,None
CUST03720,48,Female,22,Retail,FD,44457.57,2,1,4083.65,1908.26,21,37,59,1,0,0,0,69,1,591,0,0,None
CUST03721,40,Female,13,SME,Savings,397388.18,3,1,20880.89,8855.48,9,31,73,2,0,0,1,-7,0,480,2,1,Full Withdrawal
CUST03722,70,Female,16,SME,Savings,211285.64,4,1,39596.69,21136.44,6,28,44,1,0,0,0,34,1,344,1,0,None
CUST03723,22,Male,13,SME,Savings,412690.06,4,1,21415.83,9327.85,35,43,50,1,0,0,0,46,1,292,0,0,None
CUST03724,59,Female,4,Retail,RD,61499.43,3,1,11838.45,6891.33,8,29,58,2,0,1,0,-10,1,557,0,0,None
CUST03725,40,Female,4,Retail,Current,25534.18,3,1,3029.07,1421.76,23,43,82,2,1,0,0,86,1,336,0,0,None
CUST03726,22,Male,11,Retail,FD,59741.03,4,1,7294.84,6600.78,10,33,53,1,0,0,0,33,0,522,0,0,None
CUST03727,61,Male,23,Retail,FD,22010.91,2,1,3656.01,3349.31,12,27,76,3,1,1,0,98,1,354,5,1,Full Withdrawal
CUST03728,38,Male,14,Retail,FD,18378.65,2,1,2779.97,2034.66,13,20,37,1,0,0,0,79,0,378,0,0,None
CUST03729,42,Female,3,Retail,RD,67135.82,3,1,5231.88,4410.57,9,23,51,2,0,0,1,92,0,398,2,0,None
CUST03730,43,Male,19,Retail,Savings,95010.28,3,1,4187.54,3234.73,33,60,76,2,1,0,0,56,1,197,2,0,None
CUST03731,36,Male,22,SME,RD,267753.57,1,1,44059.35,37279.05,18,31,37,2,1,0,0,-7,1,530,0,0,None
CUST03732,71,Male,1,Retail,FD,80599.83,1,1,4897.15,3682.14,27,50,80,2,0,0,1,22,1,438,0,0,None
CUST03733,60,Male,5,Retail,Savings,20994.61,2,1,2849.79,1814.19,34,42,56,1,0,0,0,39,0,264,0,0,None
CUST03734,69,Female,17,HNI,FD,1872575.26,1,1,357326.84,314649.49,27,48,71,4,1,1,1,-6,1,351,0,0,None
CUST03735,60,Male,1,HNI,FD,339742.13,4,1,43456.74,27853.01,23,27,53,1,0,0,0,82,1,620,0,0,None
CUST03736,53,Female,19,SME,FD,139103.92,4,1,11920.05,7365.6,4,8,36,3,1,0,1,41,0,572,3,0,None
CUST03737,70,Female,19,HNI,Savings,1949926.16,4,1,133781.2,99454.38,32,36,66,3,1,1,0,0,1,338,1,1,Account Closure
CUST03738,25,Male,4,Retail,Current,79250.18,4,1,3511.73,3216.26,15,31,40,2,0,1,0,-8,0,141,0,0,None
CUST03739,65,Female,19,HNI,Savings,1052134.79,3,1,147003.42,94554.3,19,36,56,2,0,0,1,7,1,229,1,0,None
CUST03740,66,Male,6,Retail,FD,43530.2,4,1,5627.58,4030.58,35,49,90,3,0,1,1,19,1,139,0,0,None
CUST03741,53,Female,15,Retail,RD,92435.11,2,1,10526.15,7060.76,18,35,73,2,1,0,0,70,1,259,2,1,Full Withdrawal
CUST03742,25,Male,4,Retail,Current,99236.75,1,1,7046.15,6344.02,13,16,58,2,0,0,1,35,1,584,1,0,None
CUST03743,22,Female,24,Retail,Current,77616.53,2,1,6043.31,4666.7,34,41,73,4,1,1,1,83,1,721,4,1,Full Withdrawal
CUST03744,54,Male,1,Retail,FD,80296.41,3,1,15526.49,9793.71,33,51,67,3,1,0,1,83,1,230,0,0,None
CUST03745,28,Male,24,Retail,Savings,24790.49,1,1,1072.55,787.03,22,29,78,2,1,0,0,86,1,525,0,0,None
CUST03746,30,Female,17,SME,Current,147784.26,1,1,14504.96,7046.98,15,40,89,1,0,0,0,6,0,561,0,0,None
CUST03747,22,Male,11,Retail,FD,98164.87,1,1,4536.2,2667.6,3,26,51,3,0,1,1,28,0,360,2,1,Partial Withdrawal
CUST03748,37,Female,17,Retail,Savings,71033.71,4,1,5018.61,4039.48,8,27,63,3,1,0,1,69,1,648,0,0,None
CUST03749,39,Male,23,SME,Savings,285415.87,3,1,54029.74,38324.2,16,40,69,4,1,1,1,22,1,682,0,0,None
CUST03750,68,Female,1,Retail,FD,32187.86,2,1,2057.77,1178.79,32,45,63,1,0,0,0,100,1,632,2,0,None
CUST03751,27,Male,9,Retail,Savings,89215.54,4,1,12144.52,7277.77,29,49,88,2,0,1,0,55,1,79,1,0,None
CUST03752,23,Female,14,SME,FD,295216.84,1,1,28196.52,23836.79,9,35,48,2,1,0,0,55,0,319,3,1,Account Closure
CUST03753,30,Male,15,Retail,Savings,31086.08,2,1,4392.08,3063.41,8,21,55,4,1,1,1,77,1,455,2,0,None
CUST03754,25,Male,24,Retail,Savings,22113.43,2,1,3899.55,2071.89,37,65,111,2,0,0,1,-6,1,498,0,1,Full Withdrawal
CUST03755,66,Male,1,HNI,Current,1489966.2,2,1,127909.29,72044.54,11,36,69,2,1,0,0,25,1,385,0,0,None
CUST03756,44,Female,2,Retail,Current,72958.25,3,1,3836.12,2521.62,31,54,97,2,0,1,0,-8,1,59,0,0,None
CUST03757,64,Male,18,Retail,Current,55799.49,4,1,4054.88,3323.22,6,24,59,2,0,0,1,93,1,77,3,0,None
CUST03758,66,Female,18,SME,Current,280308.56,3,1,30905.26,29316.49,22,25,43,2,1,0,0,21,1,254,1,0,None
CUST03759,64,Female,6,SME,Current,166122.28,1,1,20335.06,10211.62,7,22,43,2,0,0,1,3,1,57,0,0,None
CUST03760,29,Male,20,Retail,Current,95780.78,1,1,18265.71,14890.41,17,46,75,1,0,0,0,27,1,63,0,0,None
CUST03761,60,Female,8,Retail,Savings,24219.68,2,1,1031.18,762.53,17,31,77,4,1,1,1,96,0,450,0,0,None
CUST03762,46,Male,1,Retail,Savings,85012.11,2,1,13705.68,9486.47,25,50,91,3,0,1,1,-6,1,406,1,0,None
CUST03763,37,Male,15,Retail,Savings,97462.21,2,1,5029.2,4684.96,20,27,58,3,0,1,1,90,0,8,0,0,None
CUST03764,56,Female,10,Retail,Savings,36062.54,3,1,1892.11,1092.72,20,38,60,4,1,1,1,35,1,555,0,0,None
CUST03765,38,Female,4,Retail,Savings,22580.4,4,1,3266.51,1624.56,38,48,81,2,0,1,0,79,1,153,0,0,None
CUST03766,39,Female,10,HNI,Savings,965646.55,3,1,179059.08,158051.59,34,43,65,4,1,1,1,45,1,460,0,0,None
CUST03767,48,Male,11,Retail,RD,10675.61,1,1,918.44,402.07,6,21,29,1,0,0,0,70,1,453,0,0,None
CUST03768,36,Male,5,Retail,Savings,31216.26,2,1,2593.73,2203.16,10,13,37,2,1,0,0,49,1,652,2,0,None
CUST03769,38,Male,9,Retail,Savings,75492.78,2,1,10480.96,7589.05,22,33,38,1,0,0,0,72,1,27,0,0,None
CUST03770,64,Female,5,SME,FD,443830.93,3,1,72879.23,35725.55,8,37,86,1,0,0,0,64,1,248,1,0,None
CUST03771,26,Male,11,Retail,Savings,70028.52,1,1,12537.45,6582.78,26,48,76,2,0,1,0,-4,1,171,0,1,Full Withdrawal
CUST03772,37,Female,3,Retail,Savings,72268.7,4,1,5778.1,2806.49,22,26,72,3,1,1,0,2,1,182,0,0,None
CUST03773,36,Male,4,SME,Savings,382449.97,2,1,60592.26,48176.07,14,32,60,3,1,0,1,14,1,566,0,0,None
CUST03774,63,Male,10,Retail,Savings,37512.92,2,1,3344.42,1608.74,22,30,39,2,1,0,0,1,0,436,2,1,Full Withdrawal
CUST03775,67,Male,7,Retail,Savings,34592.52,1,1,4399.13,3408.24,11,37,67,3,1,0,1,20,1,629,1,1,Partial Withdrawal
CUST03776,55,Male,1,Retail,Savings,45704.32,2,1,3223.82,1516.75,25,38,60,4,1,1,1,81,0,330,0,0,None
CUST03777,69,Male,6,Retail,FD,81729.94,4,1,5178.44,4356.35,28,56,96,3,0,1,1,4,1,275,1,1,Account Closure
CUST03778,40,Female,8,Retail,Savings,94135.75,3,1,17852.71,16169.56,34,42,47,2,0,0,1,86,1,628,2,0,None
CUST03779,29,Female,17,Retail,Savings,48248.38,1,1,6154.17,4354.82,27,31,45,2,1,0,0,0,1,94,2,1,Account Closure
CUST03780,68,Male,24,Retail,Current,13147.78,2,1,535.57,498.83,37,44,65,3,0,1,1,92,0,206,1,0,None
CUST03781,31,Male,7,Retail,Savings,94138.36,2,1,15716.38,9661.0,18,22,61,1,0,0,0,21,1,58,1,0,None
CUST03782,26,Male,1,SME,Savings,75725.22,4,1,11399.62,6093.45,22,27,35,3,0,1,1,69,1,32,0,0,None
CUST03783,69,Female,9,HNI,FD,1695982.21,3,1,156269.92,77746.35,3,20,68,2,0,0,1,-2,1,561,1,1,Partial Withdrawal
CUST03784,47,Male,11,SME,RD,390204.92,4,1,44574.78,29572.24,16,32,63,3,0,1,1,41,1,614,2,1,Partial Withdrawal
CUST03785,43,Female,19,SME,FD,346744.9,3,1,38828.74,18323.7,3,5,20,2,0,1,0,30,1,654,1,1,Partial Withdrawal
CUST03786,65,Male,2,Retail,Savings,38505.19,4,1,3233.02,2850.5,8,11,18,2,0,1,0,1,1,46,0,0,None
CUST03787,44,Male,23,HNI,RD,1822225.19,3,1,358776.33,298365.94,37,39,71,2,0,1,0,72,1,604,1,0,None
CUST03788,34,Female,11,Retail,Savings,96248.11,2,1,12225.59,8669.96,33,60,75,3,1,0,1,67,1,189,0,0,None
CUST03789,30,Male,3,HNI,Savings,1250644.43,2,1,229574.18,182925.77,4,23,30,2,1,0,0,1,0,532,1,0,None
CUST03790,70,Female,17,HNI,Current,1392288.25,2,1,186088.88,79552.0,4,9,49,4,1,1,1,53,1,665,2,0,None
CUST03791,41,Male,10,SME,FD,317052.12,1,1,47693.93,24416.18,34,41,48,2,0,0,1,77,1,459,0,0,None
CUST03792,49,Male,3,HNI,Savings,793827.51,3,1,35505.36,26333.14,26,38,67,2,1,0,0,62,0,701,3,1,Partial Withdrawal
CUST03793,65,Male,22,Retail,Current,94436.1,1,1,11510.91,7627.22,38,51,67,3,1,1,0,74,1,27,0,0,None
CUST03794,58,Female,3,Retail,FD,10991.57,3,1,1708.14,1251.29,37,46,62,2,0,0,1,1,1,249,0,1,Account Closure
CUST03795,45,Female,21,Retail,Savings,35204.52,2,1,2094.6,940.34,36,51,87,4,1,1,1,98,1,49,1,0,None
CUST03796,65,Male,7,Retail,Current,42644.85,1,1,6334.12,4806.54,20,31,75,2,1,0,0,26,1,529,1,1,Partial Withdrawal
CUST03797,54,Female,2,Retail,Savings,70612.06,1,1,3776.58,3179.84,20,46,60,3,0,1,1,-6,1,131,0,1,Account Closure
CUST03798,41,Male,1,Retail,Savings,8651.14,4,1,1463.11,1024.84,34,61,84,3,1,0,1,-2,1,182,0,1,Account Closure
CUST03799,69,Male,7,HNI,Savings,1349412.91,3,1,265085.98,158143.37,19,43,90,3,1,1,0,46,1,136,3,1,Account Closure
CUST03800,51,Male,20,Retail,Current,67614.78,4,1,9484.83,4705.01,28,33,44,2,1,0,0,9,1,567,0,0,None
CUST03801,65,Male,11,SME,Savings,134630.83,1,1,7045.56,3846.49,31,47,75,3,1,0,1,59,1,426,4,1,Full Withdrawal
CUST03802,30,Male,23,HNI,FD,1957901.72,1,1,262124.96,180182.88,32,49,92,2,0,0,1,93,1,671,2,0,None
CUST03803,66,Female,6,HNI,RD,830850.55,2,1,131721.46,71200.03,4,19,55,3,1,1,0,2,1,321,0,1,Full Withdrawal
CUST03804,70,Male,23,HNI,RD,1311119.41,4,1,248188.82,205468.09,23,39,66,2,1,0,0,69,1,5,1,0,None
CUST03805,38,Male,4,Retail,Savings,7716.66,4,1,364.79,172.35,11,35,58,2,1,0,0,73,0,371,0,0,None
CUST03806,57,Male,19,HNI,Savings,1335186.14,4,1,218979.57,149789.33,9,27,34,3,0,1,1,-6,1,487,0,0,None
CUST03807,35,Female,21,SME,Savings,352908.52,3,1,21602.62,14533.84,35,63,92,2,0,1,0,32,1,133,0,0,None
CUST03808,40,Female,19,Retail,FD,81966.75,1,1,13646.96,6501.29,19,32,61,2,1,0,0,70,1,34,0,0,None
CUST03809,28,Male,14,Retail,RD,13409.94,4,1,2443.21,2314.31,13,27,37,3,1,1,0,43,0,1,0,0,None
CUST03810,24,Male,3,SME,FD,331586.97,2,1,58955.78,50273.04,33,48,85,2,0,0,1,51,1,10,0,0,None
CUST03811,54,Male,4,Retail,Current,46282.42,1,1,6685.94,4095.76,3,30,67,4,1,1,1,-1,1,520,0,0,None
CUST03812,65,Male,8,Retail,Savings,57839.16,2,1,6947.78,5396.33,18,30,49,1,0,0,0,19,1,665,0,0,None
CUST03813,53,Male,18,SME,FD,450751.76,1,1,81105.51,64407.48,13,25,49,2,0,0,1,-4,0,93,1,1,Full Withdrawal
CUST03814,68,Male,4,Retail,Savings,24364.08,2,1,2998.03,2272.9,8,15,62,1,0,0,0,46,1,434,0,0,None
CUST03815,32,Male,11,Retail,Savings,23952.61,4,1,1686.69,1075.88,16,18,64,2,0,1,0,0,1,317,0,0,None
CUST03816,63,Male,16,SME,FD,168367.11,4,1,32133.42,28496.28,3,28,64,1,0,0,0,61,1,549,5,1,Account Closure
CUST03817,23,Male,3,Retail,Current,30045.38,2,1,2996.32,2470.03,28,49,77,3,1,1,0,40,0,213,0,0,None
CUST03818,47,Female,7,Retail,Savings,18698.52,3,1,2615.85,1826.15,27,36,43,4,1,1,1,53,1,31,1,0,None
CUST03819,25,Female,2,Retail,Savings,6743.54,2,1,484.61,194.53,26,35,43,1,0,0,0,90,1,110,0,0,None
CUST03820,38,Female,1,Retail,Savings,84851.76,1,1,4894.79,2559.27,13,32,80,2,0,1,0,20,1,152,1,0,None
CUST03821,38,Male,1,HNI,Current,541248.26,2,1,69369.71,47161.28,18,41,51,2,1,0,0,-10,0,361,5,1,Full Withdrawal
CUST03822,49,Male,6,Retail,Savings,71809.89,2,1,9244.46,8268.35,2,16,39,2,0,0,1,78,1,341,1,0,None
CUST03823,51,Male,19,Retail,FD,44207.68,1,1,4383.58,3269.02,32,59,89,1,0,0,0,47,1,501,0,0,None
CUST03824,61,Female,7,Retail,Savings,16591.04,4,1,1491.17,939.18,6,21,50,3,0,1,1,81,1,451,0,0,None
CUST03825,44,Male,24,Retail,Current,50134.96,1,1,5006.87,2134.69,29,45,74,2,1,0,0,76,1,480,2,0,None
CUST03826,67,Female,5,SME,Savings,198484.23,2,1,33191.19,24179.92,29,34,48,3,1,0,1,40,1,190,0,0,None
CUST03827,45,Female,21,SME,Savings,486051.47,1,1,47262.46,28022.56,9,29,71,3,1,0,1,82,0,646,1,0,None
CUST03828,50,Male,18,Retail,Current,40938.84,2,1,7672.74,5336.83,15,29,53,2,0,0,1,11,1,51,2,1,Account Closure
CUST03829,25,Female,24,Retail,FD,52191.58,4,1,3030.97,2490.07,7,17,26,3,1,0,1,63,1,399,0,0,None
CUST03830,59,Male,13,Retail,Savings,11952.17,2,1,2259.58,1902.7,19,36,82,3,1,1,0,35,1,418,0,0,None
CUST03831,50,Male,1,Retail,Current,8637.99,2,1,1298.53,1136.67,38,67,115,3,1,1,0,6,1,448,0,0,None
CUST03832,40,Male,10,SME,FD,57814.52,4,1,5497.94,4122.5,11,38,77,3,0,1,1,2,0,76,0,0,None
CUST03833,48,Male,9,Retail,Savings,23999.86,1,1,986.32,885.8,36,65,74,3,1,0,1,69,0,253,3,1,Full Withdrawal
CUST03834,50,Female,17,Retail,Savings,31416.67,3,1,5290.22,4125.55,36,46,85,1,0,0,0,65,0,722,1,0,None
CUST03835,57,Male,1,Retail,Savings,21098.47,3,1,4116.15,3421.15,18,21,28,3,1,1,0,68,1,665,2,0,None
CUST03836,56,Male,1,HNI,Current,509259.3,2,1,100420.99,78028.64,28,50,95,3,0,1,1,28,1,702,2,0,None
CUST03837,27,Female,7,HNI,Savings,1831775.11,2,1,197364.3,173586.86,25,52,88,2,0,0,1,8,1,578,5,1,Full Withdrawal
CUST03838,44,Female,4,Retail,Savings,19320.61,4,1,990.77,517.77,11,22,62,1,0,0,0,74,1,341,3,1,Full Withdrawal
CUST03839,60,Male,23,SME,Current,185962.57,1,1,16773.94,13720.04,18,26,60,3,1,1,0,50,0,535,1,0,None
CUST03840,67,Female,21,Retail,RD,42763.7,3,1,3829.85,1778.72,34,44,87,3,0,1,1,85,0,27,1,0,None
CUST03841,65,Female,12,Retail,Savings,75705.34,3,1,4268.34,1923.3,34,43,76,2,0,0,1,-6,1,317,0,1,Partial Withdrawal
CUST03842,69,Male,16,SME,Savings,118378.67,4,1,14673.59,9837.06,18,45,75,4,1,1,1,46,1,120,0,0,None
CUST03843,29,Male,14,HNI,Current,499998.61,4,1,68366.09,38635.76,19,40,89,2,1,0,0,36,1,157,1,0,None
CUST03844,23,Male,23,HNI,Savings,543976.7,3,1,85192.76,60473.83,39,59,88,3,1,1,0,68,1,559,0,0,None
CUST03845,34,Female,10,Retail,Savings,48827.78,1,1,2351.65,1817.25,8,10,26,3,1,1,0,21,1,294,0,0,None
CUST03846,61,Female,14,Retail,Current,16941.3,1,1,1424.15,747.12,27,29,51,2,0,0,1,-10,1,72,1,1,Partial Withdrawal
CUST03847,42,Female,7,SME,RD,54684.94,1,1,5295.28,4156.58,2,28,58,3,1,0,1,68,1,573,0,0,None
CUST03848,52,Male,4,Retail,FD,77209.29,2,1,14110.66,13369.89,12,33,52,2,0,0,1,24,0,533,0,0,None
CUST03849,69,Male,2,Retail,Savings,85518.98,1,1,15754.54,12886.82,11,20,29,2,1,0,0,73,1,314,0,0,None
CUST03850,57,Male,24,Retail,FD,27245.55,2,1,2223.11,1101.73,32,37,74,2,0,0,1,20,1,692,0,0,None
CUST03851,69,Male,18,SME,Savings,460218.54,2,1,54293.35,40640.34,26,55,100,1,0,0,0,9,0,146,1,1,Partial Withdrawal
CUST03852,59,Female,16,Retail,Savings,14751.28,4,1,1592.56,645.33,2,25,38,3,1,0,1,36,1,44,1,0,None
CUST03853,48,Female,9,Retail,RD,94377.25,2,1,11728.56,7721.44,4,9,45,2,0,0,1,13,0,72,0,0,None
CUST03854,57,Male,5,HNI,RD,802379.65,2,1,68826.81,47718.9,2,18,35,1,0,0,0,29,1,180,0,0,None
CUST03855,69,Male,9,Retail,Savings,61620.93,4,1,7028.94,6570.71,8,11,58,3,1,0,1,63,1,344,0,0,None
CUST03856,44,Male,8,Retail,Savings,19460.9,1,1,1231.08,991.59,15,33,65,2,0,0,1,67,0,521,1,0,None
CUST03857,42,Male,24,Retail,Savings,81265.68,1,1,12476.56,9835.0,24,33,60,3,1,0,1,88,1,477,0,0,None
CUST03858,34,Male,20,Retail,Current,22702.74,3,1,2251.17,1559.66,18,35,63,4,1,1,1,53,1,45,0,0,None
CUST03859,58,Male,16,Retail,FD,81891.52,3,1,10382.75,7083.6,15,22,67,1,0,0,0,82,1,196,1,0,None
CUST03860,68,Male,20,Retail,Savings,43167.44,2,1,5902.55,5581.72,10,12,47,2,0,1,0,62,1,600,0,0,None
CUST03861,47,Male,18,SME,Savings,167634.93,3,1,29142.35,11997.83,22,28,37,3,1,0,1,-1,0,305,1,1,Full Withdrawal
CUST03862,61,Male,4,Retail,Savings,30622.33,4,1,1625.48,921.26,3,23,29,1,0,0,0,50,1,130,0,0,None
CUST03863,28,Male,16,HNI,Savings,673530.99,3,1,78963.71,37395.72,33,52,86,3,1,1,0,-9,0,588,0,0,None
CUST03864,67,Female,4,Retail,FD,77187.5,3,1,14129.29,8099.4,9,13,22,2,0,1,0,12,1,204,3,1,Partial Withdrawal
CUST03865,60,Male,6,Retail,FD,38656.03,2,1,3586.03,2348.82,37,40,54,3,0,1,1,71,1,344,0,0,None
CUST03866,43,Female,3,Retail,Savings,60609.58,4,1,6735.19,3960.71,27,54,94,3,1,1,0,54,0,572,0,0,None
CUST03867,60,Male,18,Retail,Savings,17253.9,3,1,925.01,859.79,38,41,81,2,0,1,0,47,1,315,0,0,None
CUST03868,44,Male,15,SME,Savings,153645.24,1,1,24599.79,19048.19,16,18,29,2,0,1,0,0,1,25,0,0,None
CUST03869,51,Male,8,Retail,Current,55699.37,4,1,2985.68,2389.81,35,39,72,3,1,1,0,90,1,400,1,0,None
CUST03870,39,Male,18,Retail,Savings,65856.88,4,1,9282.95,7503.04,22,42,78,1,0,0,0,25,1,449,0,0,None
CUST03871,63,Female,24,SME,Current,60014.97,2,1,5994.25,5362.31,24,29,60,2,0,0,1,86,1,254,0,0,None
CUST03872,39,Male,23,HNI,Savings,460052.56,4,1,43293.49,35605.01,10,14,19,3,0,1,1,52,0,416,0,0,None
CUST03873,67,Female,3,SME,Savings,233461.62,4,1,31209.29,12761.87,27,36,60,1,0,0,0,25,1,432,1,1,Partial Withdrawal
CUST03874,31,Female,6,Retail,FD,90728.71,4,1,11869.77,6454.4,23,36,74,2,0,0,1,46,1,232,2,0,None
CUST03875,60,Male,22,SME,Savings,131033.76,4,1,13741.83,12972.39,14,19,59,3,1,0,1,77,1,499,2,0,None
CUST03876,51,Male,21,Retail,FD,56008.66,4,1,4734.7,3592.07,26,41,71,3,0,1,1,78,1,120,1,0,None
CUST03877,47,Female,24,Retail,Current,89837.28,4,1,10897.89,4767.44,8,19,46,1,0,0,0,12,0,674,2,1,Full Withdrawal
CUST03878,28,Male,15,Retail,FD,49106.47,4,1,4062.89,2667.9,28,46,83,1,0,0,0,43,1,690,0,0,None
CUST03879,28,Female,12,Retail,Savings,47289.15,1,1,2668.18,2506.65,16,35,40,1,0,0,0,52,1,727,3,1,Partial Withdrawal
CUST03880,26,Male,5,Retail,FD,77818.87,4,1,13063.02,12358.41,13,21,28,2,0,0,1,75,1,604,2,0,None
CUST03881,22,Male,7,Retail,Savings,88343.61,2,1,13460.88,8585.97,34,48,87,3,1,0,1,22,1,52,1,0,None
CUST03882,67,Male,22,SME,RD,257520.25,1,1,13776.34,12277.19,22,45,84,2,0,1,0,36,1,594,1,0,None
CUST03883,39,Male,15,Retail,FD,14511.82,4,1,958.03,695.14,26,52,69,3,1,0,1,8,1,96,0,1,Account Closure
CUST03884,34,Female,7,Retail,Savings,49153.24,3,1,2753.89,1873.16,23,37,74,2,1,0,0,23,0,574,2,1,Full Withdrawal
CUST03885,46,Male,13,Retail,Savings,25137.11,2,1,4185.67,2622.61,15,38,55,3,1,0,1,12,1,373,0,1,Full Withdrawal
CUST03886,61,Female,3,HNI,FD,813253.02,1,1,133096.45,118545.22,9,12,38,3,1,0,1,99,1,184,2,0,None
CUST03887,29,Male,23,Retail,RD,49531.67,2,1,5214.97,3867.52,25,34,43,4,1,1,1,79,1,509,0,0,None
CUST03888,31,Male,13,Retail,FD,26045.22,1,1,4464.78,2605.6,4,30,51,2,0,0,1,75,0,302,0,0,None
CUST03889,53,Male,3,SME,FD,181158.76,3,1,35476.94,23789.52,13,35,82,2,1,0,0,56,1,39,1,0,None
CUST03890,38,Male,2,SME,FD,125549.9,2,1,24516.72,15794.74,23,46,60,3,1,0,1,-7,1,551,3,1,Full Withdrawal
CUST03891,59,Male,23,Retail,Current,88115.34,2,1,17353.19,11247.21,17,38,69,2,0,0,1,86,1,677,0,0,None
CUST03892,36,Male,4,SME,Savings,288007.06,1,1,50522.64,28867.9,8,20,39,3,1,1,0,64,1,219,0,0,None
CUST03893,36,Female,17,SME,Savings,461731.22,1,1,34499.67,25810.12,19,22,71,3,1,0,1,73,1,492,2,0,None
CUST03894,69,Male,6,SME,Current,423957.62,3,1,20853.15,8940.38,24,37,83,1,0,0,0,85,0,191,0,0,None
CUST03895,61,Male,11,Retail,Savings,26331.94,4,1,4472.89,3969.2,27,33,46,2,1,0,0,42,1,249,0,0,None
CUST03896,41,Female,6,SME,Current,106961.88,1,1,9558.86,6007.44,39,61,72,3,0,1,1,4,1,411,1,0,None
CUST03897,36,Female,22,Retail,Savings,88918.3,1,1,8361.93,7027.99,3,20,34,2,1,0,0,78,1,557,2,0,None
CUST03898,56,Male,2,Retail,Current,18172.21,1,1,939.13,752.45,3,5,50,2,0,1,0,6,1,399,1,1,Full Withdrawal
CUST03899,27,Male,17,Retail,Savings,47156.02,3,1,7278.71,4800.44,23,36,53,2,0,1,0,11,1,86,0,0,None
CUST03900,51,Female,3,Retail,Current,34541.86,4,1,3762.34,1916.13,39,45,65,4,1,1,1,23,1,299,3,1,Account Closure
CUST03901,29,Female,12,Retail,Current,12330.65,4,1,896.22,635.61,29,31,69,2,0,0,1,22,0,663,1,1,Account Closure
CUST03902,52,Male,14,SME,Savings,328225.31,3,1,47393.68,43670.42,18,22,34,3,1,0,1,14,1,575,0,0,None
CUST03903,69,Male,2,Retail,FD,79563.59,4,1,15656.64,7862.37,19,47,82,2,1,0,0,3,1,614,2,1,Account Closure
CUST03904,68,Female,22,Retail,Current,85971.64,2,1,10294.59,5567.38,3,29,61,3,1,1,0,99,0,712,1,0,None
CUST03905,53,Male,22,Retail,FD,75433.72,3,1,10335.87,9779.31,36,41,52,3,1,1,0,39,0,679,0,0,None
CUST03906,66,Female,5,Retail,Savings,56226.76,1,1,3714.18,3309.02,16,26,64,4,1,1,1,19,1,376,2,0,None
CUST03907,36,Male,10,HNI,Savings,1100955.07,4,1,72391.28,50836.95,16,39,76,2,1,0,0,75,1,62,0,0,None
CUST03908,39,Female,10,Retail,Savings,19441.5,2,1,2203.08,1723.05,35,53,61,1,0,0,0,11,1,694,3,1,Full Withdrawal
CUST03909,34,Male,21,Retail,Savings,79119.15,3,1,13858.64,8920.59,16,29,71,4,1,1,1,72,1,233,0,0,None
CUST03910,45,Male,9,Retail,Savings,45230.15,3,1,8388.56,5219.79,19,39,69,3,0,1,1,91,1,334,0,0,None
CUST03911,61,Female,21,Retail,Savings,76279.98,1,1,10883.65,7006.38,14,18,24,4,1,1,1,-7,0,130,2,1,Full Withdrawal
CUST03912,35,Male,13,Retail,FD,26636.19,1,1,2601.91,1633.82,39,60,96,2,1,0,0,61,1,249,0,0,None
CUST03913,49,Male,10,SME,RD,321608.96,3,1,51459.46,39703.82,9,20,63,3,1,0,1,34,1,3,5,1,Full Withdrawal
CUST03914,32,Male,6,HNI,RD,1685741.94,2,1,146171.47,85035.42,17,38,84,2,1,0,0,92,0,301,0,0,None
CUST03915,27,Male,11,Retail,RD,5697.06,1,1,428.01,211.41,21,30,75,4,1,1,1,63,0,398,2,0,None
CUST03916,46,Male,4,SME,Current,392453.75,3,1,65645.11,51768.53,27,31,37,2,1,0,0,17,1,723,4,1,Partial Withdrawal
CUST03917,22,Female,14,SME,Current,486348.19,3,1,77918.27,32508.57,36,48,78,2,0,0,1,43,1,3,1,0,None
CUST03918,46,Male,17,SME,Savings,264948.67,1,1,47991.97,38168.7,18,34,65,2,0,1,0,47,1,436,0,0,None
CUST03919,23,Male,20,Retail,Savings,47494.41,4,1,6280.54,3421.54,27,48,67,3,0,1,1,74,1,573,0,0,None
CUST03920,53,Male,2,Retail,FD,34589.66,2,1,6346.31,3202.6,19,48,73,3,0,1,1,54,1,407,2,0,None
CUST03921,34,Female,10,Retail,FD,24417.07,4,1,1080.13,657.18,8,21,52,2,1,0,0,26,1,397,0,0,None
CUST03922,54,Female,3,SME,FD,422608.24,4,1,34059.92,15825.09,36,40,78,3,1,1,0,43,1,573,1,0,None
CUST03923,53,Male,7,SME,FD,139733.14,2,1,23574.76,14415.24,13,21,36,3,0,1,1,87,1,508,0,0,None
CUST03924,45,Male,7,Retail,Savings,33482.15,2,1,3608.88,1646.65,2,25,52,1,0,0,0,0,1,428,3,1,Full Withdrawal
CUST03925,48,Female,1,Retail,Current,15956.77,1,1,1249.45,832.03,26,28,54,3,0,1,1,5,1,10,1,0,None
CUST03926,25,Male,8,HNI,Current,976134.91,1,1,163387.66,81186.24,17,28,55,1,0,0,0,92,1,417,0,0,None
CUST03927,45,Female,23,SME,RD,78774.38,1,1,13514.76,6372.18,16,34,39,4,1,1,1,67,1,245,2,1,Account Closure
CUST03928,44,Female,1,HNI,RD,933326.69,2,1,105466.9,75779.05,12,19,35,2,1,0,0,54,1,19,5,1,Full Withdrawal
CUST03929,50,Female,8,SME,Current,280020.83,4,1,32105.78,23883.0,38,58,87,3,0,1,1,84,1,724,1,0,None
CUST03930,55,Male,14,Retail,Savings,26880.93,2,1,4434.0,1787.06,4,30,40,1,0,0,0,33,0,62,1,1,Full Withdrawal
CUST03931,42,Female,14,Retail,Savings,73959.61,1,1,12085.96,7411.38,21,34,72,2,1,0,0,32,0,707,2,0,None
CUST03932,51,Female,2,SME,Savings,344085.0,4,1,61470.86,27223.96,24,53,85,2,1,0,0,65,1,595,0,0,None
CUST03933,47,Female,8,Retail,FD,9867.17,1,1,1413.82,1139.9,16,19,48,2,0,0,1,16,1,543,3,1,Full Withdrawal
CUST03934,41,Male,19,Retail,Savings,90460.65,4,1,6308.96,4888.42,19,32,54,1,0,0,0,70,1,403,0,0,None
CUST03935,37,Male,10,SME,Savings,474846.24,1,1,60758.5,25965.21,36,56,61,2,1,0,0,69,0,42,1,0,None
CUST03936,24,Male,7,Retail,Savings,72328.54,2,1,7318.31,6715.92,30,40,76,3,0,1,1,-10,1,219,0,0,None
CUST03937,70,Male,13,SME,RD,231357.2,3,1,10255.2,9516.6,21,50,83,2,0,1,0,19,1,267,0,0,None
CUST03938,58,Female,22,Retail,Current,57668.91,3,1,4119.89,2406.3,16,23,47,3,1,0,1,53,1,239,0,0,None
CUST03939,61,Male,21,HNI,Current,1425837.32,4,1,103932.85,49039.36,33,51,68,3,0,1,1,26,1,296,1,0,None
CUST03940,65,Male,15,Retail,Savings,33384.03,2,1,1775.16,821.7,13,16,32,2,0,1,0,12,1,465,1,0,None
CUST03941,46,Male,11,Retail,Savings,73139.32,1,1,8230.45,7097.91,13,21,33,2,0,1,0,16,1,370,0,0,None
CUST03942,44,Female,14,Retail,Savings,33602.05,4,1,4075.45,2659.39,26,33,76,1,0,0,0,90,1,713,5,1,Full Withdrawal
CUST03943,65,Female,11,Retail,FD,18984.56,4,1,1792.18,726.24,35,50,62,2,1,0,0,69,1,423,4,1,Full Withdrawal
CUST03944,22,Male,2,SME,FD,407962.88,1,1,43234.88,39298.07,9,27,49,2,0,0,1,77,1,490,0,0,None
CUST03945,54,Male,2,SME,Current,55765.98,1,1,7133.51,5178.97,25,52,77,3,1,0,1,17,1,343,1,0,None
CUST03946,36,Male,12,Retail,Savings,97023.7,1,1,5751.31,4484.4,2,21,53,2,0,0,1,19,1,674,1,0,None
CUST03947,38,Female,15,Retail,FD,50992.64,2,1,6627.26,5652.75,26,33,68,2,0,1,0,79,0,721,0,0,None
CUST03948,55,Female,17,Retail,Current,25198.13,3,1,3870.13,3290.46,35,48,67,2,0,1,0,77,1,688,2,0,None
CUST03949,38,Female,14,Retail,Savings,49011.6,4,1,8820.22,3895.83,15,22,65,2,1,0,0,84,1,620,0,0,None
CUST03950,62,Male,16,HNI,Savings,807952.48,4,1,71303.26,51031.44,37,60,97,3,1,0,1,78,1,102,1,0,None
CUST03951,65,Female,8,SME,Current,484690.62,3,1,77349.6,60559.67,7,22,64,3,1,0,1,40,1,287,1,0,None
CUST03952,25,Male,24,SME,Current,164804.43,4,1,22572.16,10091.82,10,24,51,2,1,0,0,-9,1,47,0,1,Full Withdrawal
CUST03953,34,Female,17,SME,RD,80335.93,2,1,9676.29,5054.12,2,12,32,2,0,1,0,60,0,48,0,0,None
CUST03954,25,Male,5,Retail,FD,22860.95,1,1,4277.94,2642.47,10,29,57,3,1,1,0,76,1,387,0,0,None
CUST03955,28,Female,12,HNI,Savings,316547.58,3,1,44063.76,39110.5,25,36,61,4,1,1,1,82,1,301,2,0,None
CUST03956,67,Male,6,SME,FD,304567.31,2,1,30021.54,26054.14,19,30,42,1,0,0,0,24,1,178,1,1,Account Closure
CUST03957,30,Female,18,SME,Savings,70821.6,1,1,10911.43,9058.2,19,47,93,4,1,1,1,83,1,291,0,0,None
CUST03958,44,Female,5,SME,Current,398889.42,3,1,77217.14,72943.34,29,44,65,2,1,0,0,18,0,36,1,1,Account Closure
CUST03959,54,Male,6,Retail,Current,73453.4,2,1,13729.07,7323.93,3,13,32,1,0,0,0,20,1,410,0,0,None
CUST03960,54,Male,9,SME,Current,200721.55,3,1,39510.67,25970.29,38,48,66,3,0,1,1,31,0,127,3,1,Account Closure
CUST03961,41,Female,15,Retail,FD,24702.34,3,1,1363.9,880.67,37,64,88,3,1,0,1,55,1,564,2,0,None
CUST03962,25,Male,10,Retail,FD,43826.62,2,1,4862.61,3760.82,25,51,87,2,0,0,1,40,1,280,0,0,None
CUST03963,22,Male,17,Retail,FD,53955.08,4,1,5893.53,5113.13,36,46,61,1,0,0,0,68,1,262,1,0,None
CUST03964,63,Male,19,HNI,Savings,878643.11,2,1,89103.07,59736.97,7,11,53,4,1,1,1,5,1,308,0,0,None
CUST03965,55,Female,12,SME,Savings,160586.28,3,1,11009.56,7380.18,18,45,81,2,0,0,1,-3,1,28,0,0,None
CUST03966,48,Male,9,SME,Current,241213.83,3,1,41766.62,30680.71,31,41,49,4,1,1,1,50,1,45,0,0,None
CUST03967,42,Male,15,SME,RD,498227.84,2,1,73584.56,59482.89,9,23,56,2,1,0,0,81,0,590,1,0,None
CUST03968,45,Male,14,Retail,Savings,53564.67,1,1,7336.14,3746.68,11,22,31,2,1,0,0,29,1,551,0,0,None
CUST03969,36,Male,1,HNI,Savings,1699735.57,1,1,189514.56,176063.34,17,43,90,2,0,0,1,70,1,469,1,0,None
CUST03970,56,Female,17,Retail,Savings,45943.0,1,1,4693.7,2115.12,39,43,59,3,1,1,0,46,1,651,0,0,None
CUST03971,46,Female,1,Retail,Current,88267.51,1,1,14637.75,6041.07,27,48,95,2,0,1,0,67,1,716,0,0,None
CUST03972,30,Female,23,Retail,FD,41302.61,2,1,5133.65,3066.51,32,37,80,2,0,0,1,74,1,249,0,0,None
CUST03973,38,Male,21,SME,FD,419359.36,4,1,57546.3,45219.26,9,24,51,2,1,0,0,39,1,690,0,0,None
CUST03974,42,Female,22,SME,RD,447022.37,1,1,25033.48,23479.93,36,50,87,4,1,1,1,16,0,508,0,0,None
CUST03975,34,Male,13,Retail,FD,53371.38,3,1,6161.05,5625.15,35,56,76,1,0,0,0,74,1,162,1,0,None
CUST03976,24,Male,8,Retail,Savings,54219.32,1,1,3299.27,2569.04,11,19,67,3,1,0,1,21,1,628,0,0,None
CUST03977,25,Female,13,SME,Current,250514.14,4,1,12178.34,7795.36,13,35,50,1,0,0,0,69,0,455,1,0,None
CUST03978,25,Female,16,Retail,Current,60916.69,2,1,9155.0,6662.01,28,36,48,3,1,0,1,17,1,245,2,1,Account Closure
CUST03979,64,Female,2,SME,RD,268307.83,4,1,22529.86,21014.99,20,27,64,2,1,0,0,91,0,129,5,1,Full Withdrawal
CUST03980,49,Female,13,HNI,Savings,1948788.97,4,1,378861.29,206867.96,27,51,89,3,1,1,0,18,0,672,0,0,None
CUST03981,28,Male,18,Retail,Savings,7061.61,4,1,966.59,640.9,16,25,50,1,0,0,0,38,1,98,0,0,None
CUST03982,47,Male,3,Retail,Savings,87687.39,1,1,12559.11,9809.87,32,39,81,1,0,0,0,25,1,694,0,0,None
CUST03983,32,Female,13,SME,Current,336155.35,1,1,24032.31,9749.05,38,64,85,2,0,1,0,13,1,114,1,1,Full Withdrawal
CUST03984,45,Male,19,SME,Savings,421960.27,4,1,25579.76,15595.82,19,24,62,3,1,1,0,74,1,334,1,0,None
CUST03985,64,Male,13,Retail,Current,16902.02,2,1,2096.96,1493.77,30,59,104,2,1,0,0,28,1,709,0,0,None
CUST03986,31,Female,19,HNI,FD,431629.56,1,1,81185.11,72701.68,28,34,41,3,1,0,1,39,1,216,0,0,None
CUST03987,58,Female,4,Retail,Savings,9070.99,2,1,443.75,419.61,39,65,93,2,0,0,1,-3,1,405,1,1,Partial Withdrawal
CUST03988,34,Male,19,Retail,Current,44060.96,1,1,5344.92,3773.4,21,47,73,2,1,0,0,81,1,383,0,0,None
CUST03989,65,Female,18,SME,RD,249428.45,2,1,17907.39,16466.19,22,41,55,2,1,0,0,71,1,458,1,0,None
CUST03990,63,Female,6,SME,Current,476542.79,1,1,78685.53,35770.13,30,33,42,1,0,0,0,72,1,141,0,0,None
CUST03991,60,Female,19,Retail,Savings,24579.1,4,1,3665.03,2879.61,16,42,87,2,0,0,1,8,0,558,0,0,None
CUST03992,40,Male,4,SME,Savings,178882.19,3,1,9937.45,6164.25,23,46,81,2,1,0,0,27,0,376,4,1,Full Withdrawal
CUST03993,40,Male,4,Retail,Current,9177.93,3,1,1272.19,1034.34,24,49,77,2,0,0,1,33,0,33,0,0,None
CUST03994,33,Male,24,Retail,Savings,82965.19,2,1,16375.34,14365.23,5,20,35,3,1,1,0,15,1,553,0,0,None
CUST03995,43,Male,7,Retail,Current,23907.96,2,1,2976.6,1278.59,25,50,68,2,0,0,1,59,0,728,3,1,Partial Withdrawal
CUST03996,68,Male,7,SME,RD,292256.03,4,1,25038.11,22897.61,15,40,48,2,0,0,1,99,1,513,2,0,None
CUST03997,58,Male,23,Retail,Current,28632.5,4,1,1842.26,805.96,38,53,65,2,1,0,0,38,1,265,0,0,None
CUST03998,51,Male,16,Retail,Savings,67593.78,2,1,13406.74,10918.03,22,28,39,3,1,1,0,15,1,187,1,0,None
CUST03999,67,Female,16,Retail,Savings,60785.53,3,1,7914.92,3466.64,14,26,65,2,1,0,0,81,1,121,0,0,None
CUST04000,33,Male,5,SME,RD,313078.26,4,1,31292.72,27347.5,20,48,84,3,0,1,1,97,1,88,0,0,None
CUST04001,50,Female,15,SME,FD,92069.09,2,1,6839.85,3507.06,27,54,80,2,0,1,0,21,1,538,0,0,None
CUST04002,42,Female,23,SME,Current,487932.13,4,1,93698.52,59848.87,37,58,84,2,0,1,0,23,1,551,0,0,None
CUST04003,32,Male,4,Retail,Savings,59703.07,4,1,8377.81,7648.45,34,38,85,2,1,0,0,34,1,373,1,0,None
CUST04004,58,Female,24,Retail,FD,91873.95,1,1,4522.66,3779.3,17,34,64,4,1,1,1,26,0,150,0,0,None
CUST04005,69,Female,13,Retail,Savings,32723.1,4,1,1620.17,1348.27,20,41,81,4,1,1,1,78,1,353,0,0,None
CUST04006,39,Male,19,SME,Savings,368608.16,2,1,70149.73,57510.96,38,47,80,2,1,0,0,75,1,480,1,0,None
CUST04007,65,Female,7,HNI,Savings,453160.25,4,1,69612.44,49646.85,15,36,44,1,0,0,0,84,1,470,0,0,None
CUST04008,48,Male,12,Retail,Savings,11260.25,2,1,636.75,587.9,31,47,82,4,1,1,1,-5,1,464,4,1,Account Closure
CUST04009,58,Female,9,SME,Savings,64967.01,1,1,9082.48,7787.32,32,47,73,3,1,0,1,20,0,355,0,0,None
CUST04010,69,Male,17,Retail,Savings,80451.7,1,1,8617.1,5533.54,21,36,48,3,0,1,1,54,1,345,2,0,None
CUST04011,33,Female,2,Retail,Savings,57839.34,3,1,9612.46,7770.77,8,17,42,2,1,0,0,93,1,611,1,0,None
CUST04012,44,Male,16,Retail,Current,31537.51,1,1,2642.66,2507.78,38,63,82,2,0,1,0,-2,1,537,0,0,None
CUST04013,55,Female,7,Retail,Current,30063.76,1,1,3044.12,2675.93,3,5,13,1,0,0,0,65,1,622,2,0,None
CUST04014,59,Male,18,Retail,Savings,27594.66,2,1,1842.84,738.38,23,40,86,1,0,0,0,10,1,613,0,0,None
CUST04015,44,Female,7,Retail,RD,98065.0,3,1,7884.27,6353.44,14,42,51,2,0,1,0,95,1,369,3,0,None
CUST04016,46,Female,1,Retail,Savings,42925.86,1,1,3016.16,2695.95,39,67,107,4,1,1,1,56,1,123,1,0,None
CUST04017,25,Male,3,SME,Savings,456494.52,4,1,20034.64,11625.38,32,61,67,2,0,0,1,31,0,437,1,0,None
CUST04018,51,Female,21,Retail,Savings,44754.47,3,1,2120.76,1988.47,2,15,27,3,1,1,0,35,1,266,0,0,None
CUST04019,51,Male,11,Retail,Current,16000.8,1,1,2779.34,1725.18,14,29,37,3,1,0,1,-6,1,720,0,0,None
CUST04020,34,Female,22,SME,Savings,294071.02,3,1,49582.91,31318.91,18,28,45,2,1,0,0,26,1,402,1,0,None
CUST04021,63,Male,15,Retail,Savings,53345.7,1,1,3334.94,1629.05,5,20,38,1,0,0,0,66,0,109,0,0,None
CUST04022,70,Female,3,Retail,Current,80890.48,2,1,11879.84,5383.08,32,46,59,1,0,0,0,18,1,541,0,0,None
CUST04023,35,Female,24,SME,Current,96437.73,3,1,15362.83,10679.13,34,54,86,1,0,0,0,81,1,314,1,0,None
CUST04024,68,Male,13,Retail,FD,87268.55,3,1,4206.69,3077.31,15,38,80,2,1,0,0,38,1,68,0,0,None
CUST04025,29,Male,4,Retail,FD,94751.33,1,1,5132.39,3088.64,22,39,55,2,0,0,1,14,0,79,2,0,None
CUST04026,45,Male,23,Retail,RD,16948.29,3,1,2204.68,1617.43,23,43,75,3,1,0,1,-1,1,644,0,0,None
CUST04027,39,Female,22,HNI,Savings,497393.86,1,1,49671.78,30650.91,6,32,49,1,0,0,0,87,1,13,0,0,None
CUST04028,56,Male,8,Retail,Savings,15044.47,4,1,2285.29,2005.35,38,56,81,4,1,1,1,4,1,178,2,1,Account Closure
CUST04029,46,Male,22,SME,RD,191035.76,3,1,24687.58,22826.2,33,57,99,3,1,1,0,19,1,53,0,0,None
CUST04030,38,Female,4,Retail,Current,57831.3,3,1,2600.3,1888.98,4,10,40,2,0,0,1,66,1,56,2,1,Full Withdrawal
CUST04031,53,Male,18,Retail,FD,68764.96,2,1,10272.7,8867.92,14,43,72,2,0,0,1,90,1,325,1,0,None
CUST04032,45,Female,7,Retail,Savings,40253.61,2,1,2923.49,2542.14,12,16,42,3,0,1,1,48,0,55,2,1,Account Closure
CUST04033,28,Male,11,SME,Savings,189798.22,3,1,17084.87,13540.95,39,68,80,4,1,1,1,44,1,418,0,0,None
CUST04034,34,Male,4,Retail,Savings,56829.63,2,1,8968.98,4534.73,25,53,94,3,0,1,1,44,0,581,1,0,None
CUST04035,48,Female,13,Retail,Savings,12510.33,3,1,2044.19,991.87,10,34,78,2,0,0,1,58,1,570,0,0,None
CUST04036,69,Male,9,Retail,Savings,80987.86,1,1,7720.6,6992.67,14,16,65,3,1,0,1,3,0,135,0,1,Partial Withdrawal
CUST04037,26,Male,9,Retail,Savings,92671.28,3,1,5029.86,2745.22,23,46,72,2,0,0,1,63,1,57,3,1,Account Closure
CUST04038,57,Female,23,HNI,Current,1655008.39,3,1,270010.74,144585.88,19,27,44,3,1,0,1,100,1,649,0,0,None
CUST04039,47,Male,21,Retail,Savings,75259.38,4,1,13489.01,6628.11,11,37,78,2,0,0,1,87,1,311,1,0,None
CUST04040,63,Female,19,Retail,Savings,57139.3,2,1,11101.59,7661.2,13,39,57,3,1,0,1,84,1,535,0,0,None
CUST04041,66,Female,3,Retail,Savings,27420.82,2,1,2491.24,1924.11,31,39,61,2,1,0,0,45,0,696,2,1,Partial Withdrawal
CUST04042,52,Male,12,HNI,Savings,1071073.95,4,1,64067.72,49453.16,20,42,79,1,0,0,0,50,1,154,1,0,None
CUST04043,31,Male,11,Retail,Savings,28360.4,1,1,5389.2,2929.46,20,44,55,2,1,0,0,-6,0,628,3,1,Account Closure
CUST04044,67,Female,20,Retail,Savings,62466.08,1,1,6494.13,2936.2,11,39,53,4,1,1,1,-5,1,587,0,0,None
CUST04045,47,Male,11,SME,Savings,393046.3,1,1,21603.96,12327.55,2,20,54,4,1,1,1,2,1,433,1,0,None
CUST04046,43,Male,17,SME,FD,432610.9,4,1,51828.93,35082.44,8,16,54,3,1,0,1,29,1,589,0,0,None
CUST04047,33,Female,21,Retail,Savings,97179.09,3,1,6849.56,5047.04,12,26,75,2,1,0,0,48,1,564,1,0,None
CUST04048,53,Male,14,Retail,FD,12932.68,1,1,1252.46,687.39,5,34,41,3,1,1,0,2,1,450,0,1,Account Closure
CUST04049,48,Female,16,Retail,FD,28436.3,1,1,2594.98,1299.4,37,51,95,3,1,0,1,35,1,701,0,0,None
CUST04050,54,Male,24,Retail,Current,69185.19,4,1,13696.31,11818.09,22,33,49,3,1,1,0,86,1,272,1,0,None
CUST04051,41,Male,10,Retail,Savings,81577.63,2,1,11610.3,10122.55,23,44,84,2,0,1,0,90,0,660,0,0,None
CUST04052,60,Male,4,Retail,Savings,37869.44,4,1,4494.66,2489.93,11,14,49,2,0,0,1,12,1,608,0,0,None
CUST04053,62,Female,10,Retail,Current,53947.65,2,1,6592.42,4667.84,24,31,58,3,0,1,1,10,1,252,0,0,None
CUST04054,61,Female,20,Retail,RD,89717.14,1,1,12260.22,7869.89,6,14,26,2,1,0,0,61,0,73,0,0,None
CUST04055,34,Female,12,SME,RD,387280.14,1,1,69571.28,33260.77,13,41,46,2,1,0,0,23,1,644,3,0,None
CUST04056,35,Male,9,HNI,Savings,792758.32,3,1,50226.92,46074.28,31,45,84,2,0,0,1,42,0,306,0,0,None
CUST04057,65,Male,15,Retail,Current,99514.94,3,1,13528.19,5484.07,34,58,77,2,0,0,1,84,1,623,0,0,None
CUST04058,61,Male,9,Retail,FD,22126.62,2,1,2025.68,1019.26,38,47,79,2,0,1,0,20,1,496,4,1,Partial Withdrawal
CUST04059,43,Male,7,Retail,FD,9634.27,1,1,1266.18,747.12,19,41,57,2,0,1,0,73,1,650,2,1,Account Closure
CUST04060,39,Female,24,HNI,Current,534859.95,1,1,65700.57,57228.72,5,19,24,2,0,0,1,88,1,56,0,0,None
CUST04061,69,Female,12,Retail,Savings,16539.03,4,1,740.77,617.62,28,55,70,3,1,1,0,55,1,203,1,0,None
CUST04062,50,Male,20,Retail,Savings,97979.67,1,1,13050.34,9382.36,24,36,77,2,1,0,0,77,1,220,0,0,None
CUST04063,64,Female,24,Retail,Current,41175.42,1,1,6319.37,4943.4,7,18,24,3,0,1,1,64,1,702,4,1,Account Closure
CUST04064,37,Male,14,Retail,FD,83452.06,4,1,6622.75,3890.87,8,36,85,4,1,1,1,57,1,140,1,0,None
CUST04065,67,Female,22,Retail,RD,21777.51,4,1,1243.47,1140.63,20,45,84,2,0,0,1,15,1,552,0,1,Account Closure
CUST04066,56,Male,16,Retail,FD,18187.4,1,1,1343.38,557.14,16,21,70,3,1,0,1,3,1,548,2,1,Partial Withdrawal
CUST04067,55,Male,19,Retail,Savings,66682.85,3,1,9457.37,4307.93,23,34,46,3,1,0,1,99,0,434,0,0,None
CUST04068,24,Male,23,HNI,FD,1871974.59,3,1,215289.89,195710.27,33,51,86,3,1,1,0,95,0,551,0,0,None
CUST04069,25,Male,3,Retail,Savings,15880.96,1,1,2833.94,2606.6,16,45,70,2,1,0,0,73,1,390,1,0,None
CUST04070,26,Female,11,SME,Current,294616.04,3,1,25218.59,16891.77,7,16,65,1,0,0,0,89,1,321,1,0,None
CUST04071,31,Male,23,SME,Current,220211.73,4,1,21672.28,15540.18,7,28,35,3,1,1,0,14,0,489,0,1,Partial Withdrawal
CUST04072,50,Male,21,Retail,Savings,82155.48,3,1,10227.37,9167.77,7,13,42,2,0,0,1,92,1,524,0,0,None
CUST04073,53,Female,20,Retail,Savings,91384.06,1,1,10381.48,9025.54,13,34,79,3,1,1,0,63,1,254,3,1,Account Closure
CUST04074,52,Female,19,Retail,Savings,64735.46,3,1,8262.95,7222.43,3,19,51,1,0,0,0,88,1,513,2,0,None
CUST04075,23,Female,8,Retail,Savings,70392.59,1,1,6330.7,3826.79,26,50,82,4,1,1,1,53,1,84,0,0,None
CUST04076,33,Male,20,SME,FD,240093.44,3,1,16006.4,13714.3,5,16,22,1,0,0,0,58,1,164,4,1,Partial Withdrawal
CUST04077,48,Female,8,HNI,Savings,342338.62,1,1,57694.5,25277.16,7,27,39,2,0,0,1,57,1,678,1,0,None
CUST04078,26,Female,3,Retail,Savings,22068.7,1,1,1021.5,682.19,38,57,62,4,1,1,1,9,1,432,0,0,None
CUST04079,58,Male,10,Retail,Savings,31013.7,3,1,3075.1,1631.57,39,66,91,2,0,0,1,76,1,509,0,0,None
CUST04080,48,Male,13,HNI,FD,1628390.07,3,1,87907.5,36893.79,15,28,47,2,0,1,0,32,0,690,0,0,None
CUST04081,44,Male,9,SME,Savings,469479.65,4,1,74089.78,54786.87,20,23,35,3,1,0,1,-6,1,173,0,1,Account Closure
CUST04082,54,Male,6,SME,Savings,280341.74,2,1,27608.64,12200.23,8,16,60,3,0,1,1,82,1,148,0,0,None
CUST04083,25,Male,15,Retail,FD,86001.28,1,1,3853.54,1796.09,19,31,57,3,1,0,1,97,0,686,0,0,None
CUST04084,42,Male,16,Retail,Savings,99413.54,1,1,5183.43,2306.42,9,25,68,3,1,1,0,82,1,328,1,0,None
CUST04085,45,Female,5,SME,Savings,299570.83,1,1,21501.93,20131.74,29,42,66,2,1,0,0,99,1,139,0,0,None
CUST04086,65,Female,21,SME,FD,356958.56,1,1,59221.74,24966.78,22,33,50,2,1,0,0,21,0,440,1,0,None
CUST04087,52,Female,13,Retail,Savings,12458.4,3,1,2091.39,1146.85,36,50,80,4,1,1,1,75,1,542,0,0,None
CUST04088,65,Female,19,Retail,FD,41386.66,3,1,8254.9,6262.16,11,34,77,2,0,1,0,34,0,60,0,0,None
CUST04089,69,Male,2,Retail,Current,40321.41,2,1,3167.16,2701.15,29,32,43,2,1,0,0,32,0,180,0,1,Full Withdrawal
CUST04090,45,Female,6,Retail,Current,96750.19,1,1,4805.58,3529.76,20,45,60,3,0,1,1,97,1,20,1,0,None
CUST04091,70,Female,1,Retail,Savings,67740.99,2,1,5778.37,5414.77,36,52,87,3,0,1,1,60,1,110,0,0,None
CUST04092,31,Male,15,HNI,FD,1342973.78,4,1,92143.04,53971.82,29,52,90,3,1,0,1,86,1,286,2,0,None
CUST04093,70,Female,15,Retail,Current,17191.54,2,1,2641.69,1742.47,4,13,28,3,0,1,1,11,1,301,2,1,Partial Withdrawal
CUST04094,70,Female,14,SME,Savings,88757.85,2,1,17314.74,14747.24,28,35,63,2,0,1,0,30,1,204,1,0,None
CUST04095,71,Male,7,Retail,Savings,23197.52,4,1,1941.26,1504.35,18,23,52,3,0,1,1,47,1,268,0,0,None
CUST04096,23,Female,5,SME,Current,225069.03,4,1,20837.18,10788.18,16,25,62,2,0,0,1,48,1,372,1,1,Partial Withdrawal
CUST04097,52,Male,20,HNI,FD,398702.08,2,1,38346.6,25855.86,23,44,77,2,0,1,0,17,1,66,1,0,None
CUST04098,46,Male,16,Retail,RD,46692.77,4,1,8269.88,7747.04,21,44,69,3,0,1,1,74,1,215,1,0,None
CUST04099,25,Male,17,Retail,Current,10096.78,2,1,1337.65,1169.99,28,34,71,2,0,0,1,44,1,688,0,0,None
CUST04100,32,Female,11,Retail,Current,65257.96,3,1,12779.87,6460.12,36,57,106,3,0,1,1,40,1,269,0,0,None
CUST04101,38,Female,15,Retail,Savings,50782.85,3,1,7127.17,3555.62,6,30,40,2,1,0,0,25,1,530,3,1,Account Closure
CUST04102,65,Female,20,SME,Current,183549.83,2,1,28072.32,24019.15,3,12,53,2,0,0,1,57,1,147,0,0,None
CUST04103,23,Male,16,HNI,RD,488765.8,4,1,26523.73,13510.98,21,36,42,2,0,1,0,32,0,155,0,0,None
CUST04104,27,Male,3,Retail,Current,53828.21,4,1,10349.49,6717.17,8,31,77,2,1,0,0,-5,0,501,5,1,Full Withdrawal
CUST04105,30,Female,6,Retail,Savings,58559.43,3,1,8226.96,4108.69,37,55,89,2,1,0,0,72,1,30,1,0,None
CUST04106,26,Female,21,Retail,Savings,96469.81,3,1,11887.87,4851.02,9,33,65,3,1,1,0,40,0,641,0,0,None
CUST04107,41,Male,23,SME,Savings,90075.47,4,1,9186.31,8097.48,28,49,85,2,0,0,1,42,0,461,0,0,None
CUST04108,50,Male,13,Retail,Current,92657.79,4,1,4848.6,4016.83,7,10,41,3,0,1,1,0,0,443,1,1,Partial Withdrawal
CUST04109,42,Female,1,Retail,RD,50558.62,4,1,3101.04,2043.04,25,45,88,1,0,0,0,39,1,136,2,1,Account Closure
CUST04110,30,Female,21,Retail,Savings,24960.88,4,1,1045.14,509.79,37,64,90,3,1,0,1,6,1,575,1,0,None
CUST04111,49,Male,14,Retail,Savings,68226.88,2,1,13631.1,11498.24,6,11,30,3,1,1,0,35,1,662,0,0,None
CUST04112,29,Male,2,Retail,Current,54119.96,4,1,8973.43,5362.99,21,36,83,2,1,0,0,71,1,148,1,0,None
CUST04113,52,Female,2,SME,RD,237387.18,3,1,39784.27,30398.05,21,29,71,2,0,1,0,35,1,654,0,0,None
CUST04114,41,Female,15,Retail,Savings,64548.55,3,1,10122.14,5811.95,35,61,102,4,1,1,1,66,1,147,0,0,None
CUST04115,48,Male,18,Retail,Savings,49959.92,1,1,5868.14,3742.45,11,28,68,3,1,0,1,30,0,605,0,0,None
CUST04116,29,Male,9,SME,Savings,140529.54,4,1,7604.27,5281.24,4,15,57,2,1,0,0,40,1,294,0,0,None
CUST04117,42,Female,3,SME,Current,270223.82,2,1,13933.56,11413.1,35,47,58,2,1,0,0,0,1,457,0,0,None
CUST04118,49,Male,4,Retail,FD,49917.46,1,1,9315.59,7989.4,36,59,94,2,1,0,0,40,1,306,1,1,Full Withdrawal
CUST04119,44,Male,15,Retail,Savings,42125.64,1,1,1687.15,1086.44,38,65,113,2,0,0,1,16,1,390,1,1,Full Withdrawal
CUST04120,27,Male,5,Retail,Current,11008.2,2,1,1671.67,882.93,39,45,79,2,1,0,0,38,1,26,0,0,None
CUST04121,24,Male,20,Retail,Current,51915.43,1,1,7297.88,3535.87,24,50,68,3,0,1,1,5,0,689,3,0,None
CUST04122,26,Female,20,Retail,Current,28095.93,1,1,3377.02,1983.7,38,51,89,2,0,0,1,39,1,100,3,0,None
CUST04123,30,Male,5,Retail,Savings,10058.51,3,1,1971.39,1657.9,22,47,78,1,0,0,0,4,1,532,0,0,None
CUST04124,28,Female,10,Retail,RD,36386.12,1,1,2608.9,1436.7,28,53,80,1,0,0,0,43,1,361,1,0,None
CUST04125,25,Male,16,SME,Current,148559.72,2,1,24608.3,10486.48,2,27,34,3,1,0,1,3,1,665,1,0,None
CUST04126,60,Male,12,Retail,FD,60075.47,4,1,8889.62,6314.76,10,26,35,3,0,1,1,68,1,648,0,0,None
CUST04127,26,Male,14,SME,Current,192968.6,4,1,37804.3,15820.63,4,29,75,2,0,1,0,71,0,623,0,0,None
CUST04128,32,Female,22,Retail,RD,80280.75,4,1,15209.31,13486.23,39,64,98,3,0,1,1,65,1,104,1,1,Partial Withdrawal
CUST04129,36,Female,11,HNI,Current,1155386.04,3,1,69983.36,54092.47,37,48,59,2,0,0,1,15,0,411,1,1,Partial Withdrawal
CUST04130,55,Male,19,SME,Savings,455136.22,3,1,40613.91,21982.89,35,62,107,3,1,1,0,95,0,640,0,0,None
CUST04131,34,Female,6,SME,Savings,98500.03,3,1,17348.62,11415.4,31,55,77,3,1,0,1,29,1,21,0,0,None
CUST04132,69,Female,10,SME,Savings,300512.1,2,1,23014.92,18563.13,32,35,77,2,1,0,0,7,1,203,1,0,None
CUST04133,28,Female,20,HNI,Savings,1381431.63,4,1,138925.51,125536.72,31,50,64,1,0,0,0,15,1,467,3,1,Partial Withdrawal
CUST04134,61,Male,3,Retail,RD,54478.37,2,1,7635.37,6726.38,17,29,77,3,1,0,1,99,1,687,3,0,None
CUST04135,27,Female,22,Retail,FD,69404.99,2,1,9027.25,3956.12,30,36,74,3,1,0,1,7,0,90,2,1,Full Withdrawal
CUST04136,60,Male,15,Retail,Savings,55532.62,1,1,7913.23,3518.44,7,14,51,1,0,0,0,-10,1,71,0,0,None
CUST04137,71,Male,11,SME,Savings,347034.94,4,1,53498.25,38986.74,15,29,65,2,0,0,1,5,1,653,5,1,Partial Withdrawal
CUST04138,51,Female,22,SME,Savings,323992.54,1,1,50738.27,34150.55,11,37,72,3,0,1,1,90,1,600,0,0,None
CUST04139,43,Male,2,Retail,FD,41717.43,3,1,6591.74,3698.73,25,43,75,2,0,0,1,10,1,368,0,0,None
CUST04140,46,Male,24,Retail,Savings,31617.89,3,1,6281.47,5885.08,37,65,73,4,1,1,1,61,1,152,1,0,None
CUST04141,49,Male,6,Retail,Current,72039.02,2,1,6991.67,5666.38,25,42,61,3,1,1,0,55,1,39,4,0,None
CUST04142,41,Female,17,HNI,RD,562905.11,2,1,26495.84,20614.42,8,32,38,2,0,0,1,72,1,708,0,0,None
CUST04143,60,Female,18,Retail,Savings,32362.31,1,1,3100.89,1549.61,38,62,89,2,0,1,0,82,1,84,1,0,None
CUST04144,24,Male,4,Retail,FD,72154.7,1,1,13410.11,7458.19,39,64,91,1,0,0,0,83,1,205,0,0,None
CUST04145,26,Female,23,Retail,Savings,46231.81,2,1,2466.11,1807.07,26,28,67,3,1,0,1,-8,1,569,1,1,Full Withdrawal
CUST04146,22,Male,9,Retail,FD,33698.08,4,1,4836.04,4050.56,35,64,95,2,1,0,0,-3,1,316,1,0,None
CUST04147,36,Male,10,SME,Savings,102782.41,2,1,11070.26,10097.0,2,16,46,2,1,0,0,88,1,151,0,0,None
CUST04148,47,Female,21,SME,Savings,232947.33,4,1,43666.36,34223.5,29,40,78,3,1,0,1,7,1,684,1,0,None
CUST04149,24,Male,2,SME,RD,136276.35,1,1,25697.87,16196.09,30,44,61,2,0,0,1,79,1,77,1,0,None
CUST04150,61,Male,11,Retail,Current,77150.53,3,1,12779.15,9968.92,33,54,98,3,0,1,1,14,0,422,0,0,None
CUST04151,62,Male,11,Retail,Savings,34896.32,3,1,1945.93,852.41,6,33,47,2,0,1,0,61,1,314,0,0,None
CUST04152,68,Female,11,Retail,Savings,81367.5,1,1,3576.46,2610.98,35,57,100,3,1,1,0,7,1,164,2,1,Full Withdrawal
CUST04153,63,Male,1,SME,Savings,254640.58,1,1,15750.64,14050.26,27,46,76,4,1,1,1,13,1,568,1,0,None
CUST04154,55,Female,14,Retail,FD,77735.11,3,1,7112.13,5336.38,14,33,41,3,0,1,1,58,0,169,0,0,None
CUST04155,26,Female,1,Retail,Savings,99782.27,4,1,7845.79,3170.85,13,41,63,2,0,0,1,15,1,389,0,0,None
CUST04156,52,Male,21,Retail,FD,18349.17,1,1,1819.53,1422.85,23,28,67,2,0,1,0,63,1,587,1,0,None
CUST04157,34,Female,23,HNI,Savings,1623562.95,4,1,102109.65,81641.19,10,14,35,1,0,0,0,0,1,512,0,1,Partial Withdrawal
CUST04158,64,Male,9,Retail,Savings,64927.16,4,1,10414.35,7265.84,7,24,55,3,1,0,1,-7,1,144,0,0,None
CUST04159,22,Male,24,SME,FD,92780.94,3,1,16259.62,13801.95,37,45,57,4,1,1,1,-1,0,332,2,0,None
CUST04160,43,Female,1,Retail,Current,79160.14,4,1,9346.63,4778.56,11,19,36,3,1,0,1,90,1,159,0,0,None
CUST04161,36,Female,21,Retail,FD,9456.41,3,1,1825.51,1140.83,38,41,67,1,0,0,0,1,1,200,1,1,Partial Withdrawal
CUST04162,47,Male,22,Retail,Current,71979.86,1,1,4265.17,3600.54,33,50,90,3,1,0,1,63,1,269,0,0,None
CUST04163,39,Male,22,Retail,Savings,75083.78,2,1,4274.54,3129.09,5,11,58,2,0,0,1,1,1,151,2,1,Account Closure
CUST04164,69,Male,4,Retail,Current,10804.61,2,1,778.62,737.28,5,27,61,1,0,0,0,-6,1,261,0,1,Account Closure
CUST04165,30,Male,1,Retail,Savings,56174.82,2,1,11072.39,4850.76,14,23,62,2,0,0,1,96,1,259,2,0,None
CUST04166,22,Male,19,Retail,Savings,28274.31,2,1,3015.16,1611.21,17,26,75,4,1,1,1,80,1,639,1,0,None
CUST04167,64,Male,10,HNI,Savings,734918.72,2,1,138059.57,70343.97,27,39,47,3,0,1,1,86,1,453,0,0,None
CUST04168,30,Female,15,Retail,Current,9713.29,2,1,702.48,658.23,34,55,72,2,1,0,0,85,1,298,1,0,None
CUST04169,44,Male,20,SME,Savings,275464.16,4,1,48309.94,42420.69,5,16,26,4,1,1,1,-6,1,281,0,1,Account Closure
CUST04170,64,Male,4,Retail,Savings,14923.11,4,1,1337.15,632.76,27,29,51,2,1,0,0,12,0,608,1,1,Full Withdrawal
CUST04171,66,Female,20,SME,Savings,396970.74,2,1,62524.44,37176.54,10,17,29,2,0,1,0,45,1,592,1,0,None
CUST04172,23,Female,14,Retail,Savings,62007.0,1,1,12148.03,5210.64,12,41,86,1,0,0,0,77,1,75,0,0,None
CUST04173,35,Male,5,Retail,Savings,87511.96,1,1,16564.61,12388.87,6,14,38,3,0,1,1,35,1,664,0,0,None
CUST04174,59,Male,15,Retail,Savings,53542.45,4,1,9263.51,5392.82,39,57,82,3,1,0,1,-9,1,617,0,0,None
CUST04175,61,Female,15,Retail,Savings,25005.24,4,1,1201.08,650.58,33,58,94,3,1,0,1,83,0,600,0,0,None
CUST04176,39,Male,16,Retail,Savings,37660.65,2,1,5168.67,3554.57,30,47,83,3,0,1,1,63,1,126,0,0,None
CUST04177,37,Male,16,SME,Savings,50216.96,1,1,8721.27,7304.53,39,54,60,4,1,1,1,-10,0,438,0,1,Partial Withdrawal
CUST04178,50,Female,4,SME,FD,197922.73,3,1,20562.64,12793.14,29,55,101,2,0,0,1,2,1,423,0,0,None
CUST04179,65,Male,9,SME,Current,148119.78,2,1,23253.33,18988.6,25,50,56,2,1,0,0,49,1,316,0,0,None
CUST04180,32,Male,1,SME,Current,224840.05,4,1,13962.14,9010.78,20,24,69,2,1,0,0,25,1,381,0,0,None
CUST04181,27,Male,5,Retail,RD,37291.66,4,1,2546.36,1318.98,2,12,48,1,0,0,0,51,1,46,3,1,Account Closure
CUST04182,24,Male,9,Retail,Savings,67981.71,4,1,9720.94,6274.02,6,17,43,3,1,0,1,52,1,445,0,0,None
CUST04183,35,Male,20,Retail,Savings,56943.48,3,1,6260.24,4356.69,24,28,58,2,1,0,0,56,1,430,1,0,None
CUST04184,23,Female,5,Retail,FD,9608.34,1,1,719.86,470.69,20,33,78,3,1,0,1,97,0,338,0,0,None
CUST04185,53,Male,4,Retail,Current,92368.85,4,1,7875.35,4338.36,3,8,57,3,1,0,1,97,1,465,0,0,None
CUST04186,52,Male,16,Retail,RD,21905.95,2,1,3045.52,1528.26,3,16,30,3,0,1,1,5,1,577,2,1,Account Closure
CUST04187,32,Male,2,Retail,RD,47895.24,3,1,7474.5,6882.7,10,33,76,2,0,1,0,67,1,652,0,0,None
CUST04188,43,Female,16,Retail,Savings,95021.73,1,1,6957.33,3921.27,19,43,92,1,0,0,0,29,1,87,3,1,Partial Withdrawal
CUST04189,24,Male,18,SME,RD,50065.6,2,1,9654.2,7607.06,17,31,40,3,1,1,0,98,1,353,1,0,None
CUST04190,71,Male,2,SME,RD,322176.36,2,1,13308.65,7817.26,10,35,51,1,0,0,0,37,0,268,1,0,None
CUST04191,52,Female,16,Retail,Savings,51554.73,3,1,7836.83,7314.14,24,32,77,2,0,1,0,100,1,593,4,1,Full Withdrawal
CUST04192,54,Male,1,HNI,RD,1326581.83,3,1,114829.06,108347.34,34,54,99,2,0,1,0,35,1,222,2,1,Account Closure
CUST04193,45,Male,16,HNI,Savings,991494.9,3,1,115570.96,98674.83,39,67,103,3,1,1,0,-6,0,359,0,1,Partial Withdrawal
CUST04194,22,Male,3,Retail,Current,82625.27,4,1,10838.41,7801.6,35,63,107,3,1,0,1,14,0,235,1,1,Partial Withdrawal
CUST04195,65,Male,15,Retail,Savings,53565.89,1,1,6955.18,4855.67,27,46,68,3,1,0,1,27,1,77,2,1,Account Closure
CUST04196,36,Male,11,Retail,Savings,66277.79,4,1,10883.11,6322.31,18,46,60,2,0,0,1,43,1,444,0,0,None
CUST04197,58,Female,10,HNI,Current,846789.42,3,1,145489.37,67960.37,15,34,61,3,1,0,1,82,1,405,1,0,None
CUST04198,48,Male,17,SME,Savings,350103.63,3,1,18112.93,8032.79,14,43,48,3,1,1,0,70,1,125,0,0,None
CUST04199,59,Female,4,Retail,Current,70353.05,3,1,10727.53,7037.22,23,33,79,2,0,0,1,62,0,511,0,0,None
CUST04200,69,Male,17,Retail,Current,97736.35,4,1,10149.84,9523.94,19,27,68,3,1,1,0,71,0,631,5,1,Full Withdrawal
CUST04201,48,Male,4,Retail,Savings,48340.07,2,1,8264.91,4428.2,21,29,51,2,0,0,1,65,1,210,1,0,None
CUST04202,65,Male,19,Retail,Savings,9774.55,3,1,1343.24,840.9,31,53,87,3,0,1,1,34,0,498,1,0,None
CUST04203,33,Female,1,Retail,Current,42432.56,4,1,1766.8,1330.01,36,50,73,3,1,0,1,28,1,509,0,0,None
CUST04204,24,Male,14,SME,FD,482559.99,3,1,70759.9,41966.64,34,41,90,3,1,1,0,17,0,170,0,0,None
CUST04205,51,Female,24,SME,Current,496862.32,4,1,93466.58,37573.23,18,26,68,3,0,1,1,42,1,302,3,1,Partial Withdrawal
CUST04206,53,Male,11,SME,Current,256604.6,1,1,13675.87,8450.59,36,50,71,2,1,0,0,43,1,407,1,1,Account Closure
CUST04207,44,Male,7,SME,Current,440130.88,1,1,52409.43,44157.71,13,39,71,3,1,0,1,85,0,437,0,0,None
CUST04208,23,Male,17,SME,Savings,105052.79,4,1,14721.74,13531.9,3,30,56,3,1,1,0,9,1,577,0,0,None
CUST04209,28,Male,4,Retail,Current,74463.02,3,1,5312.06,2928.54,35,56,98,1,0,0,0,93,1,423,1,0,None
CUST04210,55,Male,10,Retail,RD,67749.79,4,1,9763.47,8854.54,13,20,56,2,1,0,0,44,0,192,0,0,None
CUST04211,53,Male,17,Retail,FD,89253.4,1,1,4281.29,3754.4,27,45,74,3,1,1,0,54,1,634,0,0,None
CUST04212,60,Female,4,SME,Savings,365891.38,4,1,67656.49,42197.23,33,57,70,3,1,1,0,65,0,723,0,0,None
CUST04213,53,Male,19,Retail,Current,41567.09,1,1,6734.89,2711.28,22,43,83,1,0,0,0,11,1,403,2,1,Account Closure
CUST04214,64,Female,18,SME,Current,499173.78,1,1,95124.43,82252.36,6,25,66,4,1,1,1,40,1,4,1,0,None
CUST04215,64,Male,17,Retail,Current,10196.31,2,1,1090.48,608.19,29,50,55,2,1,0,0,61,1,7,0,0,None
CUST04216,35,Male,6,Retail,Current,77443.83,3,1,3521.57,2872.68,24,33,66,1,0,0,0,1,1,413,0,0,None
CUST04217,24,Female,7,Retail,Current,36970.44,4,1,3499.08,2499.51,33,52,71,3,1,1,0,91,1,624,1,0,None
CUST04218,67,Male,6,Retail,Savings,51302.71,3,1,6285.62,3280.56,6,22,70,1,0,0,0,48,1,487,1,0,None
CUST04219,53,Male,12,SME,Savings,67650.59,3,1,12835.99,9710.64,36,38,71,1,0,0,0,43,0,605,0,0,None
CUST04220,64,Female,9,SME,FD,282410.18,1,1,51198.32,42016.52,7,9,34,2,0,0,1,42,1,253,0,0,None
CUST04221,57,Female,18,Retail,Savings,48461.65,1,1,6544.82,4325.76,20,28,44,2,0,0,1,77,0,301,0,0,None
CUST04222,38,Male,2,Retail,RD,20573.66,4,1,3225.13,2616.71,7,24,54,3,0,1,1,27,0,457,0,0,None
CUST04223,69,Male,17,Retail,Savings,94230.16,4,1,18150.96,11303.23,15,39,88,3,1,0,1,92,0,261,0,0,None
CUST04224,24,Female,21,Retail,Savings,36585.36,4,1,6442.49,6050.39,4,25,60,3,0,1,1,94,1,575,0,0,None
CUST04225,31,Male,1,Retail,Current,14610.34,1,1,2124.51,1130.02,12,27,66,2,0,0,1,81,1,330,3,1,Full Withdrawal
CUST04226,68,Female,23,SME,FD,250067.94,2,1,31610.79,26168.05,25,54,72,3,1,1,0,1,1,171,0,0,None
CUST04227,61,Male,9,Retail,FD,43596.58,4,1,5064.46,4113.77,19,41,52,2,0,0,1,84,1,600,0,0,None
CUST04228,39,Male,6,Retail,Savings,61098.56,1,1,9840.38,6801.61,32,45,52,3,1,1,0,91,0,145,0,0,None
CUST04229,24,Female,2,Retail,Savings,27185.35,2,1,4605.3,2729.5,11,17,62,3,1,1,0,91,1,239,0,0,None
CUST04230,60,Male,6,Retail,Current,40979.24,3,1,3066.19,1978.21,27,35,43,2,0,1,0,81,1,546,4,0,None
CUST04231,31,Male,9,Retail,Savings,97388.3,1,1,11281.85,8418.72,30,43,49,3,0,1,1,62,1,249,1,0,None
CUST04232,30,Male,3,Retail,Savings,93970.94,4,1,15353.39,10619.82,3,23,62,1,0,0,0,75,1,428,1,0,None
CUST04233,67,Female,16,Retail,Current,87116.27,4,1,12903.07,10565.64,31,37,74,2,1,0,0,-4,1,487,0,0,None
CUST04234,67,Female,24,Retail,Current,79016.48,2,1,10639.75,6366.56,11,19,60,2,0,0,1,57,1,408,2,1,Partial Withdrawal
CUST04235,32,Male,15,Retail,Savings,19873.18,2,1,1824.28,837.32,13,42,87,3,1,0,1,18,1,130,3,1,Full Withdrawal
CUST04236,54,Male,12,Retail,Savings,49358.41,1,1,6785.55,4601.13,21,49,66,2,0,1,0,34,1,111,1,0,None
CUST04237,57,Female,23,Retail,Savings,74150.76,2,1,10228.59,5548.56,20,28,39,2,0,0,1,-1,1,300,0,0,None
CUST04238,47,Female,8,HNI,Savings,1141220.7,1,1,124609.1,92104.93,7,21,64,3,1,1,0,95,1,570,0,0,None
CUST04239,48,Female,6,Retail,Current,8142.05,2,1,1576.69,1081.89,24,50,81,3,0,1,1,74,1,4,0,0,None
CUST04240,59,Male,3,Retail,FD,44719.4,3,1,6461.93,5352.49,20,41,48,2,0,1,0,-7,1,716,0,0,None
CUST04241,43,Female,23,Retail,Savings,45388.43,4,1,7993.43,5726.29,32,50,71,2,0,1,0,13,1,119,1,0,None
CUST04242,47,Female,4,Retail,Savings,11184.52,4,1,678.15,431.93,34,40,69,1,0,0,0,74,1,359,0,0,None
CUST04243,43,Male,10,Retail,Savings,35458.48,3,1,5711.82,2661.26,3,18,52,2,0,1,0,71,1,80,1,0,None
CUST04244,26,Male,14,SME,FD,262852.8,4,1,35826.6,16697.98,16,28,46,3,1,1,0,15,1,22,3,1,Full Withdrawal
CUST04245,56,Male,21,SME,Savings,183820.28,4,1,16419.63,12350.73,12,33,66,3,1,0,1,45,0,209,0,1,Partial Withdrawal
CUST04246,23,Female,24,Retail,RD,59070.18,4,1,3651.6,3229.53,27,47,56,2,0,0,1,61,1,499,1,0,None
CUST04247,56,Male,15,Retail,Savings,51348.79,4,1,5173.06,3249.37,19,43,54,2,0,0,1,12,1,186,0,0,None
CUST04248,30,Female,7,Retail,Savings,86901.95,3,1,9613.12,6651.65,2,28,51,4,1,1,1,100,0,660,1,0,None
CUST04249,70,Female,7,SME,Savings,128242.09,1,1,8017.95,5814.35,33,38,75,3,1,0,1,-2,1,287,0,1,Full Withdrawal
CUST04250,39,Female,8,Retail,Current,20050.8,4,1,2951.88,1955.66,5,28,53,2,0,1,0,14,1,242,0,0,None
CUST04251,64,Female,10,Retail,Current,18572.53,3,1,1655.51,716.44,23,41,66,3,0,1,1,89,1,325,0,0,None
CUST04252,33,Female,19,Retail,Current,57961.29,4,1,9793.51,7090.76,37,55,76,2,1,0,0,21,0,182,1,0,None
CUST04253,24,Male,19,Retail,Savings,9414.3,3,1,1353.17,643.31,30,34,61,2,0,0,1,-4,0,699,1,1,Partial Withdrawal
CUST04254,39,Female,2,Retail,Savings,42385.44,3,1,3801.14,2682.43,37,52,83,2,0,0,1,86,1,254,0,0,None
CUST04255,59,Male,15,Retail,Savings,42906.05,1,1,4187.77,3461.01,34,56,91,2,0,1,0,48,1,219,2,0,None
CUST04256,28,Female,1,Retail,Savings,23651.65,2,1,4511.4,1818.08,15,22,41,2,1,0,0,48,1,430,2,1,Partial Withdrawal
CUST04257,54,Male,10,SME,Savings,96795.93,1,1,18555.69,11815.56,38,64,108,3,0,1,1,84,1,398,0,0,None
CUST04258,27,Female,6,Retail,Current,36345.08,1,1,3886.72,3148.75,6,32,76,1,0,0,0,51,1,132,0,0,None
CUST04259,39,Female,22,Retail,Savings,6117.07,4,1,909.41,628.12,23,34,39,4,1,1,1,6,1,490,1,0,None
CUST04260,66,Female,13,SME,Savings,498909.42,3,1,98183.15,51980.0,6,34,58,2,0,1,0,24,0,196,2,0,None
CUST04261,43,Male,10,Retail,Savings,95957.39,2,1,19100.15,14968.06,38,56,101,3,1,0,1,75,1,579,0,0,None
CUST04262,60,Male,12,Retail,Savings,32480.32,3,1,1674.08,1391.01,39,42,80,3,1,0,1,47,1,263,4,1,Account Closure
CUST04263,30,Female,24,Retail,Current,15638.63,4,1,2010.5,1205.07,35,63,68,4,1,1,1,18,1,295,4,1,Partial Withdrawal
CUST04264,56,Male,6,Retail,Savings,95587.45,3,1,14936.38,8417.7,16,29,65,4,1,1,1,52,0,292,0,0,None
CUST04265,44,Female,6,SME,Savings,55654.01,4,1,3890.14,2722.42,38,63,89,4,1,1,1,45,1,51,1,0,None
CUST04266,33,Male,1,Retail,RD,89658.53,1,1,15376.87,9241.23,28,50,83,2,0,0,1,52,1,292,0,0,None
CUST04267,45,Female,12,Retail,Savings,39283.23,1,1,4515.71,3882.45,2,19,68,2,1,0,0,71,1,111,0,0,None
CUST04268,71,Male,23,Retail,Savings,50985.92,4,1,6099.97,5053.69,30,47,62,2,0,0,1,36,0,500,1,1,Account Closure
CUST04269,61,Female,23,Retail,FD,93372.77,1,1,7833.2,4476.97,9,13,50,3,1,0,1,63,1,288,1,0,None
CUST04270,30,Female,10,SME,Savings,379824.77,3,1,33433.55,21776.55,34,60,102,4,1,1,1,4,1,206,0,0,None
CUST04271,34,Male,14,Retail,FD,68849.05,2,1,3681.2,3273.39,8,27,32,3,1,1,0,46,1,420,0,0,None
CUST04272,61,Male,15,Retail,Savings,71955.89,2,1,13602.73,6543.69,30,38,80,3,1,0,1,-4,1,675,0,0,None
CUST04273,63,Male,23,SME,Current,206832.36,3,1,20910.48,17038.44,32,43,56,4,1,1,1,91,1,635,1,0,None
CUST04274,38,Female,24,Retail,Current,97642.0,2,1,6440.15,3698.21,39,48,65,4,1,1,1,67,0,358,0,0,None
CUST04275,28,Male,4,SME,RD,142171.18,3,1,8925.05,4156.51,9,38,66,2,1,0,0,79,1,128,1,0,None
CUST04276,38,Female,1,SME,Current,337596.13,4,1,35510.04,16488.67,32,51,91,2,0,1,0,7,1,303,1,1,Full Withdrawal
CUST04277,71,Male,8,SME,Current,273538.25,2,1,38610.82,21311.55,38,56,80,2,1,0,0,71,1,316,0,0,None
CUST04278,45,Male,3,Retail,Current,86371.06,4,1,14203.3,9962.82,16,20,67,2,0,0,1,-5,1,512,0,0,None
CUST04279,23,Male,14,Retail,Savings,32804.59,4,1,6165.19,5544.6,33,42,91,3,1,0,1,98,1,390,1,0,None
CUST04280,56,Male,17,SME,Current,74364.2,3,1,10538.32,5971.51,27,48,53,3,1,0,1,32,0,116,0,0,None
CUST04281,49,Male,2,Retail,Savings,87200.69,2,1,9357.15,4768.17,12,18,57,2,0,0,1,78,1,190,0,0,None
CUST04282,40,Female,15,Retail,Current,53441.4,1,1,5745.56,3810.8,24,50,97,2,0,1,0,46,1,363,1,0,None
CUST04283,54,Female,6,SME,Current,188305.05,1,1,24837.5,12074.65,35,56,80,3,1,1,0,30,1,505,0,0,None
CUST04284,42,Male,5,SME,FD,375576.41,1,1,47355.13,26018.33,34,47,91,3,0,1,1,65,1,177,0,0,None
CUST04285,31,Female,14,Retail,Current,34804.33,1,1,4960.67,4676.16,18,44,49,2,0,1,0,40,0,12,0,0,None
CUST04286,67,Female,19,Retail,FD,17329.25,3,1,2088.97,1476.75,34,41,51,3,0,1,1,50,1,584,3,1,Full Withdrawal
CUST04287,66,Male,9,Retail,Savings,46530.34,4,1,2300.39,1911.97,3,32,77,3,1,1,0,83,0,621,0,0,None
CUST04288,30,Male,8,SME,Savings,262420.74,2,1,31521.07,16280.49,5,29,59,1,0,0,0,8,0,371,0,1,Partial Withdrawal
CUST04289,59,Male,3,HNI,Current,1089991.16,3,1,47529.42,32606.97,13,38,71,1,0,0,0,10,1,658,0,0,None
CUST04290,27,Male,18,Retail,Current,45628.14,1,1,3143.65,2140.17,30,41,86,2,0,1,0,69,0,198,0,0,None
CUST04291,63,Female,8,Retail,Current,18444.75,2,1,1881.15,1593.27,20,31,50,2,0,0,1,24,1,109,1,0,None
CUST04292,56,Female,16,SME,FD,455246.99,3,1,58366.91,24039.24,3,5,46,2,1,0,0,60,0,87,0,0,None
CUST04293,39,Male,15,Retail,Savings,81086.52,4,1,5641.26,4926.31,8,18,41,1,0,0,0,43,1,89,0,0,None
CUST04294,40,Male,21,Retail,Current,97606.03,1,1,8219.22,3647.5,23,42,55,3,0,1,1,95,0,301,1,0,None
CUST04295,26,Female,15,HNI,Savings,1977770.08,2,1,197527.33,178589.99,12,16,61,2,0,0,1,72,1,709,5,1,Partial Withdrawal
CUST04296,46,Female,16,Retail,Savings,17307.34,2,1,1238.42,592.66,34,36,57,3,0,1,1,91,1,382,2,0,None
CUST04297,32,Female,1,Retail,Savings,82017.09,1,1,16387.19,11351.92,21,32,68,3,1,1,0,15,1,659,1,1,Account Closure
CUST04298,31,Female,10,Retail,FD,71099.92,4,1,11998.4,5455.25,6,34,66,2,1,0,0,30,1,627,0,1,Account Closure
CUST04299,38,Male,19,Retail,Current,95627.27,1,1,16232.72,10485.61,5,9,28,1,0,0,0,71,1,484,4,1,Full Withdrawal
CUST04300,57,Female,5,SME,Savings,131108.75,4,1,17177.63,9698.55,15,34,80,1,0,0,0,1,1,556,0,0,None
CUST04301,47,Female,18,Retail,Current,38924.87,2,1,7544.1,4760.72,4,12,44,1,0,0,0,-6,0,114,0,0,None
CUST04302,52,Male,3,HNI,Savings,644332.58,1,1,101258.22,70857.3,19,27,40,3,1,0,1,15,0,291,0,1,Partial Withdrawal
CUST04303,53,Female,4,Retail,FD,56152.24,4,1,5218.82,3406.28,28,51,82,3,0,1,1,-6,1,683,1,1,Full Withdrawal
CUST04304,42,Male,4,Retail,Current,6511.04,4,1,896.47,370.01,5,16,39,2,0,0,1,27,1,249,0,0,None
CUST04305,39,Male,11,Retail,Savings,49998.56,3,1,6349.42,5555.1,4,33,44,2,1,0,0,71,1,128,0,0,None
CUST04306,39,Male,9,Retail,RD,5225.91,4,1,694.24,313.95,28,56,85,2,0,1,0,-5,1,585,1,1,Full Withdrawal
CUST04307,22,Male,1,Retail,Savings,75082.24,1,1,12826.77,12048.76,29,43,77,2,1,0,0,-10,1,728,0,0,None
CUST04308,35,Male,16,Retail,Current,58764.79,1,1,7141.68,6200.59,23,28,45,2,1,0,0,64,1,146,1,0,None
CUST04309,29,Male,9,Retail,Savings,15431.11,4,1,2416.24,1712.53,30,43,49,2,0,0,1,69,1,684,0,0,None
CUST04310,23,Male,11,Retail,Savings,82236.07,1,1,6586.74,3522.96,17,21,43,2,0,0,1,79,1,181,0,0,None
CUST04311,36,Male,6,SME,Current,485182.51,2,1,91762.53,41057.8,36,60,104,2,0,0,1,28,1,102,0,0,None
CUST04312,55,Male,17,SME,Savings,165385.77,2,1,8901.25,6849.59,20,37,49,3,0,1,1,38,1,673,1,0,None
CUST04313,57,Male,12,SME,FD,113968.54,1,1,22676.64,11583.91,31,43,67,3,1,0,1,71,1,724,0,0,None
CUST04314,22,Female,22,Retail,Savings,83099.87,4,1,11736.0,9427.19,16,20,33,2,0,0,1,89,1,407,0,0,None
CUST04315,42,Male,8,Retail,Savings,38771.25,2,1,4466.15,3831.42,6,32,49,2,1,0,0,26,0,306,0,1,Account Closure
CUST04316,63,Male,16,SME,Current,146574.98,4,1,13151.46,12414.07,32,59,84,4,1,1,1,79,0,683,0,0,None
CUST04317,22,Female,5,Retail,Savings,11602.82,1,1,1216.24,823.78,32,41,73,3,1,0,1,86,0,295,1,0,None
CUST04318,53,Female,21,Retail,Current,28166.61,3,1,4652.78,4355.33,10,18,66,1,0,0,0,-10,1,32,3,1,Account Closure
CUST04319,41,Female,1,SME,FD,207197.48,2,1,12910.32,6224.4,14,29,40,3,1,1,0,80,1,240,1,0,None
CUST04320,68,Male,17,SME,Current,387457.8,1,1,31163.08,26798.25,22,25,60,2,1,0,0,26,1,115,1,0,None
CUST04321,57,Male,24,Retail,Savings,34148.33,2,1,2041.95,1220.86,32,43,70,2,0,0,1,75,1,88,0,0,None
CUST04322,60,Female,21,Retail,Current,93922.51,4,1,10168.49,6107.67,2,6,23,2,0,1,0,8,1,525,5,1,Full Withdrawal
CUST04323,51,Male,8,SME,RD,426334.0,3,1,43467.15,23809.4,14,39,88,1,0,0,0,66,0,353,0,0,None
CUST04324,28,Male,10,Retail,Savings,85729.06,3,1,12328.32,6107.15,35,64,104,3,0,1,1,26,1,12,1,0,None
CUST04325,43,Male,18,SME,Current,152915.98,1,1,30478.38,19604.27,37,49,55,2,0,0,1,45,0,417,4,1,Account Closure
CUST04326,71,Female,15,SME,Savings,302637.06,2,1,55315.24,52162.7,17,37,75,2,0,0,1,56,0,637,0,0,None
CUST04327,66,Male,20,SME,FD,187961.67,3,1,33994.83,19766.26,11,20,29,3,0,1,1,80,0,142,3,0,None
CUST04328,31,Female,13,Retail,FD,93341.22,2,1,13377.04,8743.17,39,60,66,4,1,1,1,24,1,13,1,0,None
CUST04329,29,Female,10,Retail,FD,63795.12,4,1,5313.96,2793.43,35,41,79,1,0,0,0,62,0,688,2,0,None
CUST04330,48,Male,9,SME,RD,457191.58,4,1,46383.78,27153.81,26,36,42,2,0,0,1,73,0,61,1,0,None
CUST04331,31,Female,13,Retail,Savings,39800.7,1,1,3184.83,1370.52,2,16,40,1,0,0,0,15,0,319,1,1,Account Closure
CUST04332,35,Female,3,SME,Savings,393687.9,3,1,24256.47,22457.1,13,25,37,3,1,1,0,35,1,677,0,0,None
CUST04333,67,Female,22,Retail,Savings,91740.63,3,1,10069.91,6851.48,23,50,77,2,0,1,0,24,1,347,0,0,None
CUST04334,32,Male,23,Retail,Savings,76565.09,2,1,14057.78,11290.13,23,26,67,3,1,0,1,74,1,644,0,0,None
CUST04335,27,Female,3,SME,Current,198249.33,4,1,31524.53,21509.48,3,16,36,4,1,1,1,85,1,708,1,0,None
CUST04336,42,Male,1,SME,FD,135210.33,3,1,26714.05,22001.91,9,13,39,2,0,0,1,11,1,232,0,0,None
CUST04337,54,Female,2,HNI,Savings,684056.08,1,1,48684.78,33775.05,34,50,62,2,0,1,0,3,1,185,0,0,None
CUST04338,40,Male,11,SME,Current,127868.3,1,1,15355.33,12066.98,6,35,82,4,1,1,1,18,1,367,0,0,None
CUST04339,60,Male,14,Retail,FD,76949.34,3,1,12841.87,9973.52,11,40,87,2,0,1,0,47,1,272,2,0,None
CUST04340,45,Female,10,SME,Savings,124691.11,1,1,14174.11,9829.17,4,6,36,2,0,0,1,20,1,39,0,0,None
CUST04341,39,Female,7,SME,Savings,90993.74,3,1,8808.99,4640.78,12,37,81,2,0,0,1,6,1,594,0,0,None
CUST04342,56,Female,23,Retail,Current,71047.22,3,1,12116.53,6258.38,31,60,87,1,0,0,0,12,1,687,0,0,None
CUST04343,64,Male,1,Retail,Savings,77112.45,3,1,8393.64,7393.69,29,41,61,2,1,0,0,48,1,479,0,0,None
CUST04344,58,Male,7,Retail,RD,89367.97,3,1,16629.13,7755.45,6,32,57,3,0,1,1,25,0,218,2,1,Account Closure
CUST04345,40,Female,15,Retail,Savings,31846.25,2,1,2641.46,1869.05,13,24,68,2,0,0,1,78,1,23,0,0,None
CUST04346,45,Female,11,SME,FD,321288.18,3,1,58934.73,39863.11,30,56,89,2,1,0,0,71,1,632,0,0,None
CUST04347,55,Female,6,Retail,Current,99643.39,1,1,8425.22,7069.77,27,31,55,2,0,0,1,48,1,378,3,0,None
CUST04348,43,Male,22,Retail,Savings,24718.03,4,1,2133.91,1012.47,30,45,61,2,0,0,1,69,0,376,3,1,Full Withdrawal
CUST04349,25,Male,7,Retail,Savings,68220.67,2,1,7319.63,5694.77,30,52,93,2,1,0,0,-9,1,624,1,1,Account Closure
CUST04350,31,Female,7,Retail,Savings,95510.75,4,1,11702.92,8580.79,15,32,62,1,0,0,0,79,1,112,2,0,None
CUST04351,23,Female,1,Retail,Savings,90172.82,4,1,9640.92,7574.47,37,47,54,3,1,0,1,87,1,706,2,0,None
CUST04352,29,Male,10,Retail,Savings,47110.03,4,1,8382.94,6217.41,36,51,73,1,0,0,0,1,1,313,1,0,None
CUST04353,54,Female,21,HNI,Current,1572676.58,4,1,263094.72,186639.67,9,31,36,3,0,1,1,-1,1,166,0,0,None
CUST04354,59,Male,15,Retail,Current,55264.15,4,1,4950.46,4502.18,17,19,42,2,1,0,0,82,1,517,4,1,Full Withdrawal
CUST04355,64,Male,8,Retail,Current,37932.28,1,1,4621.79,2735.0,6,8,25,3,1,1,0,-9,0,208,0,1,Full Withdrawal
CUST04356,49,Male,24,Retail,Savings,18720.1,3,1,2039.83,1023.13,17,22,69,1,0,0,0,5,0,48,2,1,Full Withdrawal
CUST04357,31,Male,19,SME,Current,403361.91,1,1,19753.14,16542.73,14,38,75,3,0,1,1,25,1,553,0,0,None
CUST04358,66,Male,3,Retail,Savings,13591.96,2,1,2170.68,1023.11,9,33,67,2,1,0,0,95,1,179,1,0,None
CUST04359,22,Male,23,SME,RD,52437.33,1,1,3621.67,2802.62,27,51,77,3,1,1,0,38,1,37,2,0,None
CUST04360,55,Male,15,SME,RD,439310.57,2,1,83232.96,58451.02,6,29,60,2,1,0,0,25,0,149,1,0,None
CUST04361,24,Female,4,SME,FD,228691.35,3,1,23702.61,9497.77,10,12,29,1,0,0,0,75,0,392,1,1,Partial Withdrawal
CUST04362,30,Male,6,Retail,FD,17863.81,4,1,2493.1,1326.14,39,67,79,2,0,0,1,-5,1,206,0,1,Account Closure
CUST04363,26,Male,10,SME,Savings,228545.74,3,1,39064.84,26280.76,3,23,29,2,1,0,0,88,1,137,3,0,None
CUST04364,63,Male,18,Retail,Savings,48882.82,1,1,3365.46,1956.49,8,30,53,1,0,0,0,94,1,396,0,0,None
CUST04365,31,Male,16,HNI,FD,855407.81,1,1,108279.07,68734.52,31,44,72,1,0,0,0,90,0,537,3,1,Full Withdrawal
CUST04366,33,Female,18,Retail,Savings,6566.15,3,1,512.08,374.18,18,39,48,2,0,1,0,84,1,174,0,0,None
CUST04367,39,Male,6,Retail,Current,12077.8,3,1,1468.02,1177.28,32,60,72,2,0,0,1,94,1,226,1,0,None
CUST04368,42,Female,19,Retail,FD,21705.53,1,1,2880.54,1391.77,2,7,31,4,1,1,1,98,1,538,1,0,None
CUST04369,42,Female,17,Retail,Current,15814.62,3,1,1060.57,589.25,29,39,78,2,0,1,0,-9,1,254,0,1,Account Closure
CUST04370,22,Male,18,SME,Savings,282204.69,2,1,37513.74,28137.92,31,39,45,4,1,1,1,88,1,118,2,0,None
CUST04371,24,Male,13,Retail,Savings,70216.37,2,1,7919.37,5730.79,32,58,68,1,0,0,0,17,1,153,0,0,None
CUST04372,26,Male,7,Retail,Savings,9464.72,1,1,1169.08,941.42,25,40,60,3,0,1,1,-4,1,424,0,0,None
CUST04373,46,Male,20,Retail,FD,8597.23,1,1,1588.72,1195.16,32,56,96,3,1,0,1,10,1,160,3,1,Partial Withdrawal
CUST04374,70,Female,12,SME,Current,326804.74,3,1,38369.65,22315.13,12,39,45,4,1,1,1,51,1,62,0,0,None
CUST04375,29,Female,2,SME,RD,226518.93,3,1,26317.82,17753.47,17,21,39,3,0,1,1,97,0,29,2,0,None
CUST04376,38,Male,12,SME,FD,438294.66,4,1,50519.5,44790.99,10,26,68,3,1,0,1,78,1,98,0,0,None
CUST04377,30,Male,12,SME,Savings,343156.33,2,1,47937.86,24081.55,31,43,73,2,0,0,1,71,1,19,0,0,None
CUST04378,53,Male,24,Retail,Savings,69182.75,1,1,6835.45,4150.55,13,24,48,2,0,0,1,30,1,178,0,0,None
CUST04379,27,Female,4,Retail,Current,57592.41,1,1,9688.06,8360.32,17,38,71,4,1,1,1,98,1,326,0,0,None
CUST04380,70,Male,4,SME,RD,125290.43,1,1,10745.91,6450.84,34,50,58,2,0,1,0,32,1,660,4,1,Full Withdrawal
CUST04381,61,Male,18,Retail,Savings,84662.23,1,1,7444.13,4665.41,7,33,57,2,1,0,0,66,1,609,0,0,None
CUST04382,42,Male,16,Retail,FD,38267.52,4,1,5135.5,2955.85,2,20,48,3,0,1,1,-3,0,342,0,0,None
CUST04383,28,Female,14,Retail,Savings,42958.32,2,1,3504.64,3135.74,14,34,39,1,0,0,0,100,0,290,0,0,None
CUST04384,28,Female,17,Retail,Savings,79317.55,4,1,4314.19,3299.66,38,50,79,2,1,0,0,3,1,632,1,0,None
CUST04385,68,Male,17,Retail,RD,22773.63,2,1,1660.05,854.64,36,57,75,2,0,1,0,70,1,169,0,0,None
CUST04386,60,Male,3,SME,Savings,472428.84,1,1,87959.25,71449.19,27,44,83,3,1,1,0,66,0,293,1,0,None
CUST04387,48,Female,6,Retail,Current,91339.64,2,1,3809.97,1604.7,10,15,40,2,0,0,1,0,1,68,0,1,Full Withdrawal
CUST04388,29,Male,23,Retail,Savings,53020.43,1,1,3253.01,2010.44,18,26,66,2,0,1,0,-1,1,709,0,0,None
CUST04389,30,Female,13,Retail,FD,38205.08,4,1,6161.96,5548.06,39,51,78,2,0,0,1,70,1,704,0,0,None
CUST04390,49,Male,9,SME,FD,441367.29,2,1,86851.26,67690.31,36,57,81,3,1,0,1,18,1,332,2,0,None
CUST04391,36,Female,21,Retail,FD,7498.02,3,1,1125.53,941.17,26,53,83,3,1,0,1,97,0,609,2,0,None
CUST04392,23,Male,9,SME,Savings,298528.97,2,1,55996.13,51080.98,8,33,64,4,1,1,1,44,1,51,1,0,None
CUST04393,28,Female,8,SME,Savings,419230.8,1,1,74135.82,61236.44,32,50,95,1,0,0,0,-9,1,59,0,1,Full Withdrawal
CUST04394,68,Female,17,Retail,Current,75093.92,3,1,8770.61,3935.56,33,53,71,3,0,1,1,-10,1,639,1,1,Account Closure
CUST04395,39,Female,16,HNI,Savings,1574022.89,1,1,146956.63,77424.59,20,47,87,4,1,1,1,36,1,172,0,0,None
CUST04396,43,Female,16,HNI,Current,1772124.92,3,1,250149.71,168850.26,18,29,37,1,0,0,0,80,1,605,0,0,None
CUST04397,71,Female,19,SME,Current,417674.16,3,1,52363.2,21344.38,7,23,53,2,0,1,0,72,1,478,0,0,None
CUST04398,31,Male,24,SME,Savings,342636.22,2,1,15121.46,11243.24,26,33,81,2,0,0,1,7,0,93,0,0,None
CUST04399,71,Female,16,Retail,FD,35230.97,2,1,6805.48,5182.27,34,48,92,4,1,1,1,24,1,685,3,1,Full Withdrawal
CUST04400,54,Female,14,Retail,FD,22757.39,3,1,2986.67,2338.7,20,24,44,2,0,0,1,62,1,180,0,0,None
CUST04401,28,Male,20,Retail,RD,82592.67,3,1,14859.96,10485.91,16,25,72,3,1,0,1,51,0,529,3,0,None
CUST04402,24,Female,14,Retail,Savings,44163.76,3,1,6957.6,4514.15,36,44,87,2,0,0,1,14,1,547,0,0,None
CUST04403,35,Female,14,HNI,Savings,943194.4,1,1,89163.26,77621.21,33,39,63,2,1,0,0,75,0,13,2,0,None
CUST04404,65,Male,14,Retail,Savings,8142.97,2,1,1499.82,1232.9,39,58,86,3,1,1,0,66,1,46,2,0,None
CUST04405,67,Male,12,SME,Savings,197245.54,1,1,32834.99,24192.73,37,65,79,4,1,1,1,96,1,4,0,0,None
CUST04406,57,Male,6,SME,Savings,359908.03,2,1,39145.99,16649.08,33,55,61,3,0,1,1,18,1,193,0,0,None
CUST04407,34,Male,20,SME,RD,163791.04,4,1,28577.69,22338.06,33,50,99,3,1,0,1,75,1,486,3,1,Partial Withdrawal
CUST04408,37,Male,13,HNI,Savings,1571160.81,1,1,131110.81,92693.84,37,47,60,4,1,1,1,69,0,43,1,0,None
CUST04409,37,Male,16,Retail,Savings,16126.04,2,1,2375.52,1856.28,35,47,69,2,0,0,1,8,1,89,0,0,None
CUST04410,26,Male,9,Retail,Savings,33110.55,3,1,1931.44,1103.38,11,33,79,3,1,1,0,61,1,450,0,0,None
CUST04411,46,Male,2,Retail,Savings,73726.81,3,1,13161.92,10889.41,34,63,97,3,1,1,0,65,1,307,2,0,None
CUST04412,59,Female,22,Retail,Savings,27056.87,2,1,4240.06,2670.67,11,31,38,4,1,1,1,55,1,342,0,0,None
CUST04413,59,Male,3,Retail,Current,85576.53,3,1,5512.06,4916.52,36,51,84,3,1,1,0,58,1,338,2,1,Full Withdrawal
CUST04414,71,Male,10,Retail,Savings,34637.49,3,1,1503.74,687.52,23,31,42,2,0,1,0,67,1,184,1,0,None
CUST04415,59,Male,20,SME,Savings,145833.02,4,1,14930.22,9951.02,24,37,66,3,1,1,0,69,1,54,1,0,None
CUST04416,60,Male,2,Retail,Savings,14475.62,4,1,2143.02,1099.7,8,28,56,2,1,0,0,87,1,144,0,0,None
CUST04417,69,Female,24,Retail,Current,19029.14,4,1,1623.25,1054.15,22,31,78,1,0,0,0,95,0,224,0,0,None
CUST04418,62,Female,10,SME,Savings,101547.9,1,1,19875.04,11817.11,2,24,34,2,0,0,1,-1,1,323,1,1,Partial Withdrawal
CUST04419,47,Female,8,Retail,Savings,9646.34,4,1,1828.45,1539.35,14,20,39,3,1,1,0,61,1,610,1,0,None
CUST04420,34,Male,17,Retail,RD,23338.07,4,1,3166.29,1557.63,10,17,36,2,0,0,1,97,1,493,0,0,None
CUST04421,65,Female,22,SME,Savings,108727.28,4,1,9839.37,7175.8,21,33,77,2,0,1,0,14,1,444,0,0,None
CUST04422,47,Male,1,Retail,Current,41096.41,2,1,7537.21,4699.95,11,38,69,3,1,0,1,16,1,494,3,1,Account Closure
CUST04423,22,Male,6,SME,FD,306402.71,3,1,51645.81,35374.35,27,50,75,2,1,0,0,50,1,300,1,1,Account Closure
CUST04424,29,Male,7,Retail,Savings,12642.81,2,1,679.99,539.18,2,6,55,2,0,0,1,-1,1,548,2,0,None
CUST04425,25,Male,15,SME,FD,190013.54,4,1,22081.79,13169.7,18,30,66,1,0,0,0,25,0,9,0,0,None
CUST04426,42,Male,18,Retail,RD,75807.93,1,1,14933.74,8988.31,18,42,78,1,0,0,0,28,1,135,0,0,None
CUST04427,43,Male,9,Retail,Savings,53459.46,2,1,6020.86,2662.67,13,39,55,3,1,0,1,-4,1,543,1,1,Account Closure
CUST04428,58,Female,8,Retail,FD,94946.38,4,1,17970.06,12643.22,16,29,77,3,1,1,0,4,1,310,0,0,None
CUST04429,70,Male,10,SME,Savings,356517.38,1,1,70008.0,44055.85,2,4,17,2,1,0,0,2,1,196,0,0,None
CUST04430,24,Male,4,Retail,Savings,24695.2,1,1,2518.35,2132.44,33,38,62,3,1,0,1,22,1,326,1,0,None
CUST04431,40,Male,20,Retail,FD,31628.46,1,1,6146.34,3943.46,12,33,52,1,0,0,0,88,1,715,3,0,None
CUST04432,22,Female,8,HNI,RD,425379.97,3,1,26403.54,24659.28,6,8,25,2,0,1,0,55,1,616,0,0,None
CUST04433,50,Male,1,SME,Current,193475.72,1,1,12695.7,6277.8,19,26,38,2,1,0,0,93,0,717,2,1,Full Withdrawal
CUST04434,44,Female,8,Retail,Savings,47309.56,4,1,3985.69,2179.71,19,22,47,3,1,0,1,0,1,329,0,0,None
CUST04435,54,Female,23,SME,Current,85186.24,2,1,9780.15,6020.2,24,52,101,2,0,0,1,10,1,563,0,0,None
CUST04436,62,Male,12,Retail,Current,19996.46,2,1,1379.04,680.88,8,22,51,3,0,1,1,67,1,382,0,0,None
CUST04437,44,Male,23,Retail,Savings,87906.28,4,1,8300.85,7759.42,27,44,83,2,0,1,0,78,1,658,1,0,None
CUST04438,26,Male,15,Retail,RD,70800.06,3,1,4006.19,3014.77,2,14,58,3,0,1,1,12,1,26,1,1,Account Closure
CUST04439,28,Female,13,HNI,Savings,1972153.0,3,1,214572.81,87150.78,29,44,78,2,1,0,0,33,0,471,0,0,None
CUST04440,27,Male,16,HNI,Savings,837725.62,1,1,144421.01,103720.34,21,28,63,3,1,0,1,54,1,727,1,0,None
CUST04441,70,Male,23,Retail,Savings,91018.49,4,1,12306.48,10210.53,24,41,51,1,0,0,0,59,1,51,3,1,Partial Withdrawal
CUST04442,43,Male,18,Retail,Savings,9700.65,1,1,1645.48,704.62,33,51,66,2,0,0,1,25,1,190,0,0,None
CUST04443,70,Female,1,Retail,Current,16335.84,1,1,1008.15,723.71,39,50,96,1,0,0,0,51,1,389,1,0,None
CUST04444,34,Male,17,HNI,Savings,1933762.78,4,1,200936.76,121741.87,19,41,53,3,0,1,1,71,1,138,0,0,None
CUST04445,33,Male,16,HNI,FD,1979717.83,3,1,91644.53,65966.86,34,57,69,2,0,1,0,31,1,431,1,1,Account Closure
CUST04446,25,Female,23,Retail,Savings,25704.67,3,1,2549.82,1374.18,26,53,96,3,1,0,1,90,1,40,2,0,None
CUST04447,29,Female,5,SME,Savings,476474.3,2,1,65905.75,50504.18,33,47,63,2,1,0,0,58,1,723,1,0,None
CUST04448,58,Female,20,SME,FD,202055.2,4,1,26473.08,20363.97,29,43,50,2,0,0,1,41,0,403,0,0,None
CUST04449,52,Male,21,Retail,Savings,84582.43,1,1,4199.66,2926.02,14,17,64,3,1,0,1,-10,0,165,2,1,Account Closure
CUST04450,58,Female,10,Retail,Current,57782.5,4,1,2885.05,2619.81,20,22,71,2,1,0,0,19,1,204,4,1,Full Withdrawal
CUST04451,66,Female,6,Retail,FD,80635.94,1,1,7161.34,6446.74,4,28,48,2,1,0,0,-10,0,488,0,1,Full Withdrawal
CUST04452,47,Male,12,SME,Current,181142.95,2,1,29603.08,12615.18,28,30,75,2,0,0,1,37,1,341,1,0,None
CUST04453,64,Female,10,SME,Current,58920.37,2,1,2550.8,1427.02,18,26,57,4,1,1,1,3,1,183,0,0,None
CUST04454,29,Male,22,Retail,FD,68380.08,2,1,9473.95,5687.61,30,44,64,4,1,1,1,81,0,637,0,0,None
CUST04455,61,Female,17,HNI,RD,661041.97,2,1,45871.21,19742.86,34,52,61,2,1,0,0,20,1,340,1,1,Partial Withdrawal
CUST04456,54,Male,2,Retail,Savings,38473.88,1,1,7352.0,5058.18,29,39,83,1,0,0,0,51,1,122,4,1,Full Withdrawal
CUST04457,66,Female,19,Retail,Current,94032.48,3,1,10233.97,4231.95,21,35,51,1,0,0,0,76,0,178,2,0,None
CUST04458,50,Male,20,SME,Savings,310179.02,1,1,14783.57,11426.78,35,52,59,4,1,1,1,95,0,300,0,0,None
CUST04459,26,Female,6,SME,Savings,217249.95,2,1,33496.07,13447.96,17,23,62,3,1,1,0,20,1,325,0,0,None
CUST04460,49,Male,13,Retail,Savings,43409.28,3,1,5102.22,2130.51,3,26,75,2,1,0,0,-4,1,648,1,1,Full Withdrawal
CUST04461,61,Female,9,Retail,RD,77882.48,4,1,14096.61,12102.85,29,37,44,2,0,1,0,9,1,545,1,0,None
CUST04462,38,Female,12,Retail,Current,91628.4,1,1,13221.25,7125.4,18,20,55,3,1,0,1,73,1,30,0,0,None
CUST04463,44,Male,18,Retail,Savings,49232.68,4,1,7424.49,3301.49,21,30,58,3,1,0,1,20,1,604,0,0,None
CUST04464,66,Female,8,Retail,Savings,54982.85,2,1,8949.1,5545.82,19,26,71,2,0,1,0,-2,0,488,1,1,Full Withdrawal
CUST04465,30,Female,18,Retail,RD,36382.58,4,1,3902.28,1670.26,29,42,75,2,0,0,1,0,1,722,0,0,None
CUST04466,23,Male,23,SME,Savings,371323.95,3,1,61939.64,50339.93,29,32,69,1,0,0,0,-5,1,507,0,0,None
CUST04467,53,Male,22,Retail,Savings,66985.71,3,1,3221.99,2164.47,17,19,61,1,0,0,0,32,1,122,0,0,None
CUST04468,70,Male,2,SME,FD,103079.37,3,1,16748.79,11783.83,34,50,70,4,1,1,1,48,1,394,0,0,None
CUST04469,52,Male,8,SME,Current,77690.11,1,1,11017.18,8969.71,22,40,77,2,0,0,1,99,0,168,0,0,None
CUST04470,28,Male,10,Retail,Savings,38201.92,4,1,4991.71,4150.37,6,27,41,2,1,0,0,7,0,269,2,1,Full Withdrawal
CUST04471,51,Male,9,Retail,Savings,19345.36,4,1,1758.57,835.22,38,42,76,2,0,1,0,18,0,683,0,0,None
CUST04472,24,Male,24,SME,RD,204391.62,4,1,11907.45,6598.56,19,47,85,1,0,0,0,-10,1,55,0,0,None
CUST04473,30,Male,18,Retail,RD,21586.94,2,1,3098.85,1538.94,6,13,52,4,1,1,1,33,0,488,2,0,None
CUST04474,31,Male,8,SME,Savings,490377.3,1,1,56622.57,24331.92,12,29,40,2,0,0,1,22,1,435,4,1,Account Closure
CUST04475,67,Female,19,SME,Savings,295638.71,1,1,22130.09,15394.46,23,34,44,2,0,0,1,56,0,87,0,0,None
CUST04476,71,Female,3,SME,Savings,264494.77,4,1,12415.03,6671.71,24,38,57,1,0,0,0,27,0,631,2,1,Full Withdrawal
CUST04477,68,Male,9,HNI,Current,669824.17,1,1,84533.44,40972.47,27,36,72,3,1,0,1,98,0,54,0,0,None
CUST04478,47,Female,13,Retail,FD,19511.49,4,1,1174.74,799.51,28,46,52,1,0,0,0,90,1,23,1,0,None
CUST04479,22,Female,9,Retail,Savings,46255.13,4,1,8728.67,6535.23,4,33,69,1,0,0,0,30,1,425,1,0,None
CUST04480,51,Female,20,Retail,FD,12630.89,4,1,809.65,667.68,3,11,43,2,0,1,0,5,0,255,0,0,None
CUST04481,59,Male,12,Retail,Current,45576.03,3,1,2056.58,842.42,18,43,68,1,0,0,0,27,1,132,3,1,Full Withdrawal
CUST04482,36,Male,23,Retail,FD,37291.65,2,1,3055.22,2106.44,4,10,31,3,1,0,1,52,1,12,0,0,None
CUST04483,46,Female,13,Retail,RD,37135.22,1,1,2524.94,1380.86,4,13,36,1,0,0,0,88,1,411,0,0,None
CUST04484,27,Female,8,HNI,Savings,717848.49,2,1,119592.21,113059.47,17,45,63,3,1,1,0,79,1,14,1,0,None
CUST04485,39,Female,15,Retail,Savings,78057.17,3,1,6735.93,3275.78,13,15,53,3,1,0,1,89,0,16,2,0,None
CUST04486,22,Female,13,Retail,Current,38819.86,1,1,3076.03,1971.17,2,5,29,3,1,1,0,74,0,93,0,0,None
CUST04487,24,Male,21,Retail,FD,29891.4,4,1,5953.45,5557.63,5,10,35,1,0,0,0,89,1,396,1,0,None
CUST04488,38,Male,13,Retail,Savings,51963.2,2,1,3326.16,1720.3,18,20,27,2,0,0,1,72,1,437,0,0,None
CUST04489,69,Male,17,Retail,FD,79833.31,3,1,4279.05,3610.64,20,42,60,1,0,0,0,-2,1,271,0,0,None
CUST04490,29,Male,15,Retail,Savings,66234.43,1,1,5888.23,3142.38,5,16,41,3,1,1,0,16,1,1,0,0,None
CUST04491,70,Female,22,Retail,Savings,8610.13,1,1,902.47,398.35,21,25,56,1,0,0,0,20,1,352,5,1,Full Withdrawal
CUST04492,61,Male,19,Retail,Savings,50593.3,2,1,8179.31,3464.06,5,8,19,1,0,0,0,4,0,601,0,0,None
CUST04493,38,Male,3,SME,RD,255026.02,2,1,49187.13,45341.01,18,26,72,4,1,1,1,85,1,76,2,0,None
CUST04494,46,Female,14,SME,Current,425788.47,1,1,69057.93,35709.26,16,19,52,2,0,1,0,18,1,700,0,0,None
CUST04495,62,Male,10,SME,Savings,169019.85,1,1,26411.41,14805.58,29,55,68,4,1,1,1,-2,1,134,1,1,Full Withdrawal
CUST04496,33,Female,17,Retail,RD,32303.64,3,1,6416.53,5978.93,17,24,68,4,1,1,1,33,0,703,5,1,Partial Withdrawal
CUST04497,50,Female,8,SME,FD,299732.57,4,1,48694.01,37083.66,7,16,35,2,1,0,0,90,1,223,0,0,None
CUST04498,46,Female,18,SME,FD,279246.68,4,1,17404.14,11634.14,29,33,81,3,1,0,1,70,0,122,2,0,None
CUST04499,57,Male,12,Retail,Savings,28466.3,3,1,3240.74,2072.39,33,55,87,1,0,0,0,49,1,521,0,0,None
CUST04500,46,Male,17,SME,Savings,348269.64,1,1,41987.65,17916.56,18,38,80,1,0,0,0,67,1,308,1,0,None
CUST04501,50,Male,23,Retail,Current,18137.25,2,1,1610.04,1386.92,26,36,55,2,0,1,0,28,0,473,0,0,None
CUST04502,32,Male,11,SME,FD,329900.48,2,1,21867.15,17911.82,18,20,39,4,1,1,1,40,1,724,1,0,None
CUST04503,25,Male,9,HNI,Current,1360929.28,1,1,209417.74,94213.62,16,25,59,3,1,1,0,29,1,79,0,0,None
CUST04504,35,Female,22,Retail,Current,59627.38,3,1,5032.5,2991.33,19,26,62,3,0,1,1,52,1,128,0,0,None
CUST04505,67,Male,24,SME,FD,459323.68,1,1,64279.96,57014.75,21,45,89,2,0,1,0,-5,1,676,0,1,Full Withdrawal
CUST04506,59,Female,24,Retail,Savings,50412.92,2,1,4618.55,2448.03,24,27,43,1,0,0,0,27,0,410,2,1,Account Closure
CUST04507,38,Male,23,HNI,Current,1317749.74,1,1,159444.84,117379.88,6,30,54,2,1,0,0,21,1,681,0,0,None
CUST04508,23,Female,15,Retail,Savings,11514.84,1,1,1081.57,722.88,13,28,59,3,0,1,1,-5,1,523,0,0,None
CUST04509,29,Female,9,SME,Savings,75859.2,3,1,8032.08,6828.77,18,20,26,2,0,0,1,43,1,63,0,0,None
CUST04510,57,Male,12,Retail,Savings,57969.5,4,1,9108.78,3824.13,31,39,84,3,1,0,1,40,0,411,0,0,None
CUST04511,31,Male,11,Retail,FD,68181.77,2,1,12368.99,10499.8,20,32,58,2,0,0,1,85,1,39,0,0,None
CUST04512,28,Female,17,Retail,FD,10309.27,2,1,1251.54,594.04,33,50,80,1,0,0,0,87,1,629,0,0,None
CUST04513,57,Female,6,HNI,Savings,1262225.81,1,1,173732.97,70933.41,17,42,86,3,1,0,1,23,1,139,5,1,Account Closure
CUST04514,37,Female,8,SME,Savings,148448.98,2,1,26469.28,19257.07,3,6,18,4,1,1,1,65,1,415,2,0,None
CUST04515,35,Male,10,SME,Savings,179827.86,2,1,11313.97,6135.03,13,40,80,3,1,1,0,-2,0,587,5,1,Full Withdrawal
CUST04516,37,Male,15,HNI,RD,887994.04,4,1,58564.7,46272.12,4,23,53,3,1,1,0,-6,1,621,1,0,None
CUST04517,46,Female,4,Retail,Current,51822.46,2,1,5051.55,3325.84,9,29,70,1,0,0,0,70,1,648,3,0,None
CUST04518,62,Female,18,Retail,RD,92795.86,2,1,8300.68,6084.72,38,49,70,2,1,0,0,81,1,83,0,0,None
CUST04519,25,Male,11,Retail,FD,21061.96,3,1,4166.47,3247.09,25,30,41,2,1,0,0,50,1,480,0,0,None
CUST04520,50,Female,9,Retail,Savings,99208.08,3,1,12922.32,11756.86,26,51,56,2,0,0,1,75,1,218,5,1,Full Withdrawal
CUST04521,27,Male,9,Retail,Savings,73097.81,3,1,9051.34,7718.17,26,55,86,3,1,1,0,-5,1,171,0,0,None
CUST04522,22,Male,8,Retail,Current,14345.9,3,1,1902.19,1278.86,15,19,65,2,0,0,1,39,1,546,0,0,None
CUST04523,60,Male,3,Retail,Savings,55976.19,3,1,10077.1,6458.5,37,51,81,2,0,1,0,21,1,559,1,1,Full Withdrawal
CUST04524,22,Male,21,Retail,Savings,72533.26,4,1,5727.78,4353.52,16,23,59,2,0,0,1,8,1,272,0,0,None
CUST04525,61,Male,18,Retail,Savings,63237.11,2,1,7699.42,6186.05,33,44,62,2,1,0,0,47,1,163,0,0,None
CUST04526,24,Male,14,Retail,Current,45275.19,1,1,3773.87,1867.91,3,31,54,2,0,0,1,37,1,228,3,1,Full Withdrawal
CUST04527,22,Male,3,HNI,Current,582122.65,4,1,95987.49,40112.07,22,31,44,3,1,1,0,98,1,343,0,0,None
CUST04528,22,Female,17,SME,Savings,440351.42,1,1,72366.67,47042.61,5,16,63,2,1,0,0,6,0,125,1,0,None
CUST04529,60,Female,4,HNI,Current,1483803.64,3,1,286654.18,130341.43,30,33,81,3,1,0,1,49,1,304,1,0,None
CUST04530,42,Female,21,Retail,Savings,27300.37,2,1,3043.76,1674.08,30,51,56,3,1,1,0,-1,1,260,0,0,None
CUST04531,66,Female,18,Retail,FD,96428.48,3,1,6304.9,4549.66,24,40,65,2,0,0,1,68,1,60,0,0,None
CUST04532,51,Male,15,SME,FD,63414.02,4,1,11631.76,5621.61,4,6,30,4,1,1,1,39,1,467,1,0,None
CUST04533,53,Female,19,Retail,Savings,41506.96,1,1,7574.87,3148.66,22,34,71,2,1,0,0,92,1,490,3,0,None
CUST04534,54,Female,22,Retail,Current,6170.73,2,1,478.52,337.37,17,42,79,1,0,0,0,27,1,33,1,0,None
CUST04535,69,Male,6,Retail,Current,90798.67,4,1,7645.54,5018.72,21,23,45,2,0,1,0,74,1,432,0,0,None
CUST04536,43,Male,15,Retail,Savings,14913.41,4,1,1344.39,764.24,36,65,110,2,0,0,1,29,0,566,0,0,None
CUST04537,51,Male,7,Retail,Savings,38946.28,2,1,4372.89,2876.63,6,32,53,1,0,0,0,-8,1,692,1,1,Full Withdrawal
CUST04538,67,Female,12,Retail,RD,85039.23,2,1,14681.76,11392.13,27,50,67,3,0,1,1,83,1,421,1,0,None
CUST04539,25,Male,16,SME,Savings,240393.28,4,1,15168.62,6976.81,8,25,72,3,1,0,1,68,1,136,0,0,None
CUST04540,44,Female,9,Retail,Current,84942.6,1,1,12916.59,6983.09,17,30,43,4,1,1,1,80,1,159,0,0,None
CUST04541,65,Female,20,Retail,FD,91840.22,1,1,8857.81,7416.01,18,31,36,3,1,1,0,20,1,35,3,1,Partial Withdrawal
CUST04542,46,Female,5,SME,Savings,457364.14,4,1,32612.86,25065.18,3,23,50,3,1,0,1,5,1,439,0,0,None
CUST04543,33,Female,11,Retail,Savings,78197.42,4,1,7362.3,4023.05,13,27,71,2,1,0,0,17,1,729,5,1,Partial Withdrawal
CUST04544,38,Female,2,Retail,FD,60330.25,3,1,7560.84,4680.03,14,23,61,1,0,0,0,34,1,153,0,0,None
CUST04545,36,Male,22,SME,Savings,231479.14,3,1,43385.27,20211.56,6,9,49,3,1,0,1,93,1,367,0,0,None
CUST04546,31,Male,16,Retail,Current,6227.36,1,1,875.09,471.87,17,45,94,2,1,0,0,26,1,366,1,0,None
CUST04547,56,Female,4,Retail,FD,73644.18,3,1,10099.05,8711.78,29,49,67,2,0,1,0,32,0,515,0,0,None
CUST04548,50,Male,5,Retail,FD,26534.29,1,1,1523.03,978.13,9,24,49,1,0,0,0,62,0,21,4,1,Full Withdrawal
CUST04549,33,Male,7,Retail,RD,83726.25,2,1,4418.08,3323.11,29,53,100,3,1,0,1,62,1,570,0,0,None
CUST04550,22,Male,6,Retail,FD,57611.39,3,1,3497.83,1706.44,9,37,84,2,0,0,1,65,1,679,1,0,None
CUST04551,22,Female,24,SME,Current,481624.04,1,1,26627.69,13335.63,30,32,57,2,1,0,0,17,1,292,0,0,None
CUST04552,31,Male,22,Retail,FD,24975.98,1,1,3302.28,3029.86,19,45,77,2,1,0,0,60,1,46,0,0,None
CUST04553,39,Female,10,Retail,RD,73729.21,4,1,8288.52,7151.24,17,44,80,2,0,1,0,49,1,233,1,0,None
CUST04554,68,Male,14,Retail,RD,57015.71,1,1,2326.17,1941.61,27,37,71,2,0,0,1,53,0,650,2,0,None
CUST04555,23,Male,8,Retail,FD,93521.65,3,1,8994.04,5228.01,23,43,87,2,1,0,0,49,1,664,2,1,Partial Withdrawal
CUST04556,70,Female,14,Retail,Savings,30269.4,4,1,1827.61,1296.72,16,31,47,4,1,1,1,88,1,394,0,0,None
CUST04557,29,Male,14,Retail,FD,10646.57,4,1,2109.08,1414.74,14,19,52,2,0,0,1,25,0,95,4,1,Full Withdrawal
CUST04558,43,Female,20,Retail,Savings,56667.24,3,1,6438.83,5961.89,23,26,31,4,1,1,1,36,1,495,2,1,Account Closure
CUST04559,43,Female,23,Retail,Savings,54553.24,2,1,5901.58,3138.45,22,33,63,2,0,0,1,27,1,570,0,0,None
CUST04560,47,Female,3,Retail,Savings,34612.19,3,1,4951.89,4560.58,25,53,73,2,0,1,0,54,0,668,0,0,None
CUST04561,47,Male,1,Retail,RD,98721.09,3,1,9589.27,7563.71,2,18,40,2,1,0,0,23,1,432,0,0,None
CUST04562,30,Female,9,SME,Savings,58283.85,4,1,9003.83,5650.18,30,32,69,2,1,0,0,11,1,531,2,1,Account Closure
CUST04563,42,Female,9,Retail,FD,59104.41,3,1,10920.54,5968.02,2,14,60,3,0,1,1,83,1,232,3,0,None
CUST04564,52,Female,22,Retail,Current,29720.61,2,1,3561.23,2907.9,2,19,66,1,0,0,0,73,1,400,1,0,None
CUST04565,64,Male,2,Retail,Savings,5181.64,2,1,524.73,447.39,10,24,51,3,1,0,1,40,1,224,0,0,None
CUST04566,27,Male,16,SME,Current,86404.19,2,1,10671.22,6366.88,22,31,40,2,0,0,1,61,1,70,0,0,None
CUST04567,35,Female,8,Retail,Current,50753.22,4,1,6931.29,3427.76,15,43,68,2,0,0,1,34,1,435,0,0,None
CUST04568,54,Female,6,SME,FD,183618.07,3,1,32249.29,21630.71,29,39,44,2,1,0,0,60,1,330,0,0,None
CUST04569,28,Male,23,SME,Savings,114776.03,1,1,11835.33,7783.82,19,35,70,3,0,1,1,-9,1,443,1,1,Full Withdrawal
CUST04570,45,Male,13,SME,Savings,279678.45,3,1,13488.62,10777.02,34,60,82,3,1,0,1,47,1,712,0,0,None
CUST04571,30,Male,1,Retail,Current,48606.64,2,1,6849.52,6406.03,3,30,55,2,0,0,1,83,1,617,0,0,None
CUST04572,32,Male,19,Retail,Savings,90113.0,3,1,17833.41,12344.38,35,41,52,2,1,0,0,1,1,679,0,1,Account Closure
CUST04573,44,Male,15,SME,Savings,420769.55,4,1,74340.67,59654.34,25,47,52,3,1,0,1,89,0,222,1,0,None
CUST04574,69,Male,1,HNI,Savings,1404391.35,3,1,226557.76,134307.7,20,42,69,3,1,0,1,95,1,8,2,0,None
CUST04575,23,Female,10,SME,Current,455243.26,4,1,31065.94,22670.87,3,26,57,4,1,1,1,91,1,93,0,0,None
CUST04576,36,Male,1,Retail,Savings,47568.08,1,1,7600.38,3522.25,7,28,34,3,1,0,1,16,1,515,0,1,Full Withdrawal
CUST04577,56,Female,12,Retail,Current,98717.52,1,1,5235.61,4440.92,16,35,73,3,0,1,1,87,1,435,0,0,None
CUST04578,57,Male,11,Retail,RD,59457.86,4,1,7077.08,4171.08,12,15,35,2,0,0,1,27,1,460,0,0,None
CUST04579,49,Male,17,SME,FD,439224.98,3,1,43634.35,19374.64,17,46,90,2,0,0,1,64,1,445,2,0,None
CUST04580,60,Male,4,Retail,Savings,30017.58,2,1,5548.62,5242.38,22,45,59,2,1,0,0,9,0,615,0,1,Account Closure
CUST04581,65,Male,23,Retail,Current,95812.47,4,1,6282.78,5629.27,28,34,58,1,0,0,0,83,1,49,2,0,None
CUST04582,25,Female,7,SME,Savings,286768.29,3,1,47667.08,24242.92,23,44,85,3,1,1,0,32,1,143,2,0,None
CUST04583,31,Female,12,Retail,Savings,93373.3,3,1,4459.69,2674.75,4,21,50,3,1,0,1,21,0,686,2,1,Full Withdrawal
CUST04584,27,Male,13,SME,Savings,56622.35,3,1,8622.49,7891.26,4,21,29,2,1,0,0,79,1,379,1,0,None
CUST04585,51,Male,5,Retail,Savings,11398.84,2,1,991.75,831.07,22,45,81,3,0,1,1,12,1,584,0,1,Account Closure
CUST04586,67,Male,6,Retail,Current,62460.44,2,1,12251.37,11008.18,7,12,61,2,1,0,0,30,1,104,0,0,None
CUST04587,56,Female,2,Retail,RD,79598.18,2,1,11739.06,8327.72,26,53,85,4,1,1,1,77,1,123,0,0,None
CUST04588,70,Female,21,SME,RD,266319.87,4,1,23815.62,12710.73,38,59,103,2,0,0,1,-9,1,672,0,0,None
CUST04589,64,Male,7,Retail,Savings,13726.44,4,1,1066.32,559.69,31,54,71,2,0,0,1,51,0,31,1,0,None
CUST04590,31,Female,14,Retail,Current,83792.99,2,1,11922.85,8216.26,21,33,42,3,1,0,1,94,0,166,1,0,None
CUST04591,53,Female,22,HNI,Savings,1672175.45,4,1,139855.52,127016.78,2,23,44,2,1,0,0,85,1,432,0,0,None
CUST04592,63,Male,14,Retail,Current,30008.76,2,1,2097.28,1567.45,36,53,64,2,0,0,1,42,1,397,0,0,None
CUST04593,63,Male,10,Retail,Savings,11731.27,4,1,1684.93,705.84,27,53,67,2,1,0,0,46,1,507,0,0,None
CUST04594,24,Female,4,Retail,RD,65816.33,3,1,10259.84,7266.65,22,46,77,1,0,0,0,37,1,128,5,1,Account Closure
CUST04595,47,Female,3,Retail,FD,9018.68,2,1,704.22,517.35,11,24,63,2,1,0,0,68,0,698,3,1,Full Withdrawal
CUST04596,36,Male,23,Retail,Savings,80153.92,4,1,10078.52,7255.08,30,37,64,1,0,0,0,-5,1,239,1,0,None
CUST04597,38,Male,14,Retail,FD,78221.44,3,1,11434.47,8919.94,4,21,41,3,0,1,1,5,1,554,2,1,Account Closure
CUST04598,48,Male,6,Retail,Current,35679.56,3,1,6804.33,3820.17,14,34,65,4,1,1,1,0,1,169,1,0,None
CUST04599,39,Male,23,Retail,Current,49867.3,4,1,8405.1,4026.64,10,22,41,1,0,0,0,98,1,250,2,0,None
CUST04600,40,Female,15,SME,Current,144210.37,3,1,15478.15,12576.41,17,30,40,2,0,0,1,35,1,399,3,1,Full Withdrawal
CUST04601,33,Male,8,Retail,Current,96116.77,1,1,16830.54,8549.82,29,34,80,2,0,1,0,62,1,410,3,1,Full Withdrawal
CUST04602,45,Female,5,Retail,FD,54414.35,2,1,6022.09,2786.95,29,43,86,3,0,1,1,46,0,652,1,0,None
CUST04603,26,Female,3,Retail,FD,99684.58,2,1,6062.84,3623.5,12,15,43,2,0,0,1,56,1,729,4,1,Account Closure
CUST04604,45,Male,3,Retail,Current,35885.05,3,1,3393.87,2911.99,31,51,78,3,0,1,1,-4,1,659,0,0,None
CUST04605,48,Male,13,Retail,FD,55016.73,4,1,9284.39,4133.04,12,24,33,1,0,0,0,41,0,457,0,0,None
CUST04606,69,Male,2,Retail,RD,15983.48,1,1,3083.67,1565.14,30,32,43,3,1,1,0,41,0,99,0,0,None
CUST04607,51,Female,24,SME,Savings,291453.58,4,1,57525.18,38046.73,13,23,49,1,0,0,0,19,0,429,0,0,None
CUST04608,36,Male,1,Retail,Savings,55949.76,2,1,7959.14,4442.84,9,20,53,3,1,0,1,44,1,292,0,0,None
CUST04609,68,Female,12,HNI,FD,1825574.54,3,1,212742.81,169537.63,11,15,50,3,1,0,1,11,1,32,0,0,None
CUST04610,59,Female,8,HNI,RD,1645892.57,1,1,108512.27,83684.26,36,45,84,3,1,1,0,-7,1,195,0,0,None
CUST04611,65,Male,19,Retail,Savings,98686.92,3,1,5566.33,4805.88,37,54,92,3,1,1,0,-6,1,133,1,0,None
CUST04612,55,Female,9,Retail,Savings,27448.61,1,1,3375.09,1728.43,14,19,42,3,1,0,1,11,0,316,4,1,Full Withdrawal
CUST04613,48,Female,14,Retail,Savings,37152.33,3,1,5812.28,4399.35,28,40,78,1,0,0,0,57,1,82,1,0,None
CUST04614,41,Male,18,SME,FD,452424.45,4,1,41545.02,34320.51,3,12,46,4,1,1,1,93,0,682,2,0,None
CUST04615,62,Male,10,Retail,RD,23969.56,2,1,3546.26,1540.73,29,37,60,3,0,1,1,-7,1,376,1,1,Full Withdrawal
CUST04616,53,Female,9,Retail,Current,19262.92,3,1,2529.79,1063.15,35,56,78,3,0,1,1,32,0,307,0,0,None
CUST04617,25,Female,6,Retail,Savings,53615.68,3,1,10214.85,7227.95,22,38,43,2,0,0,1,98,1,463,0,0,None
CUST04618,26,Male,1,SME,RD,64797.94,1,1,4764.53,3446.28,7,31,76,3,1,0,1,4,1,217,0,0,None
CUST04619,29,Male,5,SME,Savings,170615.17,4,1,22959.57,14144.12,27,56,76,1,0,0,0,5,1,455,3,1,Full Withdrawal
CUST04620,43,Male,10,Retail,FD,87903.05,4,1,9335.96,3919.61,37,46,90,2,1,0,0,95,0,278,0,0,None
CUST04621,63,Female,13,SME,Savings,195784.06,1,1,16025.33,9952.64,19,30,62,1,0,0,0,73,0,216,0,0,None
CUST04622,28,Male,22,Retail,Current,41398.43,4,1,4022.55,3029.58,6,26,41,3,1,1,0,47,1,35,2,0,None
CUST04623,43,Male,23,Retail,Current,84388.44,2,1,7352.39,5779.23,27,33,69,2,1,0,0,63,1,534,1,0,None
CUST04624,67,Female,4,SME,Current,248694.29,3,1,30943.48,20764.17,12,40,70,4,1,1,1,22,1,386,1,0,None
CUST04625,51,Male,1,Retail,RD,50701.95,1,1,6555.19,4514.98,17,21,35,4,1,1,1,84,0,715,2,0,None
CUST04626,58,Female,21,Retail,RD,39988.17,4,1,7137.34,5495.54,20,28,55,3,1,1,0,91,1,250,0,0,None
CUST04627,37,Male,2,Retail,FD,24460.93,2,1,4036.27,2611.94,6,13,62,2,0,1,0,97,1,637,2,0,None
CUST04628,36,Female,24,SME,Savings,78466.07,2,1,6936.59,3779.98,8,26,69,1,0,0,0,54,0,623,1,0,None
CUST04629,26,Male,4,SME,Savings,74155.74,4,1,14016.33,7325.4,4,15,52,3,1,0,1,14,1,410,0,0,None
CUST04630,24,Female,17,Retail,Current,81811.26,4,1,14639.02,11916.37,26,48,66,1,0,0,0,26,0,391,1,0,None
CUST04631,44,Female,10,SME,RD,148942.42,1,1,20872.5,13946.0,11,32,45,2,0,1,0,7,1,211,0,0,None
CUST04632,31,Male,23,Retail,Current,67410.29,4,1,2897.33,2153.43,6,22,40,3,0,1,1,14,1,613,0,0,None
CUST04633,26,Male,12,Retail,RD,65171.87,1,1,4787.65,3155.58,33,36,76,3,0,1,1,4,1,339,4,1,Partial Withdrawal
CUST04634,44,Male,2,Retail,RD,15467.33,3,1,2572.08,2187.2,33,35,80,1,0,0,0,57,1,714,2,1,Partial Withdrawal
CUST04635,36,Male,3,Retail,Current,59649.87,2,1,6716.68,4522.11,6,19,25,2,0,0,1,24,1,239,0,0,None
CUST04636,39,Female,14,Retail,FD,31072.25,1,1,1869.06,1763.33,20,34,49,1,0,0,0,57,0,465,2,0,None
CUST04637,46,Female,15,HNI,RD,680658.5,2,1,71688.01,38240.72,13,26,44,3,1,0,1,31,1,330,2,0,None
CUST04638,29,Male,13,Retail,FD,14003.59,3,1,1034.93,492.82,32,45,85,2,0,0,1,73,0,292,0,0,None
CUST04639,52,Female,9,Retail,Current,65407.47,4,1,11957.19,7239.82,18,26,65,3,1,0,1,1,1,661,0,0,None
CUST04640,42,Female,2,Retail,FD,60461.8,1,1,11021.06,9976.94,23,31,77,2,0,1,0,83,1,682,0,0,None
CUST04641,23,Female,19,Retail,Savings,25925.89,4,1,2642.62,2295.83,23,30,59,4,1,1,1,94,0,707,0,0,None
CUST04642,43,Male,16,HNI,Current,318271.88,2,1,19727.43,10574.77,27,41,78,2,0,0,1,11,0,243,0,0,None
CUST04643,29,Male,11,Retail,Savings,78435.11,1,1,7640.6,5576.37,32,54,67,3,1,1,0,25,1,306,1,0,None
CUST04644,44,Male,12,Retail,Savings,80328.67,3,1,4867.79,3523.88,7,17,34,3,1,0,1,23,1,253,4,1,Full Withdrawal
CUST04645,53,Male,1,SME,FD,459636.97,3,1,40745.6,22873.29,13,30,77,2,0,1,0,80,1,434,0,0,None
CUST04646,29,Male,2,Retail,Current,19155.26,4,1,3129.76,1657.08,28,31,45,3,1,1,0,14,1,36,5,1,Account Closure
CUST04647,25,Male,16,Retail,Savings,10281.28,3,1,891.5,547.85,18,46,83,2,0,1,0,28,1,581,2,1,Full Withdrawal
CUST04648,51,Male,2,Retail,Savings,30789.54,3,1,3912.5,3262.01,11,23,72,3,0,1,1,65,1,259,2,1,Account Closure
CUST04649,40,Female,19,Retail,RD,74462.65,4,1,4394.77,2221.31,6,10,23,2,0,1,0,48,1,193,0,0,None
CUST04650,44,Male,10,HNI,FD,1762407.21,4,1,168521.5,108721.29,5,15,59,1,0,0,0,65,1,593,0,0,None
CUST04651,39,Male,19,SME,Savings,451940.95,1,1,20943.86,13926.29,16,29,46,2,0,0,1,74,0,497,1,0,None
CUST04652,50,Male,10,Retail,RD,49816.06,1,1,6361.86,5830.76,3,6,34,3,0,1,1,39,1,310,3,0,None
CUST04653,44,Male,16,SME,Savings,209587.22,4,1,20040.67,11361.8,9,29,73,2,0,0,1,50,1,180,0,0,None
CUST04654,54,Female,13,Retail,Current,50676.55,2,1,9097.49,3737.3,17,24,45,2,0,1,0,22,1,22,0,0,None
CUST04655,68,Male,16,Retail,FD,12981.4,2,1,1334.6,1043.06,21,48,85,3,1,0,1,-4,1,33,0,0,None
CUST04656,39,Male,18,Retail,RD,12586.54,1,1,1626.74,1326.91,25,49,76,2,0,0,1,8,1,405,0,0,None
CUST04657,65,Male,24,Retail,FD,83992.76,1,1,16484.68,12967.97,36,55,86,3,1,0,1,77,1,129,1,0,None
CUST04658,54,Male,8,Retail,Savings,64814.31,4,1,9257.62,7270.99,18,32,80,2,1,0,0,98,0,132,5,1,Account Closure
CUST04659,28,Male,24,Retail,Current,31517.07,2,1,3784.43,2519.58,6,21,69,3,1,1,0,9,0,681,1,1,Account Closure
CUST04660,49,Female,18,HNI,Savings,1357071.39,4,1,75588.82,31011.33,15,24,71,2,1,0,0,-6,1,134,0,0,None
CUST04661,22,Male,13,Retail,Current,17894.85,1,1,3066.36,2457.55,15,25,55,2,0,0,1,83,1,540,2,0,None
CUST04662,60,Male,7,Retail,Current,66298.13,3,1,9466.14,8662.33,32,46,74,2,0,0,1,-4,0,460,1,1,Account Closure
CUST04663,55,Male,21,Retail,Savings,99001.17,3,1,5679.09,2763.23,21,39,54,3,0,1,1,9,0,471,0,0,None
CUST04664,60,Male,23,Retail,Current,19251.86,3,1,1526.81,667.75,14,21,54,1,0,0,0,36,1,235,1,0,None
CUST04665,40,Female,24,Retail,Savings,18484.76,4,1,2329.52,1271.6,10,31,40,1,0,0,0,70,0,12,0,0,None
CUST04666,52,Female,18,Retail,Current,49444.27,2,1,2334.26,2024.71,35,46,74,3,1,0,1,87,0,106,3,0,None
CUST04667,34,Female,6,SME,FD,427925.69,1,1,66298.36,30389.91,13,25,38,1,0,0,0,-4,0,176,4,1,Full Withdrawal
CUST04668,45,Male,9,Retail,Savings,7521.9,2,1,575.03,456.2,17,28,42,3,0,1,1,64,1,186,0,0,None
CUST04669,26,Male,6,Retail,RD,52468.74,2,1,6209.87,2698.94,2,24,39,3,0,1,1,71,1,625,0,0,None
CUST04670,44,Female,18,Retail,Savings,12901.18,1,1,1014.84,424.24,17,24,59,3,0,1,1,83,1,289,0,0,None
CUST04671,40,Female,17,Retail,Current,27925.76,2,1,3302.78,2940.19,7,14,21,2,0,0,1,73,1,149,0,0,None
CUST04672,22,Male,12,Retail,Current,72677.77,3,1,5112.78,4211.95,21,37,66,1,0,0,0,53,1,105,4,1,Account Closure
CUST04673,54,Male,3,SME,Savings,54208.69,1,1,7319.65,5337.65,7,15,62,2,1,0,0,55,0,249,5,1,Account Closure
CUST04674,71,Male,5,Retail,Savings,74324.58,3,1,13799.48,6825.19,36,62,106,2,1,0,0,-4,1,314,1,1,Full Withdrawal
CUST04675,54,Male,7,Retail,RD,11188.9,4,1,1892.87,1047.45,4,17,48,2,0,0,1,80,0,603,0,0,None
CUST04676,53,Male,10,Retail,Current,79742.5,3,1,6271.22,2676.13,22,43,48,2,1,0,0,4,1,50,0,0,None
CUST04677,49,Male,10,Retail,Savings,46059.67,4,1,5513.23,4162.21,8,18,38,3,1,0,1,72,0,352,0,0,None
CUST04678,58,Female,19,Retail,Savings,50154.41,4,1,5401.5,4198.84,15,17,56,2,1,0,0,23,1,1,0,0,None
CUST04679,62,Male,4,SME,FD,327372.06,1,1,63666.01,36910.04,31,57,76,2,1,0,0,55,1,544,0,0,None
CUST04680,33,Male,10,Retail,Savings,86417.13,3,1,14501.78,8499.91,23,52,90,3,1,0,1,17,1,195,0,0,None
CUST04681,30,Male,18,SME,FD,372981.56,3,1,21330.29,15911.07,15,40,55,3,1,1,0,55,1,97,3,1,Account Closure
CUST04682,71,Female,3,Retail,Savings,52502.45,3,1,3516.0,3235.13,26,43,56,1,0,0,0,0,1,385,0,0,None
CUST04683,32,Male,21,SME,Current,301885.33,1,1,45984.54,28376.61,4,23,51,2,0,1,0,59,0,536,1,0,None
CUST04684,54,Female,3,Retail,Savings,81509.53,4,1,5345.18,3589.15,6,30,71,3,0,1,1,45,0,147,3,1,Account Closure
CUST04685,40,Male,5,SME,FD,319158.02,4,1,61302.27,48064.15,6,14,53,3,1,0,1,12,1,96,0,0,None
CUST04686,63,Female,16,Retail,FD,50493.6,4,1,10041.74,5907.32,10,29,55,3,1,1,0,99,1,428,0,0,None
CUST04687,55,Male,20,HNI,Current,487076.23,1,1,80143.2,70355.48,39,48,92,2,1,0,0,-1,1,390,0,0,None
CUST04688,28,Male,13,Retail,Savings,34182.72,1,1,1513.89,1310.12,38,61,103,2,0,0,1,86,1,209,0,0,None
CUST04689,52,Male,11,Retail,Current,81364.55,2,1,9538.88,7353.1,5,21,32,2,1,0,0,72,1,12,3,0,None
CUST04690,23,Male,13,Retail,Savings,94684.97,3,1,9939.34,6910.9,21,28,76,2,0,1,0,64,1,674,2,1,Partial Withdrawal
CUST04691,40,Male,19,SME,Savings,249421.37,4,1,41884.26,39410.43,22,51,85,3,1,0,1,13,1,103,0,0,None
CUST04692,59,Female,6,Retail,FD,7035.39,2,1,604.49,475.32,25,53,86,2,0,1,0,49,1,192,2,0,None
CUST04693,53,Male,24,SME,FD,110967.12,2,1,11294.25,8513.32,8,30,73,2,0,0,1,81,0,66,1,0,None
CUST04694,31,Male,13,Retail,Savings,36836.29,3,1,2024.53,1786.14,9,22,67,3,0,1,1,98,1,404,1,0,None
CUST04695,62,Male,4,Retail,RD,69311.79,1,1,6572.27,4635.06,12,40,53,3,0,1,1,1,1,696,1,0,None
CUST04696,29,Female,22,Retail,RD,52030.48,2,1,10188.43,5436.63,10,26,31,3,0,1,1,81,1,431,2,0,None
CUST04697,47,Female,5,HNI,Current,1426543.88,1,1,272104.65,129460.52,7,32,39,3,1,0,1,-6,1,551,3,1,Partial Withdrawal
CUST04698,51,Female,19,SME,Current,194997.98,1,1,31207.76,20568.03,18,34,43,1,0,0,0,8,1,311,2,1,Full Withdrawal
CUST04699,32,Male,5,HNI,RD,1559948.17,3,1,288843.41,197456.18,14,25,40,1,0,0,0,61,0,57,1,1,Partial Withdrawal
CUST04700,62,Female,21,Retail,Current,28596.98,2,1,2110.09,1804.62,18,28,36,2,0,0,1,97,1,307,1,0,None
CUST04701,41,Female,14,Retail,Current,10199.82,4,1,1422.8,678.26,3,18,66,2,1,0,0,26,0,576,0,0,None
CUST04702,41,Female,4,SME,FD,402653.93,2,1,48316.68,37429.8,31,53,90,1,0,0,0,17,1,352,0,0,None
CUST04703,30,Male,12,Retail,Savings,35148.13,4,1,3783.01,2145.99,33,48,85,2,0,1,0,33,0,90,0,0,None
CUST04704,29,Male,6,SME,FD,345230.2,4,1,31752.07,29099.71,37,55,104,2,1,0,0,32,1,204,0,0,None
CUST04705,36,Male,19,HNI,Current,551196.79,1,1,98449.88,64852.06,8,20,44,1,0,0,0,58,0,643,1,0,None
CUST04706,55,Male,10,SME,Current,183220.02,4,1,21532.17,15983.74,17,24,65,2,0,0,1,61,1,201,4,1,Account Closure
CUST04707,45,Female,1,SME,Savings,84587.11,3,1,13182.51,9986.54,20,33,57,2,0,1,0,77,1,474,0,0,None
CUST04708,54,Male,23,Retail,Savings,38920.41,2,1,5952.96,2679.15,16,45,83,3,1,0,1,9,1,261,0,0,None
CUST04709,62,Male,23,Retail,Savings,50690.72,1,1,3131.24,2720.13,15,33,58,2,1,0,0,88,1,201,2,0,None
CUST04710,62,Female,16,HNI,Savings,1689546.67,1,1,80810.53,39623.83,8,14,25,4,1,1,1,-5,0,494,2,1,Account Closure
CUST04711,66,Female,4,Retail,FD,73641.38,4,1,12842.62,7944.19,34,41,61,2,0,1,0,58,1,354,0,0,None
CUST04712,61,Male,9,SME,Savings,493498.11,1,1,58455.45,45005.44,35,39,75,2,0,0,1,63,1,538,0,0,None
CUST04713,48,Female,18,SME,Savings,228925.42,3,1,38828.88,16710.82,25,54,94,2,0,0,1,81,1,313,1,0,None
CUST04714,42,Male,17,Retail,Current,56576.63,3,1,4952.18,3561.77,36,38,53,4,1,1,1,1,0,255,3,1,Account Closure
CUST04715,26,Female,15,HNI,Current,623986.03,1,1,111002.82,69427.14,22,41,74,3,1,1,0,4,1,446,2,1,Full Withdrawal
CUST04716,56,Female,19,Retail,Savings,59322.36,1,1,10258.69,4463.75,25,40,86,2,0,0,1,56,0,99,0,0,None
CUST04717,42,Male,7,Retail,Savings,48446.81,3,1,4896.39,3914.74,38,51,89,3,1,0,1,76,1,449,1,0,None
CUST04718,25,Female,18,Retail,RD,77727.03,4,1,8229.09,5560.67,17,30,44,2,0,0,1,52,0,68,0,0,None
CUST04719,70,Female,6,Retail,Savings,40915.47,1,1,3933.73,2230.0,18,30,37,4,1,1,1,25,1,533,0,0,None
CUST04720,69,Male,19,Retail,FD,98781.41,4,1,4501.63,2009.44,30,59,85,3,1,0,1,-4,1,596,1,1,Account Closure
CUST04721,37,Male,21,Retail,Savings,95039.34,1,1,14258.34,9996.68,19,39,75,4,1,1,1,-10,1,644,1,1,Partial Withdrawal
CUST04722,52,Female,12,SME,Current,365033.76,3,1,30530.4,17349.8,12,16,64,1,0,0,0,61,1,96,0,0,None
CUST04723,47,Male,3,HNI,Savings,1622829.19,1,1,294449.7,271092.87,4,7,31,1,0,0,0,80,1,667,0,0,None
CUST04724,56,Male,1,Retail,FD,42351.67,1,1,7774.93,5639.42,19,42,48,1,0,0,0,38,1,345,3,1,Full Withdrawal
CUST04725,27,Female,5,Retail,Savings,60239.67,1,1,9374.06,5219.34,17,25,37,2,0,0,1,11,0,327,4,1,Account Closure
CUST04726,54,Female,1,HNI,Savings,1226392.81,3,1,84682.72,58493.74,2,24,69,2,1,0,0,41,1,429,1,0,None
CUST04727,42,Male,8,Retail,Savings,89135.73,3,1,4838.89,3371.36,28,52,81,2,0,0,1,84,1,343,0,0,None
CUST04728,37,Male,7,Retail,FD,49747.38,3,1,8488.47,6788.39,32,45,60,2,0,1,0,32,0,29,1,0,None
CUST04729,68,Male,15,Retail,FD,55933.64,2,1,10229.74,9168.01,29,49,77,3,0,1,1,28,1,121,0,0,None
CUST04730,60,Male,11,Retail,Savings,87133.91,2,1,8393.28,7800.94,28,56,86,4,1,1,1,64,1,697,1,0,None
CUST04731,55,Male,18,Retail,Savings,80741.46,2,1,7789.37,6191.3,10,32,71,3,0,1,1,32,1,149,0,0,None
CUST04732,63,Female,14,HNI,FD,1870271.52,2,1,191598.37,134167.2,39,53,97,3,1,0,1,43,1,481,1,0,None
CUST04733,36,Male,9,Retail,FD,13305.62,3,1,2294.15,1201.48,37,57,66,2,0,0,1,10,1,594,0,0,None
CUST04734,27,Male,5,Retail,Current,20398.85,1,1,3123.71,1941.9,28,33,52,2,0,1,0,4,1,283,5,1,Partial Withdrawal
CUST04735,23,Male,23,Retail,RD,37214.11,3,1,2214.84,1481.36,27,50,96,4,1,1,1,81,1,718,1,0,None
CUST04736,45,Female,4,Retail,Savings,34002.63,2,1,4813.09,2265.06,28,41,59,4,1,1,1,27,1,552,4,1,Full Withdrawal
CUST04737,70,Male,12,SME,Savings,144877.34,4,1,6021.74,3257.89,5,10,51,1,0,0,0,12,1,415,1,1,Account Closure
CUST04738,49,Male,1,SME,Savings,277945.24,4,1,42709.56,40208.87,39,53,75,3,1,1,0,80,1,264,1,0,None
CUST04739,22,Male,24,SME,Current,123691.61,3,1,20080.24,16389.08,13,34,50,3,1,0,1,72,1,637,1,0,None
CUST04740,22,Female,13,Retail,Savings,25984.52,1,1,4427.55,2944.78,16,24,31,4,1,1,1,98,1,163,0,0,None
CUST04741,49,Female,1,HNI,Savings,1055018.44,2,1,147811.06,77499.99,31,38,82,4,1,1,1,69,0,331,4,1,Full Withdrawal
CUST04742,57,Male,3,SME,Savings,62481.2,1,1,4304.59,3079.49,15,28,65,1,0,0,0,65,1,107,2,0,None
CUST04743,41,Male,22,SME,Current,444515.7,1,1,74233.89,39160.7,9,22,30,3,1,0,1,40,1,116,0,0,None
CUST04744,69,Male,8,Retail,Savings,22616.36,1,1,4160.65,2106.16,29,46,90,1,0,0,0,12,1,599,4,1,Full Withdrawal
CUST04745,29,Male,24,Retail,Savings,87296.61,2,1,12344.39,5574.31,32,46,76,2,1,0,0,40,1,709,1,0,None
CUST04746,22,Male,18,Retail,RD,90850.53,3,1,7633.16,4505.24,3,21,46,1,0,0,0,60,1,414,0,0,None
CUST04747,47,Male,16,SME,Savings,168559.0,2,1,11579.62,8081.97,16,25,74,1,0,0,0,35,0,656,2,1,Full Withdrawal
CUST04748,64,Male,20,Retail,Savings,92521.1,2,1,7127.28,3475.48,9,11,31,2,0,0,1,99,0,270,0,0,None
CUST04749,70,Male,20,Retail,Current,49154.95,3,1,2099.15,1071.07,6,19,46,1,0,0,0,83,1,455,4,1,Full Withdrawal
CUST04750,46,Male,16,SME,FD,72563.01,3,1,3020.58,1858.04,5,31,59,2,0,1,0,50,0,629,0,0,None
CUST04751,31,Female,2,SME,Current,276726.74,3,1,24220.83,16209.61,13,34,47,3,1,1,0,5,1,97,0,0,None
CUST04752,33,Male,17,HNI,Savings,656186.25,4,1,123148.81,100890.37,11,19,42,3,0,1,1,49,1,2,3,1,Partial Withdrawal
CUST04753,62,Male,10,Retail,FD,64152.35,4,1,8943.63,6364.69,5,27,58,2,0,0,1,21,1,174,1,1,Partial Withdrawal
CUST04754,28,Male,7,SME,Current,238272.86,3,1,24250.73,17939.13,11,24,68,2,1,0,0,30,1,5,2,0,None
CUST04755,33,Female,10,Retail,Savings,66589.36,1,1,2779.15,2175.84,30,57,92,3,1,0,1,49,1,557,0,0,None
CUST04756,68,Female,19,Retail,Current,53257.73,4,1,10563.78,6845.76,29,49,54,4,1,1,1,10,1,557,2,0,None
CUST04757,61,Male,20,Retail,FD,36636.19,2,1,4137.51,2435.85,30,44,61,3,0,1,1,57,0,655,0,0,None
CUST04758,38,Male,9,Retail,Current,25774.58,2,1,5119.87,4301.88,20,45,94,2,0,1,0,-4,1,380,1,1,Account Closure
CUST04759,26,Male,22,Retail,RD,12699.16,4,1,1971.19,1686.5,14,25,33,1,0,0,0,80,1,554,0,0,None
CUST04760,35,Male,17,SME,Current,244920.47,2,1,11804.73,5721.64,35,38,67,2,0,0,1,96,1,386,0,0,None
CUST04761,55,Male,9,Retail,FD,82805.4,3,1,14693.33,13581.83,21,49,63,2,0,0,1,59,0,472,0,0,None
CUST04762,69,Female,9,SME,Current,390083.35,2,1,48707.33,44394.66,19,46,73,3,1,0,1,9,0,669,3,1,Account Closure
CUST04763,38,Male,5,Retail,Savings,19923.99,4,1,2240.18,1969.08,37,41,88,2,0,1,0,33,1,605,1,0,None
CUST04764,56,Female,24,Retail,Current,30035.26,1,1,4843.37,3063.25,2,15,49,2,0,1,0,33,1,725,0,0,None
CUST04765,22,Male,7,Retail,Savings,95738.8,2,1,15698.11,13550.58,27,33,51,2,0,0,1,1,1,153,0,0,None
CUST04766,71,Female,11,Retail,Savings,26464.38,2,1,4430.9,3302.94,4,10,46,2,0,1,0,48,1,406,0,0,None
CUST04767,71,Female,8,Retail,FD,10396.46,1,1,1680.96,862.28,4,10,44,3,1,0,1,67,0,339,3,1,Account Closure
CUST04768,57,Male,14,Retail,Current,57254.7,4,1,8164.7,6745.56,22,30,39,4,1,1,1,95,0,190,0,0,None
CUST04769,36,Male,2,Retail,Savings,29881.83,1,1,4425.49,2758.64,19,28,77,2,0,0,1,23,0,653,3,0,None
CUST04770,40,Male,10,Retail,Savings,95956.32,2,1,17020.08,9543.0,32,57,76,3,1,0,1,33,1,190,2,0,None
CUST04771,63,Male,21,Retail,Savings,59602.95,4,1,8969.44,7920.56,37,65,86,3,1,1,0,70,1,384,0,0,None
CUST04772,26,Male,24,HNI,FD,1876025.0,3,1,105464.87,92202.93,32,52,89,1,0,0,0,29,1,185,0,0,None
CUST04773,40,Female,16,Retail,Savings,79629.78,4,1,11409.36,9987.81,9,34,50,2,1,0,0,73,1,289,1,0,None
CUST04774,64,Male,16,SME,Current,158466.61,4,1,10648.8,9293.61,26,43,72,4,1,1,1,-9,1,255,1,1,Account Closure
CUST04775,60,Female,19,SME,Current,105082.62,3,1,4442.94,3131.5,21,32,55,3,0,1,1,50,0,545,0,0,None
CUST04776,26,Male,11,HNI,Current,1247086.85,4,1,92616.99,68472.31,12,26,53,2,1,0,0,10,1,312,1,0,None
CUST04777,33,Female,6,SME,Savings,284064.23,2,1,18380.32,16944.38,2,5,48,1,0,0,0,1,1,396,1,1,Account Closure
CUST04778,40,Male,6,Retail,Savings,42284.15,2,1,2382.09,1122.29,22,27,36,2,1,0,0,66,1,727,0,0,None
CUST04779,68,Female,7,SME,FD,389363.91,2,1,28967.85,24432.75,18,21,65,3,1,0,1,54,0,251,0,0,None
CUST04780,33,Male,16,SME,FD,195432.07,2,1,25439.61,17539.27,29,51,76,2,1,0,0,71,1,60,3,0,None
CUST04781,57,Male,13,Retail,FD,49702.2,3,1,3192.63,2995.08,19,23,63,3,0,1,1,67,1,321,3,0,None
CUST04782,33,Female,3,Retail,FD,17143.95,2,1,1452.27,1091.49,30,41,59,3,1,0,1,84,1,152,1,0,None
CUST04783,39,Male,24,Retail,Savings,7226.0,4,1,1271.3,622.17,11,38,48,3,0,1,1,77,0,69,1,0,None
CUST04784,70,Female,24,SME,Savings,232486.95,1,1,42333.13,35920.51,10,22,45,3,1,0,1,1,1,441,2,1,Full Withdrawal
CUST04785,69,Female,9,SME,FD,425132.48,3,1,39662.1,30538.6,35,39,47,1,0,0,0,41,0,35,0,0,None
CUST04786,64,Male,24,Retail,FD,76806.15,3,1,14119.44,6804.3,21,27,55,2,0,0,1,78,1,173,0,1,Full Withdrawal
CUST04787,55,Male,3,Retail,Current,80894.83,1,1,10816.97,4380.29,32,53,83,2,0,1,0,89,0,453,2,0,None
CUST04788,69,Female,6,Retail,Current,31249.13,2,1,2381.78,1664.88,4,11,57,4,1,1,1,3,1,653,0,0,None
CUST04789,54,Male,17,Retail,Savings,27429.42,2,1,4407.55,2348.43,2,24,47,2,1,0,0,7,1,160,1,0,None
CUST04790,70,Female,3,HNI,Savings,346839.18,4,1,65044.51,57042.92,34,61,97,2,0,0,1,13,1,695,0,0,None
CUST04791,39,Female,2,Retail,Current,49865.5,2,1,7254.32,3902.91,9,23,69,2,0,0,1,15,0,539,0,0,None
CUST04792,50,Male,12,Retail,RD,41328.84,2,1,2984.48,2281.85,19,25,74,2,1,0,0,83,1,600,0,0,None
CUST04793,66,Male,24,Retail,Savings,84409.18,4,1,4536.22,2675.56,31,35,74,2,0,0,1,50,1,515,0,0,None
CUST04794,26,Female,6,SME,Savings,229807.71,2,1,17627.61,10447.44,34,55,99,2,0,0,1,57,1,641,0,0,None
CUST04795,46,Male,10,Retail,Savings,18707.16,1,1,1761.49,880.74,23,36,82,1,0,0,0,53,1,319,1,0,None
CUST04796,45,Male,11,SME,Savings,265861.83,2,1,24830.87,16798.01,18,22,28,1,0,0,0,29,1,380,1,1,Full Withdrawal
CUST04797,50,Male,16,Retail,Current,78210.87,1,1,9367.11,6731.2,10,30,67,1,0,0,0,18,1,93,0,0,None
CUST04798,59,Male,16,Retail,RD,73422.56,1,1,8871.43,6383.5,23,39,53,2,0,0,1,7,1,685,0,0,None
CUST04799,54,Male,24,Retail,FD,25578.48,1,1,2952.5,2572.03,11,22,71,1,0,0,0,57,1,86,0,0,None
CUST04800,31,Male,18,Retail,FD,90989.88,2,1,8645.11,6559.83,34,60,97,2,1,0,0,48,0,709,1,1,Partial Withdrawal
CUST04801,58,Female,22,Retail,Current,50022.47,2,1,2855.93,2305.11,4,31,58,3,1,0,1,86,1,555,4,1,Full Withdrawal
CUST04802,54,Male,23,HNI,Current,1908108.62,3,1,204035.82,117911.59,18,25,63,1,0,0,0,45,1,123,0,0,None
CUST04803,44,Male,24,SME,RD,299420.88,4,1,59201.99,37378.78,10,27,73,3,1,1,0,91,1,12,3,0,None
CUST04804,32,Female,9,HNI,Savings,1627747.67,4,1,235404.83,96530.32,37,53,93,2,0,0,1,98,1,715,4,1,Full Withdrawal
CUST04805,45,Female,21,Retail,RD,91218.73,3,1,10067.3,4464.95,20,47,81,3,1,0,1,55,1,143,1,0,None
CUST04806,45,Female,19,HNI,FD,560369.34,1,1,29900.47,18293.58,35,38,81,2,0,0,1,1,0,125,1,0,None
CUST04807,28,Male,2,Retail,Savings,49166.58,4,1,3644.22,1878.06,3,21,30,4,1,1,1,11,0,294,0,1,Account Closure
CUST04808,71,Female,24,Retail,Current,23112.46,3,1,3049.54,2583.35,28,45,70,2,1,0,0,51,1,318,0,0,None
CUST04809,42,Male,1,Retail,Savings,52167.89,1,1,6242.4,4819.55,20,24,44,2,0,0,1,15,0,291,5,1,Account Closure
CUST04810,41,Male,16,Retail,Savings,19168.13,3,1,825.59,770.83,34,54,65,2,0,1,0,3,0,240,1,0,None
CUST04811,31,Male,22,SME,Savings,179323.26,2,1,9647.18,8565.43,27,32,45,2,0,0,1,-2,1,109,1,1,Account Closure
CUST04812,46,Male,18,Retail,FD,50859.58,2,1,4931.41,4624.25,35,56,101,3,1,0,1,63,0,272,1,0,None
CUST04813,68,Female,3,Retail,FD,7008.28,1,1,438.24,263.34,29,35,82,3,1,1,0,-4,1,704,1,1,Account Closure
CUST04814,57,Male,24,Retail,Savings,77743.65,1,1,15024.34,10012.32,17,31,59,3,0,1,1,94,1,655,1,0,None
CUST04815,69,Female,1,Retail,Savings,23706.91,2,1,1077.69,651.94,23,44,74,4,1,1,1,36,1,224,0,0,None
CUST04816,68,Female,6,Retail,Current,87328.07,4,1,17103.02,15912.11,29,58,94,3,0,1,1,47,1,64,2,0,None
CUST04817,36,Female,19,Retail,Savings,7114.68,4,1,1031.97,641.36,15,18,65,3,1,0,1,9,1,251,0,1,Account Closure
CUST04818,65,Male,22,SME,Current,432358.31,2,1,45465.26,21105.84,7,35,66,3,1,0,1,68,1,592,1,0,None
CUST04819,61,Female,19,SME,Current,50046.07,4,1,6321.28,3399.46,12,25,70,3,0,1,1,45,1,680,0,0,None
CUST04820,61,Male,11,Retail,Current,27605.1,2,1,2915.65,1847.5,21,39,62,3,0,1,1,32,0,313,1,0,None
CUST04821,71,Male,8,Retail,Savings,72217.54,3,1,9512.0,6959.42,37,48,60,3,1,0,1,87,1,404,1,0,None
CUST04822,27,Female,5,Retail,Current,73482.44,3,1,4726.46,3497.33,17,41,82,3,1,0,1,49,1,677,1,0,None
CUST04823,58,Male,20,SME,Savings,63096.59,3,1,3735.45,3053.1,7,17,27,3,1,0,1,41,1,231,1,0,None
CUST04824,23,Male,9,Retail,Savings,39604.01,4,1,4933.65,3731.45,9,19,42,2,1,0,0,77,1,544,0,0,None
CUST04825,33,Female,15,Retail,Savings,79581.16,3,1,4091.61,2742.78,37,65,112,3,1,1,0,55,0,586,1,0,None
CUST04826,25,Male,21,Retail,Savings,64701.2,1,1,5615.9,2339.55,5,23,50,2,0,1,0,9,1,400,0,1,Full Withdrawal
CUST04827,44,Female,14,Retail,FD,61086.88,1,1,11502.86,8998.29,35,45,51,3,1,1,0,2,1,56,0,0,None
CUST04828,34,Male,4,Retail,FD,82820.32,3,1,14923.73,6670.94,21,36,43,1,0,0,0,14,1,91,2,1,Full Withdrawal
CUST04829,38,Male,24,SME,Current,441318.69,1,1,76358.89,50232.41,25,43,49,2,0,1,0,25,0,299,0,0,None
CUST04830,52,Male,24,Retail,Current,27086.36,3,1,3281.41,2930.36,4,22,39,2,1,0,0,-8,1,444,0,0,None
CUST04831,37,Male,8,Retail,Savings,41712.45,3,1,1854.6,1350.67,29,32,68,3,1,0,1,36,1,562,2,0,None
CUST04832,62,Male,20,SME,Savings,412290.12,2,1,24497.9,12479.98,31,58,105,2,1,0,0,1,0,59,2,1,Full Withdrawal
CUST04833,47,Female,17,SME,FD,444718.1,3,1,83212.17,70262.44,30,58,87,1,0,0,0,49,1,84,0,0,None
CUST04834,49,Male,2,Retail,Savings,43595.85,1,1,7578.06,4283.31,22,38,85,3,0,1,1,86,1,403,0,0,None
CUST04835,22,Female,20,Retail,Current,52030.53,4,1,5215.72,3742.27,28,40,57,1,0,0,0,17,1,108,2,0,None
CUST04836,68,Male,16,Retail,Savings,29131.28,3,1,4563.01,3420.97,26,49,83,3,1,0,1,64,1,667,1,0,None
CUST04837,33,Male,10,HNI,RD,567818.06,2,1,100347.33,80490.28,4,30,53,4,1,1,1,70,1,511,1,0,None
CUST04838,58,Female,2,Retail,RD,32082.44,1,1,4467.6,1946.71,2,8,36,3,1,1,0,93,0,362,0,0,None
CUST04839,71,Female,11,HNI,Savings,814124.52,2,1,143745.34,125036.44,24,34,83,3,0,1,1,3,1,292,3,1,Full Withdrawal
CUST04840,41,Male,10,SME,FD,457436.01,3,1,36205.07,16749.11,6,16,53,3,1,1,0,20,1,616,0,0,None
CUST04841,23,Female,19,Retail,Savings,73224.89,3,1,8343.37,3771.15,32,47,64,3,1,1,0,58,0,389,1,0,None
CUST04842,57,Female,14,Retail,Current,15535.73,3,1,2060.76,1342.15,26,35,70,3,0,1,1,100,1,563,3,0,None
CUST04843,36,Male,11,Retail,Savings,56740.54,3,1,7999.58,4837.35,36,48,90,3,0,1,1,55,1,27,0,0,None
CUST04844,59,Female,9,Retail,Savings,96278.46,1,1,19055.28,8194.49,2,15,27,1,0,0,0,49,1,571,0,0,None
CUST04845,43,Male,7,Retail,Savings,68293.86,4,1,11975.26,5883.45,16,24,58,2,0,0,1,92,1,310,0,0,None
CUST04846,65,Female,15,SME,RD,455734.88,3,1,22258.89,14280.58,25,29,52,2,0,1,0,66,1,452,0,0,None
CUST04847,71,Female,20,HNI,FD,1416682.4,2,1,95004.63,81322.98,35,62,98,3,1,0,1,9,1,15,1,0,None
CUST04848,53,Female,17,Retail,Savings,81016.05,1,1,11758.89,5488.08,19,23,57,3,1,0,1,0,1,285,0,0,None
CUST04849,41,Male,3,SME,Current,170344.11,1,1,13368.88,6116.15,26,41,83,4,1,1,1,67,1,201,1,0,None
CUST04850,57,Male,15,Retail,Savings,51082.42,1,1,3342.57,2816.64,37,42,63,3,1,1,0,95,0,193,0,0,None
CUST04851,54,Female,14,Retail,Savings,22855.98,2,1,3352.15,2248.53,2,28,66,2,0,0,1,-7,1,519,1,1,Full Withdrawal
CUST04852,36,Male,8,Retail,FD,51141.35,4,1,6435.01,3849.02,10,39,59,1,0,0,0,41,1,162,4,1,Partial Withdrawal
CUST04853,71,Male,4,Retail,Savings,53991.68,2,1,9115.44,5959.17,32,47,88,2,0,0,1,36,1,495,0,1,Partial Withdrawal
CUST04854,67,Female,10,HNI,Current,987352.77,2,1,89945.66,56302.9,23,38,48,2,1,0,0,56,1,266,1,0,None
CUST04855,24,Male,2,SME,Savings,344414.75,2,1,31945.37,26515.99,39,43,49,2,1,0,0,0,1,617,0,1,Account Closure
CUST04856,50,Male,14,Retail,Savings,33960.86,3,1,2176.17,881.63,3,17,26,3,0,1,1,39,1,70,1,1,Account Closure
CUST04857,68,Male,8,Retail,Current,98492.99,3,1,14218.58,9074.83,21,30,76,3,1,0,1,78,1,204,1,0,None
CUST04858,48,Male,23,Retail,RD,85530.55,2,1,13122.33,6395.43,24,49,72,2,0,1,0,12,1,359,2,1,Partial Withdrawal
CUST04859,26,Female,10,Retail,FD,43277.65,2,1,2689.63,1531.9,13,20,25,1,0,0,0,70,1,78,1,0,None
CUST04860,52,Female,18,SME,Savings,208392.91,3,1,16808.59,7760.43,11,14,56,4,1,1,1,51,0,395,1,0,None
CUST04861,43,Male,15,SME,FD,471904.6,3,1,30524.4,19378.22,33,40,69,2,0,0,1,42,1,723,1,0,None
CUST04862,56,Female,5,Retail,RD,27264.6,4,1,4352.2,3280.74,6,27,47,3,1,1,0,84,0,682,0,0,None
CUST04863,28,Female,22,Retail,Savings,89029.68,2,1,6539.73,4995.54,30,45,79,3,1,0,1,3,1,220,3,1,Full Withdrawal
CUST04864,27,Female,13,Retail,Savings,32742.98,1,1,2107.32,1766.37,34,42,76,4,1,1,1,36,1,53,1,0,None
CUST04865,47,Male,18,Retail,Savings,18108.08,4,1,926.7,786.08,24,52,66,4,1,1,1,7,1,723,0,0,None
CUST04866,22,Female,2,Retail,Savings,7154.09,1,1,1237.71,901.99,37,55,99,3,1,1,0,56,1,557,2,1,Account Closure
CUST04867,40,Male,13,Retail,Current,33279.63,4,1,1991.34,1183.32,14,18,46,3,1,0,1,98,1,99,0,0,None
CUST04868,28,Female,14,SME,Savings,123234.65,2,1,5514.35,2361.37,3,18,43,3,1,1,0,88,1,23,1,0,None
CUST04869,57,Female,10,SME,Savings,350178.29,1,1,17610.06,7391.44,12,37,80,3,0,1,1,92,1,80,0,0,None
CUST04870,33,Male,4,Retail,Savings,95353.15,3,1,9410.68,4350.51,29,31,50,2,0,1,0,72,1,502,1,0,None
CUST04871,41,Female,15,Retail,Current,30424.08,4,1,4121.38,3878.66,26,53,62,2,1,0,0,12,0,572,3,0,None
CUST04872,44,Male,8,Retail,Current,5586.8,1,1,579.42,482.24,37,50,90,2,0,1,0,84,1,21,3,0,None
CUST04873,46,Female,15,Retail,Current,94706.18,4,1,10689.02,6655.84,19,23,69,3,1,0,1,49,0,571,2,1,Full Withdrawal
CUST04874,51,Male,14,SME,Savings,261317.76,2,1,48889.65,32091.69,10,30,56,2,0,0,1,48,1,168,2,0,None
CUST04875,50,Female,21,Retail,Current,12867.23,1,1,2077.12,1673.24,3,16,28,1,0,0,0,77,0,257,1,0,None
CUST04876,52,Male,9,Retail,Savings,7985.09,1,1,755.12,515.69,37,62,97,4,1,1,1,39,0,229,2,1,Partial Withdrawal
CUST04877,39,Male,20,Retail,RD,15245.66,1,1,986.25,590.0,18,33,38,3,1,0,1,50,1,16,0,0,None
CUST04878,62,Male,3,SME,Savings,204674.98,4,1,32720.9,19379.23,34,36,60,2,1,0,0,6,1,289,0,0,None
CUST04879,40,Male,15,Retail,Savings,10877.8,3,1,1433.3,738.58,36,63,95,3,0,1,1,43,1,22,3,0,None
CUST04880,25,Male,24,Retail,Savings,58973.36,3,1,11438.44,10146.88,34,40,75,2,0,0,1,80,1,195,0,0,None
CUST04881,22,Female,17,Retail,Savings,66991.4,3,1,12416.91,7795.14,33,41,69,3,1,1,0,-2,1,459,1,0,None
CUST04882,62,Male,16,SME,Savings,302126.39,2,1,39331.67,32008.1,21,42,91,1,0,0,0,21,0,555,1,1,Account Closure
CUST04883,36,Male,4,HNI,Current,633173.24,1,1,32409.37,23191.15,31,58,69,2,0,0,1,67,1,63,0,0,None
CUST04884,29,Male,11,Retail,FD,96568.59,3,1,4341.1,3536.92,23,43,49,1,0,0,0,11,1,364,0,0,None
CUST04885,36,Female,8,SME,Savings,419179.93,3,1,72938.68,42049.18,26,53,66,1,0,0,0,29,0,537,0,1,Partial Withdrawal
CUST04886,36,Female,3,HNI,Current,912675.73,1,1,138440.81,112636.11,12,19,42,3,0,1,1,67,1,294,1,0,None
CUST04887,71,Female,19,HNI,FD,1397675.6,2,1,181173.95,151186.5,35,57,102,2,0,0,1,90,0,693,1,0,None
CUST04888,60,Female,14,Retail,Savings,42456.1,4,1,6378.1,2917.05,29,48,77,2,0,1,0,41,1,656,5,1,Account Closure
CUST04889,43,Male,9,Retail,Savings,47886.3,4,1,6051.2,2724.89,36,43,70,2,0,0,1,67,1,605,1,0,None
CUST04890,39,Male,3,Retail,Savings,77637.95,4,1,10289.67,9693.1,5,17,31,4,1,1,1,17,1,582,0,0,None
CUST04891,37,Male,4,SME,FD,244857.78,1,1,18644.02,8667.13,10,14,41,1,0,0,0,33,1,470,0,0,None
CUST04892,23,Female,4,Retail,FD,77642.13,2,1,8764.3,6806.9,23,33,70,2,1,0,0,43,0,394,0,0,None
CUST04893,57,Female,11,SME,Savings,120989.35,1,1,5053.94,4100.25,26,30,77,3,1,1,0,93,1,439,2,0,None
CUST04894,41,Male,19,Retail,Savings,65848.84,4,1,9679.61,4209.96,22,48,71,4,1,1,1,86,1,509,2,0,None
CUST04895,37,Male,16,SME,FD,350576.54,3,1,32662.66,26475.73,26,33,71,3,0,1,1,37,1,495,3,1,Partial Withdrawal
CUST04896,24,Male,23,SME,Current,123194.42,3,1,17864.65,11267.83,18,43,84,1,0,0,0,11,1,359,1,0,None
CUST04897,51,Male,22,Retail,FD,23691.63,3,1,4459.57,2457.54,16,26,33,2,1,0,0,93,1,340,0,0,None
CUST04898,23,Female,17,SME,Savings,55754.84,4,1,7508.11,5750.7,8,17,66,2,0,1,0,90,1,360,3,0,None
CUST04899,56,Male,10,Retail,RD,54409.23,2,1,5032.51,4318.99,33,61,72,3,1,1,0,24,1,462,0,0,None
CUST04900,47,Female,24,SME,FD,453166.01,4,1,33147.0,23701.33,9,12,59,3,1,0,1,34,1,313,0,0,None
CUST04901,26,Male,17,Retail,Savings,50201.48,1,1,4029.84,3541.61,4,24,29,2,1,0,0,17,0,655,0,0,None
CUST04902,23,Female,16,Retail,Current,86904.19,2,1,17204.21,7093.22,34,59,99,3,1,0,1,90,0,382,1,0,None
CUST04903,41,Female,20,HNI,Savings,1714019.53,3,1,237319.87,191335.02,37,54,59,2,0,0,1,56,0,212,0,0,None
CUST04904,55,Female,22,Retail,Savings,86277.12,2,1,9532.52,4701.17,18,24,69,1,0,0,0,75,0,16,1,1,Account Closure
CUST04905,55,Female,6,SME,Current,84429.48,2,1,6497.36,3621.24,2,13,47,3,1,0,1,99,1,661,4,0,None
CUST04906,41,Female,7,Retail,Savings,19726.25,4,1,3228.95,2307.86,37,58,94,4,1,1,1,27,0,68,0,1,Account Closure
CUST04907,71,Female,14,Retail,Current,42364.66,2,1,4320.81,2380.53,18,41,64,3,1,0,1,42,1,665,0,0,None
CUST04908,46,Female,11,Retail,Savings,26415.89,4,1,2329.36,1147.17,38,51,65,4,1,1,1,92,1,322,1,0,None
CUST04909,41,Female,12,Retail,FD,69219.48,1,1,5230.83,4639.87,26,39,87,4,1,1,1,76,1,607,5,1,Partial Withdrawal
CUST04910,46,Female,14,Retail,Savings,13033.02,2,1,908.41,816.39,26,33,81,3,1,0,1,-5,0,303,0,0,None
CUST04911,35,Female,5,Retail,FD,47153.33,2,1,3948.63,1658.44,14,29,66,4,1,1,1,3,0,200,1,1,Full Withdrawal
CUST04912,68,Female,5,Retail,Savings,31633.84,2,1,4439.89,2997.22,14,22,71,2,0,1,0,75,1,112,0,0,None
CUST04913,65,Female,20,Retail,Savings,61563.27,3,1,4825.06,2470.54,13,35,43,3,1,0,1,25,0,328,1,1,Full Withdrawal
CUST04914,64,Male,22,HNI,Current,1159223.0,4,1,57608.45,50400.18,33,35,59,1,0,0,0,73,1,645,0,0,None
CUST04915,64,Male,23,HNI,Savings,331668.1,4,1,32319.04,21149.15,36,51,99,1,0,0,0,40,0,363,0,0,None
CUST04916,60,Male,15,Retail,Savings,96566.01,3,1,12898.93,8553.95,29,45,64,3,1,0,1,95,1,709,0,0,None
CUST04917,33,Male,1,SME,Savings,58521.7,4,1,2904.72,2164.34,21,35,80,2,1,0,0,76,1,424,3,0,None
CUST04918,69,Female,24,Retail,RD,86305.54,1,1,9702.47,4177.82,29,54,88,4,1,1,1,66,1,560,1,0,None
CUST04919,26,Male,23,SME,Savings,344215.97,3,1,16648.42,7824.99,32,34,45,3,0,1,1,33,0,678,0,0,None
CUST04920,23,Female,9,SME,FD,196603.46,4,1,32028.42,21590.74,25,46,88,2,0,1,0,99,1,327,1,0,None
CUST04921,37,Male,3,HNI,Current,1611163.45,1,1,289205.77,269449.78,12,32,77,3,0,1,1,34,1,274,0,0,None
CUST04922,51,Male,4,Retail,Savings,17360.75,4,1,3371.62,2913.02,17,37,59,2,0,1,0,62,0,537,1,0,None
CUST04923,68,Female,16,SME,Current,206847.31,3,1,31151.66,27698.46,39,46,80,1,0,0,0,30,1,579,3,1,Account Closure
CUST04924,64,Female,7,Retail,FD,57002.72,4,1,8044.81,3824.79,18,43,55,2,0,0,1,-5,0,89,3,1,Partial Withdrawal
CUST04925,59,Male,22,HNI,Current,1204270.78,1,1,181907.91,168672.86,6,12,37,4,1,1,1,99,0,405,1,0,None
CUST04926,66,Female,14,Retail,FD,37179.47,1,1,6571.24,5266.82,21,44,93,1,0,0,0,81,1,95,3,0,None
CUST04927,63,Female,16,Retail,Savings,76345.03,1,1,12912.6,7478.03,36,65,76,3,1,0,1,-4,1,305,0,1,Partial Withdrawal
CUST04928,45,Male,18,SME,Current,266744.19,4,1,29384.39,25724.77,15,38,86,2,0,0,1,72,1,426,3,1,Partial Withdrawal
CUST04929,51,Male,16,SME,Savings,422809.6,3,1,60957.18,49437.52,27,56,65,2,0,1,0,84,1,592,0,0,None
CUST04930,58,Female,16,Retail,Savings,29034.57,4,1,1913.59,1540.59,25,43,79,3,1,1,0,88,0,308,1,0,None
CUST04931,60,Male,2,HNI,Current,1655400.0,2,1,250276.78,201232.86,32,48,68,3,1,1,0,82,1,320,3,0,None
CUST04932,32,Male,10,Retail,Current,73576.67,3,1,11545.89,9703.97,19,27,71,3,1,1,0,36,1,115,1,0,None
CUST04933,35,Male,7,Retail,Savings,33355.67,2,1,5610.74,5171.37,23,41,71,1,0,0,0,97,1,125,0,0,None
CUST04934,44,Female,15,Retail,Savings,26131.43,4,1,4463.87,2121.59,22,35,66,2,1,0,0,22,1,716,1,0,None
CUST04935,37,Female,9,Retail,Current,25387.81,3,1,2802.44,2661.58,35,43,86,3,1,0,1,96,1,630,0,0,None
CUST04936,71,Female,7,Retail,Current,19098.09,2,1,3524.79,3101.06,26,40,72,2,0,0,1,11,1,430,0,0,None
CUST04937,42,Male,24,Retail,Savings,45547.49,4,1,8970.67,5767.2,31,40,77,2,0,0,1,56,1,43,3,0,None
CUST04938,25,Female,16,Retail,Savings,29790.11,3,1,5853.36,2848.19,7,12,18,2,0,1,0,66,0,385,1,1,Full Withdrawal
CUST04939,54,Male,3,Retail,FD,89917.22,1,1,12023.89,7810.52,26,35,80,3,0,1,1,93,1,666,0,0,None
CUST04940,68,Male,17,Retail,FD,70468.27,1,1,9126.86,7559.2,6,29,48,2,0,0,1,2,0,714,1,0,None
CUST04941,35,Male,23,SME,Savings,480276.98,1,1,54354.61,39752.21,30,47,90,2,0,0,1,93,1,89,0,0,None
CUST04942,40,Male,8,SME,Savings,274677.01,2,1,24162.53,13380.07,23,40,51,3,0,1,1,93,1,619,0,0,None
CUST04943,26,Female,2,Retail,Savings,62019.9,2,1,5792.74,3613.15,4,27,51,1,0,0,0,45,0,644,0,0,None
CUST04944,57,Female,20,Retail,FD,52575.79,4,1,3917.97,3623.59,31,43,60,3,0,1,1,66,1,60,2,0,None
CUST04945,52,Male,3,Retail,FD,20907.89,1,1,4033.46,3396.58,25,53,89,2,0,0,1,1,1,299,0,0,None
CUST04946,66,Female,8,Retail,Savings,9546.1,2,1,1328.55,622.08,18,28,61,1,0,0,0,-6,0,584,0,1,Full Withdrawal
CUST04947,39,Female,2,SME,FD,452724.0,1,1,85797.59,60055.36,21,44,52,2,0,0,1,66,1,263,5,1,Full Withdrawal
CUST04948,65,Female,19,Retail,Savings,16511.38,4,1,1683.17,1535.12,27,56,79,1,0,0,0,44,1,390,1,0,None
CUST04949,52,Male,17,Retail,Savings,10448.17,3,1,916.42,383.86,6,18,32,3,0,1,1,65,1,428,0,0,None
CUST04950,51,Female,5,Retail,RD,46977.4,2,1,2876.86,1218.07,14,20,60,4,1,1,1,63,1,661,0,0,None
CUST04951,42,Male,20,Retail,FD,75112.51,2,1,6612.86,5251.95,5,16,32,2,0,1,0,4,0,2,0,1,Full Withdrawal
CUST04952,68,Female,17,SME,FD,191378.79,3,1,34912.41,25016.49,18,45,71,3,1,1,0,55,1,397,1,0,None
CUST04953,51,Male,10,HNI,Current,1352937.21,2,1,180162.79,76623.18,36,43,74,1,0,0,0,27,1,544,3,1,Partial Withdrawal
CUST04954,62,Female,9,Retail,Savings,23925.33,4,1,2689.12,2548.77,32,49,88,1,0,0,0,69,1,717,2,0,None
CUST04955,25,Male,22,Retail,FD,98634.32,2,1,12913.2,9285.27,17,30,74,3,1,1,0,86,1,541,3,0,None
CUST04956,26,Male,6,SME,Current,406015.54,2,1,74231.94,49777.07,35,44,65,4,1,1,1,87,1,133,0,0,None
CUST04957,62,Female,11,HNI,Savings,1523907.44,3,1,107971.32,69774.67,33,59,69,1,0,0,0,44,1,630,1,1,Partial Withdrawal
CUST04958,66,Female,2,Retail,Current,84868.52,4,1,16507.39,12964.51,34,61,110,2,1,0,0,78,1,509,3,0,None
CUST04959,31,Female,23,Retail,FD,52401.13,1,1,7681.54,5009.1,9,23,70,2,0,0,1,44,0,352,3,1,Partial Withdrawal
CUST04960,48,Female,12,Retail,RD,11321.9,1,1,2002.35,1526.78,31,45,63,2,0,1,0,36,1,624,0,0,None
CUST04961,37,Male,12,Retail,Current,17543.97,3,1,2176.59,1455.23,4,21,58,2,0,0,1,79,1,466,1,0,None
CUST04962,51,Male,16,Retail,FD,46219.86,4,1,3598.77,2648.32,18,45,93,2,0,1,0,93,0,529,0,0,None
CUST04963,34,Male,22,Retail,Savings,55398.15,3,1,7245.5,6106.89,25,37,69,3,1,1,0,3,0,399,0,0,None
CUST04964,57,Male,24,Retail,Current,95011.78,3,1,4833.28,4105.59,17,42,84,3,0,1,1,95,0,444,5,0,None
CUST04965,42,Female,12,Retail,Current,25492.68,1,1,4495.67,3897.64,21,30,41,2,0,0,1,4,1,719,1,0,None
CUST04966,66,Female,21,SME,Savings,415756.67,4,1,59840.96,30616.63,11,35,50,3,0,1,1,24,1,713,5,1,Partial Withdrawal
CUST04967,61,Female,18,Retail,FD,26459.5,4,1,2255.86,978.18,25,39,76,3,0,1,1,91,0,494,0,0,None
CUST04968,66,Female,13,Retail,RD,58048.07,3,1,4871.11,4188.55,8,10,17,2,1,0,0,20,1,289,4,1,Full Withdrawal
CUST04969,36,Female,15,Retail,Savings,91385.22,1,1,16855.91,7134.5,21,42,68,2,0,0,1,23,1,266,0,1,Account Closure
CUST04970,41,Male,16,Retail,FD,58936.3,4,1,10287.04,5322.72,14,35,52,3,1,0,1,62,1,175,0,0,None
CUST04971,41,Male,4,HNI,Current,1816554.42,3,1,294458.73,203002.6,30,59,92,2,1,0,0,-4,1,363,0,0,None
CUST04972,66,Female,12,Retail,Current,76262.29,2,1,8111.77,7061.2,11,31,41,2,0,1,0,27,1,641,0,1,Full Withdrawal
CUST04973,26,Male,17,Retail,FD,19023.29,1,1,3416.6,3051.81,10,15,61,3,0,1,1,-10,1,552,0,0,None
CUST04974,53,Male,1,SME,Savings,397914.96,4,1,31635.2,23581.76,8,37,80,3,1,0,1,76,1,585,0,0,None
CUST04975,27,Male,22,Retail,FD,59875.23,4,1,2627.36,2447.96,34,37,84,3,0,1,1,3,1,22,2,1,Account Closure
CUST04976,51,Female,18,HNI,Savings,1611436.11,4,1,176038.43,141089.28,25,45,77,2,1,0,0,14,1,26,0,0,None
CUST04977,47,Male,22,Retail,FD,82801.27,1,1,15494.11,10694.78,17,37,56,3,1,0,1,-3,1,291,0,0,None
CUST04978,58,Female,16,Retail,Current,65328.6,3,1,8583.94,4067.96,33,44,72,3,1,0,1,29,1,545,1,0,None
CUST04979,34,Female,1,Retail,Savings,65914.49,2,1,5056.28,3214.94,5,23,70,3,1,1,0,-5,0,522,0,1,Full Withdrawal
CUST04980,50,Male,10,Retail,Savings,74314.04,4,1,10710.99,9128.84,15,39,69,1,0,0,0,68,1,701,0,0,None
CUST04981,26,Female,19,SME,Savings,240104.56,1,1,38224.1,21252.83,30,51,56,2,0,0,1,9,1,422,0,0,None
CUST04982,46,Female,16,SME,Savings,138160.48,4,1,17692.01,12703.73,23,32,62,2,0,1,0,70,1,635,1,0,None
CUST04983,34,Female,14,Retail,Savings,96478.99,3,1,16866.04,15869.07,24,34,69,3,1,1,0,85,1,196,0,0,None
CUST04984,45,Female,2,Retail,FD,29503.91,2,1,3976.53,1972.09,27,46,73,1,0,0,0,48,0,135,0,0,None
CUST04985,52,Male,24,SME,FD,145333.09,4,1,8046.12,3667.43,27,30,66,3,1,1,0,-5,0,652,1,0,None
CUST04986,41,Female,6,HNI,RD,1306041.63,1,1,221409.6,185447.85,23,42,90,3,1,1,0,28,1,603,1,0,None
CUST04987,29,Male,22,Retail,FD,35711.06,3,1,2264.69,936.92,4,13,18,2,0,0,1,81,1,416,4,1,Full Withdrawal
CUST04988,30,Female,23,Retail,FD,73122.6,2,1,13252.8,9989.84,18,21,43,2,0,1,0,-1,0,441,1,1,Full Withdrawal
CUST04989,42,Female,5,Retail,Savings,66093.93,1,1,8162.28,4772.16,15,38,59,1,0,0,0,-2,1,597,0,0,None
CUST04990,41,Female,12,SME,FD,391015.02,4,1,61427.94,49025.49,31,48,96,3,0,1,1,90,1,310,0,0,None
CUST04991,36,Male,4,Retail,FD,94117.24,1,1,18403.23,8578.47,14,20,52,4,1,1,1,23,1,339,0,0,None
CUST04992,47,Male,22,Retail,Savings,78629.45,2,1,8579.33,4989.09,27,38,43,1,0,0,0,66,1,115,0,0,None
CUST04993,63,Male,24,SME,Current,62761.76,3,1,7126.94,2917.56,33,43,83,2,1,0,0,44,1,373,0,0,None
CUST04994,32,Male,4,Retail,Current,49217.4,3,1,8472.05,4484.26,35,38,47,2,0,1,0,64,1,519,0,0,None
CUST04995,58,Male,5,Retail,RD,88413.28,4,1,5095.97,3392.86,24,41,50,2,1,0,0,64,1,334,2,0,None
CUST04996,62,Male,7,Retail,Current,7134.09,4,1,316.98,157.76,35,52,58,2,0,0,1,83,0,713,1,0,None
CUST04997,32,Male,6,Retail,RD,60239.3,4,1,8234.15,6009.37,13,31,46,2,0,0,1,81,0,37,0,0,None
CUST04998,48,Female,13,Retail,Savings,27036.24,4,1,1806.11,839.81,24,27,66,3,0,1,1,76,1,306,0,0,None
CUST04999,51,Male,4,Retail,Savings,11062.91,2,1,895.19,724.99,29,56,90,2,0,0,1,50,1,381,1,0,None
CUST05000,40,Female,13,Retail,RD,91721.8,4,1,17996.26,16321.09,20,26,62,3,1,0,1,48,1,389,0,0,None
CUST05001,55,Female,4,Retail,Savings,82546.89,1,1,11928.33,7303.23,35,44,56,4,1,1,1,68,1,54,4,1,Account Closure
CUST05002,59,Male,10,SME,Savings,318561.33,2,1,56360.52,38917.69,9,34,40,1,0,0,0,99,0,560,0,0,None
CUST05003,44,Female,20,SME,Current,278470.35,2,1,51140.12,34196.5,35,38,78,2,0,0,1,0,1,265,4,1,Full Withdrawal
CUST05004,22,Male,1,Retail,FD,18910.6,4,1,1123.59,934.79,17,30,73,3,1,0,1,2,1,692,0,0,None
CUST05005,24,Female,21,Retail,Savings,50235.33,2,1,9466.57,8963.0,8,22,51,3,0,1,1,51,1,235,0,0,None
CUST05006,24,Male,8,Retail,Savings,73948.46,1,1,13210.38,10629.43,28,45,68,1,0,0,0,81,1,30,0,0,None
CUST05007,49,Male,7,Retail,Current,55711.53,2,1,2632.64,1363.69,21,27,38,1,0,0,0,60,1,334,4,1,Partial Withdrawal
CUST05008,35,Female,5,Retail,Current,85824.17,2,1,16851.85,13192.37,36,49,93,3,1,0,1,84,1,188,2,0,None
CUST05009,51,Male,3,SME,Savings,234156.14,1,1,26537.08,19602.15,18,34,52,2,0,0,1,96,0,259,3,1,Full Withdrawal
CUST05010,26,Female,15,Retail,FD,46035.41,1,1,9019.17,4649.98,29,32,40,1,0,0,0,11,1,692,0,0,None
CUST05011,70,Male,17,Retail,FD,92890.4,2,1,15960.12,8499.23,9,22,59,3,1,1,0,27,1,152,0,0,None
CUST05012,36,Male,23,Retail,FD,8447.99,3,1,932.84,708.06,5,29,70,2,1,0,0,3,1,668,0,0,None
CUST05013,59,Male,13,SME,Savings,414427.49,2,1,50497.65,42635.18,34,45,92,3,0,1,1,-5,1,679,1,0,None
CUST05014,35,Male,15,Retail,Current,67774.25,1,1,5694.09,4665.29,23,32,66,1,0,0,0,99,1,695,0,0,None
CUST05015,35,Male,19,Retail,RD,84425.55,1,1,9954.38,7301.8,32,54,78,2,1,0,0,20,0,209,0,0,None
CUST05016,70,Male,20,Retail,Current,56409.87,1,1,3226.58,2954.41,2,14,32,4,1,1,1,40,1,82,0,0,None
CUST05017,29,Male,14,SME,Savings,266012.19,3,1,49313.77,39553.34,15,28,59,3,1,0,1,-8,1,499,0,1,Account Closure
CUST05018,29,Female,21,SME,RD,379482.09,1,1,58483.48,40824.61,8,26,43,1,0,0,0,6,0,721,1,1,Partial Withdrawal
CUST05019,40,Male,13,Retail,Current,35127.22,4,1,5930.64,5034.6,9,17,28,2,1,0,0,9,1,665,1,0,None
CUST05020,53,Female,12,Retail,FD,97512.14,4,1,12187.02,6821.88,9,25,47,2,0,1,0,-4,1,361,1,0,None
CUST05021,52,Male,24,Retail,Savings,68382.19,3,1,4109.87,2239.55,25,45,87,1,0,0,0,6,0,270,0,0,None
CUST05022,50,Female,23,Retail,Current,45448.93,1,1,5724.71,5348.6,2,5,48,4,1,1,1,47,1,469,0,0,None
CUST05023,62,Male,9,SME,RD,267345.76,1,1,24775.73,22853.18,36,43,56,2,1,0,0,95,1,267,0,0,None
CUST05024,32,Male,3,SME,Current,276409.6,4,1,11503.32,10172.2,9,12,39,3,1,1,0,79,1,687,0,0,None
CUST05025,66,Male,11,SME,Savings,479750.34,4,1,66400.19,34388.86,6,21,56,2,1,0,0,16,1,283,0,1,Account Closure
CUST05026,34,Male,10,SME,Savings,95114.54,2,1,16795.69,12147.13,33,60,66,1,0,0,0,2,1,4,0,1,Full Withdrawal
CUST05027,48,Female,1,Retail,Savings,75137.85,3,1,11547.81,8017.39,2,11,55,2,0,1,0,93,0,617,0,0,None
CUST05028,40,Male,17,Retail,Savings,51833.42,2,1,3927.17,2009.57,3,20,62,1,0,0,0,-6,1,290,0,0,None
CUST05029,47,Female,13,SME,FD,483400.73,3,1,82691.16,53441.93,16,36,81,3,1,0,1,54,1,424,0,0,None
CUST05030,58,Male,14,Retail,Savings,91381.85,1,1,8180.5,5365.02,10,29,72,2,1,0,0,6,0,71,0,0,None
CUST05031,69,Male,1,SME,Savings,398874.07,1,1,29898.67,15916.33,13,38,47,3,1,0,1,26,1,274,2,1,Full Withdrawal
CUST05032,30,Female,2,Retail,Savings,25503.06,3,1,4942.05,4572.31,11,25,52,3,1,0,1,5,0,508,1,1,Account Closure
CUST05033,49,Male,2,Retail,Current,54552.26,2,1,2326.96,1561.37,25,32,68,2,0,0,1,7,1,531,0,1,Full Withdrawal
CUST05034,53,Female,7,HNI,Current,924311.75,4,1,61754.25,42529.57,20,25,68,1,0,0,0,81,1,143,0,0,None
CUST05035,24,Male,9,Retail,FD,73715.24,3,1,8456.62,6166.72,18,40,60,2,0,1,0,-8,1,587,0,0,None
CUST05036,53,Female,24,HNI,FD,1786921.04,3,1,119243.16,105866.92,3,14,29,3,1,0,1,7,1,140,0,0,None
CUST05037,26,Male,4,HNI,Savings,1804665.44,3,1,120369.6,83454.69,11,27,45,2,0,1,0,30,0,548,1,1,Partial Withdrawal
CUST05038,29,Female,2,SME,Current,220648.1,1,1,31220.76,21777.45,6,30,37,3,1,0,1,83,0,242,0,0,None
CUST05039,35,Female,19,SME,Savings,324731.18,3,1,55543.59,29555.1,7,20,32,2,1,0,0,85,1,396,1,0,None
CUST05040,24,Male,5,Retail,Savings,44351.73,1,1,6469.09,4732.46,3,32,51,1,0,0,0,67,0,144,1,1,Partial Withdrawal
CUST05041,45,Male,9,SME,Current,128766.2,4,1,7240.83,4414.24,9,30,43,3,1,1,0,6,1,220,1,0,None
CUST05042,34,Male,24,Retail,FD,85131.6,4,1,15601.26,11790.34,5,18,38,3,1,0,1,72,1,172,1,0,None
CUST05043,64,Female,13,Retail,Savings,97015.47,2,1,18203.95,10292.7,32,60,90,2,1,0,0,50,1,300,4,1,Account Closure
CUST05044,50,Male,12,Retail,Savings,53293.64,1,1,4527.85,3593.53,37,45,81,1,0,0,0,36,0,443,1,0,None
CUST05045,29,Male,19,Retail,FD,60107.23,4,1,7723.66,5718.57,9,16,38,3,1,0,1,61,0,414,0,0,None
CUST05046,63,Male,9,Retail,Current,28090.08,4,1,3304.46,2184.14,32,38,50,3,0,1,1,57,1,16,2,0,None
CUST05047,52,Male,10,Retail,Savings,60978.78,2,1,8958.76,4059.84,18,38,81,3,1,0,1,13,0,625,0,0,None
CUST05048,47,Female,19,Retail,Current,43056.78,2,1,8459.43,6300.86,15,30,66,3,1,1,0,82,1,596,0,0,None
CUST05049,39,Female,10,SME,RD,427121.69,2,1,84493.58,73729.39,9,11,25,3,0,1,1,36,1,9,1,0,None
CUST05050,39,Male,12,Retail,Savings,40825.74,1,1,4958.82,2450.11,26,51,67,2,0,1,0,45,1,125,0,0,None
CUST05051,28,Female,14,HNI,Savings,309193.4,3,1,16916.57,7554.87,15,27,43,1,0,0,0,64,0,46,3,1,Partial Withdrawal
CUST05052,69,Male,8,SME,Savings,326912.97,1,1,30571.46,12893.91,24,48,62,1,0,0,0,65,1,274,0,0,None
CUST05053,59,Male,16,SME,FD,105393.38,2,1,11189.68,4671.69,18,41,79,4,1,1,1,3,1,428,0,0,None
CUST05054,69,Male,17,Retail,Savings,8833.75,3,1,1109.0,957.22,13,18,52,2,1,0,0,60,0,214,4,1,Account Closure
CUST05055,37,Female,20,SME,RD,351235.81,4,1,68020.07,54428.86,21,43,91,3,0,1,1,56,0,634,2,0,None
CUST05056,54,Female,4,Retail,FD,20535.23,1,1,1683.62,860.77,35,50,85,3,1,0,1,85,1,498,4,1,Full Withdrawal
CUST05057,24,Female,6,SME,Savings,273672.68,2,1,34447.19,31154.54,12,34,76,1,0,0,0,0,1,442,0,1,Full Withdrawal
CUST05058,59,Male,12,Retail,Savings,80846.42,2,1,6998.68,3320.43,28,47,76,3,0,1,1,-9,1,323,0,0,None
CUST05059,25,Male,18,SME,Current,462087.71,3,1,86463.03,52378.4,10,17,45,3,1,0,1,6,1,586,4,1,Partial Withdrawal
CUST05060,57,Male,7,HNI,Savings,1021013.5,1,1,202562.17,131393.89,19,47,84,3,1,0,1,31,1,84,1,0,None
CUST05061,25,Female,5,Retail,RD,29960.99,4,1,5372.55,2373.28,39,45,58,3,1,0,1,47,1,607,2,1,Account Closure
CUST05062,63,Female,10,Retail,Savings,88530.08,4,1,8339.44,4929.53,37,55,84,4,1,1,1,12,1,563,0,0,None
CUST05063,30,Female,6,SME,Savings,341096.88,3,1,28809.53,13138.14,29,55,79,2,0,0,1,22,1,429,1,1,Account Closure
CUST05064,61,Male,14,Retail,Current,32536.17,3,1,3546.03,2958.72,21,29,50,4,1,1,1,75,1,432,1,0,None
CUST05065,38,Male,6,SME,Savings,244972.42,4,1,39100.58,16647.29,30,42,52,3,1,1,0,34,1,631,0,0,None
CUST05066,38,Male,14,Retail,Current,35437.67,3,1,1470.33,601.99,5,20,60,1,0,0,0,67,1,82,0,0,None
CUST05067,54,Male,12,Retail,Savings,6113.7,3,1,1217.96,977.87,16,19,64,1,0,0,0,38,0,12,0,0,None
CUST05068,41,Male,22,HNI,Current,1168258.97,1,1,211858.88,175729.86,29,52,76,1,0,0,0,95,1,207,0,0,None
CUST05069,35,Male,12,SME,Current,61107.23,3,1,2677.14,1800.64,25,43,73,2,1,0,0,9,0,354,2,1,Account Closure
CUST05070,43,Male,8,SME,Current,96778.71,2,1,9787.81,5626.33,38,41,85,2,0,0,1,100,1,45,2,0,None
CUST05071,48,Female,10,Retail,Current,71069.89,2,1,10664.28,5652.59,17,33,49,1,0,0,0,42,1,604,0,0,None
CUST05072,64,Female,16,SME,Savings,305828.95,2,1,24045.78,11166.03,23,31,42,3,1,1,0,6,1,447,2,1,Account Closure
CUST05073,24,Male,20,Retail,Current,18862.41,3,1,1185.58,789.98,18,22,66,3,1,1,0,98,1,192,0,0,None
CUST05074,45,Male,8,Retail,Savings,89123.49,4,1,12538.87,8402.28,2,26,60,2,1,0,0,-3,0,684,0,0,None
CUST05075,51,Male,9,SME,Current,418163.08,2,1,77177.88,50225.7,32,39,65,1,0,0,0,-4,1,380,2,1,Partial Withdrawal
CUST05076,29,Female,13,Retail,RD,5390.22,1,1,1039.75,860.96,26,48,94,2,0,0,1,26,1,401,1,0,None
CUST05077,43,Female,20,Retail,Savings,32953.37,3,1,1372.25,624.21,13,40,73,3,1,1,0,89,0,587,1,0,None
CUST05078,46,Female,17,Retail,Current,23594.55,4,1,4244.97,3262.28,21,31,57,1,0,0,0,38,1,317,2,1,Account Closure
CUST05079,31,Female,19,SME,Savings,445564.44,4,1,57799.9,35885.76,20,31,59,3,0,1,1,57,1,413,2,0,None
CUST05080,70,Male,17,Retail,Current,76831.7,3,1,5995.38,3192.67,6,28,35,2,0,1,0,19,1,89,4,1,Partial Withdrawal
CUST05081,50,Male,7,SME,FD,262478.81,3,1,36408.7,28212.26,16,38,83,2,0,0,1,41,1,4,1,0,None
CUST05082,61,Male,1,Retail,Savings,22660.41,1,1,4516.81,2297.8,26,35,63,4,1,1,1,43,1,554,0,0,None
CUST05083,22,Male,20,Retail,FD,10506.62,3,1,884.53,466.15,36,44,74,1,0,0,0,41,0,214,0,0,None
CUST05084,42,Female,14,SME,Savings,460873.14,3,1,38852.58,36878.87,4,6,15,3,1,1,0,74,1,152,0,0,None
CUST05085,60,Male,17,Retail,Current,81566.52,4,1,12384.31,11006.78,19,30,47,3,0,1,1,96,1,19,0,0,None
CUST05086,45,Male,13,Retail,FD,44853.79,2,1,2104.24,1648.52,23,42,83,2,0,0,1,31,1,41,5,1,Account Closure
CUST05087,30,Male,2,Retail,Savings,28963.85,2,1,4961.15,2846.06,17,34,60,2,1,0,0,16,1,603,0,0,None
CUST05088,65,Female,14,Retail,FD,6968.85,4,1,1006.33,699.6,16,21,59,1,0,0,0,-8,0,723,1,1,Account Closure
CUST05089,47,Male,1,SME,Savings,488687.52,3,1,85320.25,40069.69,6,16,59,2,0,0,1,84,0,495,2,0,None
CUST05090,30,Female,5,Retail,FD,70058.1,1,1,5388.76,3145.28,14,38,45,2,0,0,1,5,1,361,0,0,None
CUST05091,41,Male,7,SME,Current,470022.38,2,1,82512.63,36089.69,29,48,84,2,0,1,0,66,1,141,0,0,None
CUST05092,56,Male,19,Retail,Current,56032.94,3,1,6263.26,4607.72,11,23,51,4,1,1,1,60,0,66,1,0,None
CUST05093,57,Male,14,Retail,RD,44970.18,2,1,2753.77,2400.25,17,30,43,2,0,1,0,64,1,64,4,1,Partial Withdrawal
CUST05094,63,Female,24,HNI,Savings,1813822.73,4,1,334156.24,282446.64,3,12,19,2,1,0,0,87,1,456,2,0,None
CUST05095,57,Male,14,Retail,Savings,86757.47,2,1,13256.72,11544.54,37,39,65,4,1,1,1,31,1,140,1,0,None
CUST05096,30,Female,15,Retail,FD,34169.64,4,1,2286.82,1134.33,26,35,63,4,1,1,1,64,0,541,1,0,None
CUST05097,43,Male,5,Retail,Savings,90953.25,4,1,7225.4,5473.58,6,12,54,3,1,0,1,85,1,413,0,0,None
CUST05098,22,Male,5,Retail,Current,72160.42,4,1,5990.63,5548.57,29,31,45,4,1,1,1,45,1,214,3,1,Account Closure
CUST05099,26,Female,21,Retail,RD,8530.78,1,1,1656.11,1375.88,18,22,61,2,1,0,0,98,0,286,1,0,None
CUST05100,30,Male,24,Retail,Current,80168.08,3,1,14573.62,5856.62,3,31,55,2,0,1,0,22,1,585,0,0,None
CUST05101,58,Female,2,Retail,Savings,51989.57,4,1,4960.6,4391.46,16,30,75,2,0,1,0,18,1,709,0,1,Full Withdrawal
CUST05102,59,Female,18,Retail,Savings,94818.78,4,1,10872.1,8569.16,39,56,104,4,1,1,1,84,0,612,0,0,None
CUST05103,40,Male,24,Retail,Savings,35744.99,2,1,3061.37,1430.07,30,54,70,1,0,0,0,80,1,13,2,0,None
CUST05104,29,Female,9,Retail,Savings,61165.3,3,1,9714.5,5562.55,24,37,84,2,1,0,0,92,1,130,4,0,None
CUST05105,63,Male,10,Retail,Savings,95833.89,1,1,6305.24,2929.62,19,27,43,3,1,0,1,51,1,545,0,0,None
CUST05106,64,Male,18,SME,FD,441699.0,1,1,41598.45,33336.82,15,24,45,2,0,0,1,92,1,440,0,0,None
CUST05107,53,Male,4,HNI,Savings,1520214.33,2,1,208233.97,83697.17,33,45,53,2,0,0,1,55,0,586,2,0,None
CUST05108,34,Female,8,Retail,RD,76487.07,1,1,13796.36,9043.34,7,21,67,3,1,0,1,-3,1,441,1,0,None
CUST05109,41,Male,18,SME,FD,444160.52,2,1,62932.23,59779.01,29,41,53,2,0,0,1,32,1,258,0,0,None
CUST05110,57,Female,20,Retail,RD,84676.81,3,1,16118.76,13993.05,19,24,35,2,1,0,0,36,1,125,3,1,Full Withdrawal
CUST05111,64,Female,17,Retail,Savings,54380.68,2,1,10274.11,7427.89,36,43,65,3,0,1,1,1,1,703,0,0,None
CUST05112,65,Male,16,Retail,Current,35297.51,2,1,5468.57,4274.58,39,68,98,4,1,1,1,73,1,144,2,0,None
CUST05113,58,Male,18,Retail,Savings,55833.04,4,1,4723.05,3457.28,5,29,64,1,0,0,0,29,1,60,1,0,None
CUST05114,51,Male,7,Retail,Savings,38246.2,1,1,5709.88,4830.36,32,57,69,2,0,0,1,-6,1,227,0,0,None
CUST05115,31,Male,1,Retail,Current,21760.9,3,1,1541.5,1367.76,12,32,70,3,0,1,1,45,1,440,0,0,None
CUST05116,52,Male,1,Retail,FD,57722.12,3,1,5386.21,4425.45,12,34,54,1,0,0,0,93,1,131,3,1,Partial Withdrawal
CUST05117,46,Female,18,HNI,Savings,587783.41,4,1,94788.25,47401.65,30,39,63,3,1,0,1,46,1,180,1,0,None
CUST05118,50,Female,4,Retail,Savings,8474.65,2,1,1492.4,902.73,20,27,41,2,0,1,0,66,1,528,0,0,None
CUST05119,45,Female,23,Retail,Savings,11134.49,3,1,1187.86,987.62,18,36,45,3,1,0,1,99,1,488,0,0,None
CUST05120,60,Female,20,SME,FD,249842.43,3,1,30917.98,26365.24,5,24,39,1,0,0,0,99,1,723,0,0,None
CUST05121,42,Female,21,Retail,RD,43663.75,2,1,4444.15,3314.63,5,9,51,1,0,0,0,-10,1,459,0,1,Account Closure
CUST05122,62,Male,20,Retail,Savings,51940.94,2,1,6060.89,4804.95,13,26,69,2,0,0,1,22,1,230,0,0,None
CUST05123,30,Female,4,SME,Savings,279923.17,3,1,34150.07,16937.55,8,24,50,3,0,1,1,49,1,174,0,0,None
CUST05124,63,Female,6,HNI,RD,394749.3,2,1,59486.16,35987.12,22,30,45,4,1,1,1,62,1,287,2,1,Partial Withdrawal
CUST05125,63,Male,3,SME,Savings,155185.63,1,1,24842.72,17242.09,34,48,70,2,0,0,1,92,1,1,0,0,None
CUST05126,23,Female,6,SME,FD,276687.17,3,1,54231.4,51033.9,38,49,71,1,0,0,0,94,1,439,1,0,None
CUST05127,25,Male,13,SME,Savings,144988.76,2,1,15952.28,13393.03,13,33,68,2,0,1,0,23,1,542,0,0,None
CUST05128,29,Female,23,HNI,Savings,1802210.68,3,1,96062.1,48601.74,8,18,42,3,1,0,1,61,1,528,1,0,None
CUST05129,53,Female,7,Retail,Current,54105.57,3,1,8121.6,4822.8,16,42,69,4,1,1,1,22,0,68,1,0,None
CUST05130,35,Female,24,Retail,FD,50298.56,4,1,6021.94,3127.16,38,67,111,3,1,0,1,89,1,88,0,0,None
CUST05131,70,Male,4,Retail,Savings,33682.74,1,1,5879.78,2844.3,10,23,37,2,0,0,1,45,1,168,2,1,Account Closure
CUST05132,34,Female,1,Retail,Savings,14717.49,1,1,933.78,435.13,34,63,84,2,0,0,1,65,1,599,3,0,None
CUST05133,42,Male,6,SME,Savings,99341.56,4,1,14224.34,13244.8,39,51,96,2,0,1,0,89,1,17,0,0,None
CUST05134,45,Male,24,Retail,Current,59106.33,4,1,6707.47,6027.66,17,42,91,1,0,0,0,72,0,611,3,1,Account Closure
CUST05135,71,Female,5,Retail,FD,81900.25,3,1,8770.57,5839.31,32,58,70,3,0,1,1,92,1,376,0,0,None
CUST05136,39,Female,13,Retail,FD,27374.75,1,1,3569.08,2504.42,16,25,60,2,0,0,1,10,1,463,0,0,None
CUST05137,66,Female,19,SME,Savings,316110.41,4,1,47248.78,40692.66,3,13,57,3,0,1,1,86,0,399,0,0,None
CUST05138,61,Male,4,Retail,FD,32734.84,2,1,5766.19,4364.2,14,19,49,2,0,0,1,96,1,411,4,1,Account Closure
CUST05139,47,Male,24,SME,Savings,279135.15,3,1,21665.87,17396.87,6,27,73,2,0,0,1,57,1,328,2,1,Account Closure
CUST05140,53,Female,6,Retail,Savings,17817.05,1,1,1548.22,1292.96,34,40,88,1,0,0,0,-7,0,245,1,1,Full Withdrawal
CUST05141,65,Male,13,Retail,FD,26000.56,3,1,3322.17,2211.46,33,41,54,1,0,0,0,97,1,655,0,0,None
CUST05142,54,Male,5,Retail,Savings,69830.75,3,1,6665.29,6239.62,22,32,68,3,1,1,0,38,1,117,0,0,None
CUST05143,52,Female,13,Retail,Savings,28176.36,2,1,3689.28,2750.73,3,8,35,3,1,1,0,0,1,456,0,0,None
CUST05144,39,Male,10,SME,Savings,166917.36,2,1,12022.08,8997.53,37,61,97,3,1,1,0,79,0,260,0,0,None
CUST05145,56,Female,3,HNI,FD,735875.16,4,1,65657.47,31356.35,34,47,87,2,1,0,0,-6,1,449,0,1,Partial Withdrawal
CUST05146,33,Male,23,Retail,Current,39696.23,2,1,3651.05,3443.87,12,25,34,2,1,0,0,49,1,281,4,1,Full Withdrawal
CUST05147,46,Male,13,Retail,Savings,89523.52,1,1,17794.71,7810.57,24,31,36,2,0,1,0,19,1,483,2,1,Account Closure
CUST05148,66,Male,12,Retail,FD,52534.39,4,1,9282.6,8745.14,39,53,88,1,0,0,0,55,1,136,0,0,None
CUST05149,52,Male,4,SME,FD,443655.61,1,1,77210.32,69551.91,34,44,79,1,0,0,0,77,1,433,0,0,None
CUST05150,31,Male,10,SME,FD,317207.27,1,1,38753.59,33755.58,9,35,48,2,0,0,1,94,1,401,0,0,None
CUST05151,68,Male,3,Retail,Current,17493.08,4,1,2006.38,1545.87,37,47,84,2,0,0,1,5,1,28,1,0,None
CUST05152,55,Male,17,Retail,Savings,44252.12,2,1,2266.6,1665.66,37,59,98,3,0,1,1,71,1,518,1,0,None
CUST05153,24,Male,9,SME,Savings,303118.91,3,1,21694.9,20569.82,34,38,68,1,0,0,0,65,0,67,0,0,None
CUST05154,67,Male,1,Retail,FD,27887.75,2,1,5110.58,4781.96,30,44,50,3,0,1,1,79,1,180,3,0,None
CUST05155,60,Male,18,Retail,FD,64060.78,1,1,7950.11,6729.83,32,39,77,3,0,1,1,1,1,713,0,1,Account Closure
CUST05156,29,Male,9,Retail,RD,87849.14,1,1,17393.26,7788.25,31,50,71,1,0,0,0,15,1,40,1,0,None
CUST05157,53,Female,21,Retail,Savings,93768.99,4,1,12629.38,7636.88,9,33,43,4,1,1,1,57,0,596,5,1,Account Closure
CUST05158,64,Female,20,SME,Savings,431764.32,1,1,43348.25,37984.35,27,42,83,2,0,1,0,16,1,656,5,1,Account Closure
CUST05159,50,Female,9,HNI,Savings,1586378.02,4,1,133029.83,104612.82,24,48,83,3,0,1,1,42,1,74,1,0,None
CUST05160,43,Male,2,Retail,Savings,12125.96,4,1,2266.8,1058.83,27,30,62,3,1,1,0,76,0,78,0,0,None
CUST05161,41,Female,19,Retail,Current,87788.89,2,1,8718.94,5157.57,39,46,71,3,1,0,1,74,1,15,5,1,Full Withdrawal
CUST05162,27,Female,16,Retail,RD,89135.5,1,1,5649.64,2320.22,3,24,39,3,1,1,0,37,1,681,1,0,None
CUST05163,64,Female,3,Retail,Current,57941.87,2,1,4897.33,4363.73,27,35,80,2,0,0,1,26,1,522,2,1,Partial Withdrawal
CUST05164,70,Male,16,Retail,Current,11406.01,3,1,1634.48,1325.32,19,28,68,3,0,1,1,87,1,396,5,1,Full Withdrawal
CUST05165,50,Female,21,Retail,Current,50283.2,2,1,3081.44,1971.27,28,39,82,1,0,0,0,34,1,293,0,0,None
CUST05166,63,Female,13,Retail,Savings,25016.5,1,1,1367.17,1118.64,18,32,81,3,1,1,0,64,1,270,0,0,None
CUST05167,38,Female,3,Retail,FD,47000.17,3,1,5321.37,4860.44,16,44,75,2,0,0,1,-8,0,409,0,0,None
CUST05168,52,Male,10,Retail,Current,73792.02,1,1,3939.33,2182.15,8,10,34,2,1,0,0,-5,1,437,5,1,Account Closure
CUST05169,55,Male,22,Retail,Savings,68417.31,3,1,7038.1,3921.62,18,24,48,3,1,1,0,67,0,158,1,0,None
CUST05170,59,Male,18,Retail,Current,79099.22,1,1,7248.34,4823.47,20,46,52,2,1,0,0,-5,1,223,0,0,None
CUST05171,58,Male,6,Retail,Current,50269.66,2,1,5159.49,4069.78,28,31,72,2,0,1,0,66,1,614,0,0,None
CUST05172,25,Female,6,HNI,Savings,709165.04,1,1,83714.19,79207.9,18,23,54,3,1,1,0,18,1,499,0,0,None
CUST05173,23,Male,18,Retail,Savings,93890.48,4,1,6539.72,3201.93,33,58,80,2,1,0,0,22,1,658,0,0,None
CUST05174,33,Male,6,Retail,Savings,64962.45,4,1,7197.05,4233.12,17,30,47,3,0,1,1,6,1,382,0,0,None
CUST05175,56,Male,6,SME,Savings,294216.56,2,1,28787.05,17269.12,31,37,59,1,0,0,0,46,1,451,2,1,Full Withdrawal
CUST05176,27,Male,22,HNI,Savings,416968.76,2,1,69748.77,55743.44,15,40,55,3,0,1,1,0,0,5,2,1,Partial Withdrawal
CUST05177,67,Male,13,Retail,Current,65846.11,3,1,9952.66,8834.27,19,35,53,3,1,1,0,55,1,89,3,1,Full Withdrawal
CUST05178,29,Female,14,SME,Current,119910.91,2,1,21536.8,10791.82,23,34,82,1,0,0,0,23,1,207,1,0,None
CUST05179,42,Female,21,Retail,Current,38866.15,4,1,5714.94,4529.13,17,44,52,2,1,0,0,84,0,41,1,0,None
CUST05180,67,Male,7,Retail,RD,45630.58,2,1,2709.25,2439.12,17,35,78,3,1,1,0,5,1,700,2,1,Account Closure
CUST05181,56,Male,13,Retail,Current,41076.29,4,1,4975.67,2322.21,27,42,59,2,1,0,0,97,1,86,1,0,None
CUST05182,69,Male,15,SME,Current,208324.2,2,1,33080.87,24786.93,7,15,38,2,1,0,0,30,1,419,1,0,None
CUST05183,36,Male,12,SME,FD,390384.81,4,1,68187.95,34865.26,8,31,78,2,0,1,0,26,0,283,1,1,Partial Withdrawal
CUST05184,28,Female,21,Retail,Current,38962.73,3,1,2688.59,1727.76,10,13,56,2,1,0,0,11,1,268,0,1,Full Withdrawal
CUST05185,36,Female,1,Retail,Savings,18522.97,1,1,1403.31,659.2,27,51,80,3,1,0,1,35,0,417,5,1,Account Closure
CUST05186,66,Female,3,Retail,Savings,51940.13,1,1,9243.19,7172.63,3,7,26,4,1,1,1,24,1,152,0,0,None
CUST05187,27,Female,18,Retail,FD,98511.21,4,1,11591.29,7195.37,37,42,66,4,1,1,1,-4,0,154,2,1,Account Closure
CUST05188,68,Male,22,Retail,FD,24349.77,2,1,2736.61,1948.44,4,21,42,1,0,0,0,39,1,372,1,0,None
CUST05189,38,Female,8,SME,RD,331210.59,2,1,39433.41,27128.15,22,39,44,1,0,0,0,4,1,354,0,1,Full Withdrawal
CUST05190,25,Female,2,SME,Current,361248.45,1,1,24468.53,19126.85,4,32,65,2,0,0,1,-7,1,476,0,0,None
CUST05191,43,Female,4,SME,FD,327750.07,4,1,46023.27,41078.9,10,33,81,2,0,0,1,77,1,276,3,1,Partial Withdrawal
CUST05192,53,Male,18,SME,Savings,190294.26,2,1,32212.21,17841.12,13,17,40,2,0,0,1,2,0,712,0,0,None
CUST05193,43,Female,13,Retail,Current,59980.72,1,1,10432.43,7587.94,9,27,61,2,1,0,0,18,1,178,0,0,None
CUST05194,48,Female,15,SME,RD,308630.22,4,1,13845.32,9907.32,38,65,94,1,0,0,0,39,1,118,1,0,None
CUST05195,67,Female,2,Retail,Savings,67014.08,3,1,10349.0,5933.39,22,40,72,3,0,1,1,5,1,720,1,0,None
CUST05196,36,Male,10,Retail,Savings,34103.48,2,1,1861.91,1256.37,38,61,102,2,0,1,0,-10,0,674,1,1,Full Withdrawal
CUST05197,65,Female,2,Retail,Savings,53774.55,2,1,10469.86,4420.89,4,25,71,2,0,0,1,23,1,632,0,0,None
CUST05198,43,Female,21,Retail,FD,55451.4,4,1,6496.61,4124.13,22,30,45,1,0,0,0,87,0,608,0,0,None
CUST05199,49,Female,12,Retail,Savings,61261.33,1,1,10050.93,5515.85,27,53,73,4,1,1,1,69,0,240,0,0,None
CUST05200,63,Female,5,Retail,Current,83236.24,4,1,11611.23,10161.99,25,34,56,1,0,0,0,85,1,286,2,0,None
CUST05201,59,Female,12,SME,Savings,342081.09,1,1,65785.56,39259.86,35,55,100,3,0,1,1,93,1,483,0,0,None
CUST05202,30,Male,23,Retail,Savings,29335.33,4,1,5743.43,2904.54,33,41,54,4,1,1,1,22,1,656,0,0,None
CUST05203,55,Female,1,Retail,RD,80601.84,3,1,6820.59,4715.2,28,30,62,2,1,0,0,4,1,688,0,0,None
CUST05204,57,Male,2,HNI,Savings,1076709.94,2,1,126253.98,106814.71,31,48,79,2,0,0,1,70,1,393,0,0,None
CUST05205,30,Female,16,Retail,Savings,26433.42,1,1,3189.94,1897.14,5,24,66,4,1,1,1,47,1,694,5,1,Full Withdrawal
CUST05206,36,Male,22,Retail,Savings,5079.45,3,1,347.6,300.94,3,29,77,3,1,1,0,70,1,671,0,0,None
CUST05207,66,Male,2,Retail,Current,68263.95,4,1,12603.58,7302.15,24,51,78,1,0,0,0,24,1,403,1,1,Full Withdrawal
CUST05208,41,Female,16,Retail,Savings,19931.91,1,1,1912.21,1538.52,5,14,61,3,0,1,1,42,1,162,1,0,None
CUST05209,29,Female,20,Retail,Current,95914.65,1,1,5178.73,2399.76,38,46,72,3,0,1,1,18,1,574,0,0,None
CUST05210,49,Female,16,Retail,RD,62418.69,3,1,4040.07,1754.24,12,40,48,3,1,0,1,65,1,720,0,0,None
CUST05211,40,Female,6,Retail,Savings,85716.92,4,1,10468.49,8434.11,37,48,84,2,1,0,0,47,0,600,0,0,None
CUST05212,37,Female,13,Retail,Savings,81534.04,3,1,14763.34,8896.67,37,40,68,2,1,0,0,90,0,144,0,0,None
CUST05213,32,Male,12,Retail,Current,57990.78,4,1,8148.57,5020.72,16,32,74,3,1,1,0,66,1,335,1,0,None
CUST05214,63,Male,23,Retail,Current,46643.32,3,1,3469.01,2483.06,38,53,85,2,0,0,1,10,1,31,1,0,None
CUST05215,29,Male,10,Retail,Savings,52195.85,3,1,4566.53,4305.23,4,7,17,1,0,0,0,28,0,180,0,1,Partial Withdrawal
CUST05216,54,Male,5,SME,Current,334891.52,3,1,65693.66,32474.37,31,39,76,2,1,0,0,-10,1,711,0,1,Full Withdrawal
CUST05217,31,Male,8,Retail,RD,65842.82,3,1,3190.47,1802.36,24,48,83,2,0,0,1,38,0,399,0,1,Full Withdrawal
CUST05218,39,Female,6,Retail,Savings,24543.13,4,1,4886.39,3697.96,34,57,71,2,0,1,0,66,1,450,0,0,None
CUST05219,56,Female,5,SME,Current,144819.68,2,1,26782.55,21038.49,2,29,45,2,0,1,0,32,1,639,0,0,None
CUST05220,64,Male,20,Retail,Savings,43443.32,3,1,6453.82,5088.06,2,15,26,3,1,0,1,77,1,628,2,0,None
CUST05221,71,Male,22,Retail,Current,10823.26,4,1,2066.29,1503.17,4,10,38,4,1,1,1,77,0,470,0,0,None
CUST05222,24,Female,6,Retail,Savings,41220.57,2,1,2654.39,1920.6,10,17,49,1,0,0,0,66,0,254,0,0,None
CUST05223,61,Male,22,SME,Current,225464.08,1,1,43021.77,20713.21,33,50,65,3,0,1,1,89,1,396,4,0,None
CUST05224,48,Male,17,SME,Current,375156.94,1,1,27766.12,23852.32,14,27,63,3,0,1,1,-6,1,116,2,0,None
CUST05225,49,Female,6,Retail,Savings,14974.95,3,1,1907.72,772.42,32,42,66,3,1,0,1,44,1,627,3,1,Full Withdrawal
CUST05226,67,Female,17,SME,FD,409684.78,1,1,48425.51,30491.97,22,43,75,3,1,1,0,67,1,654,0,0,None
CUST05227,27,Male,5,Retail,Current,71071.74,3,1,8670.28,4495.32,24,37,42,3,0,1,1,69,1,290,0,0,None
CUST05228,68,Female,23,Retail,Savings,90252.23,3,1,7471.15,3417.21,14,25,56,3,0,1,1,59,1,238,0,0,None
CUST05229,35,Male,17,Retail,RD,36855.09,2,1,6077.49,3498.93,27,45,65,3,1,0,1,-9,1,276,0,1,Full Withdrawal
CUST05230,28,Female,17,Retail,Savings,62611.66,1,1,9943.57,7571.56,26,52,92,3,0,1,1,98,1,78,0,0,None
CUST05231,31,Male,13,SME,FD,276036.11,3,1,53174.06,35807.18,9,34,44,2,0,1,0,57,1,338,0,0,None
CUST05232,36,Male,22,Retail,Savings,24273.71,1,1,2940.0,2588.49,31,43,57,3,1,0,1,52,1,35,3,0,None
CUST05233,52,Female,7,Retail,Current,35943.19,2,1,4589.76,3349.73,6,25,68,3,0,1,1,69,1,63,0,0,None
CUST05234,50,Male,22,HNI,Savings,871586.39,1,1,160842.26,86729.96,25,30,78,3,0,1,1,89,1,688,2,0,None
CUST05235,63,Female,21,Retail,Savings,73052.24,2,1,13668.83,9340.89,11,15,38,2,0,1,0,74,1,173,1,0,None
CUST05236,38,Male,6,Retail,Savings,40207.53,2,1,5786.9,3038.48,20,40,54,2,0,0,1,70,1,727,3,1,Account Closure
CUST05237,50,Male,14,Retail,FD,19490.54,2,1,3338.01,1663.2,36,43,73,3,0,1,1,56,0,726,0,0,None
CUST05238,70,Male,16,SME,FD,132274.5,3,1,15981.72,14787.27,23,47,85,1,0,0,0,77,1,31,0,0,None
CUST05239,65,Male,3,SME,Current,112567.03,4,1,11494.36,7556.6,39,48,93,1,0,0,0,59,1,541,0,0,None
CUST05240,36,Female,9,Retail,FD,67060.98,3,1,11953.68,9062.86,8,16,21,3,1,0,1,72,1,281,0,0,None
CUST05241,47,Male,15,SME,RD,216972.1,1,1,35662.3,31396.65,21,37,51,2,0,0,1,87,1,224,2,0,None
CUST05242,33,Female,21,Retail,Current,51384.15,3,1,4048.34,2336.69,33,46,83,1,0,0,0,75,1,223,1,0,None
CUST05243,46,Female,18,SME,Current,218572.42,3,1,10409.12,8680.83,3,19,49,4,1,1,1,99,0,262,1,0,None
CUST05244,62,Female,10,Retail,Savings,25059.26,4,1,3270.13,2726.81,16,26,64,3,1,1,0,-8,1,549,0,0,None
CUST05245,26,Male,10,Retail,FD,20992.27,1,1,3666.48,3128.26,11,14,55,1,0,0,0,28,1,145,0,1,Full Withdrawal
CUST05246,25,Female,23,HNI,FD,738191.77,2,1,58724.8,29609.37,22,49,66,2,0,0,1,76,1,287,0,0,None
CUST05247,65,Male,3,Retail,Savings,99219.92,2,1,16151.34,15013.67,16,37,79,4,1,1,1,0,1,58,2,1,Account Closure
CUST05248,69,Male,1,Retail,Current,82984.71,1,1,8816.39,4858.97,35,51,85,2,1,0,0,85,1,405,1,0,None
CUST05249,62,Male,3,Retail,RD,64482.31,3,1,6042.85,4998.94,36,55,83,3,0,1,1,100,1,130,1,0,None
CUST05250,52,Male,5,HNI,Savings,1305914.57,4,1,88345.91,43224.85,6,20,66,2,0,0,1,19,1,263,0,1,Partial Withdrawal
CUST05251,24,Male,7,Retail,Savings,37077.59,4,1,7025.72,6381.64,20,37,75,3,0,1,1,39,1,347,0,0,None
CUST05252,24,Female,3,Retail,Savings,38324.64,1,1,2916.95,1853.18,8,24,65,3,1,1,0,89,1,150,0,0,None
CUST05253,47,Male,4,Retail,Savings,50378.97,1,1,4265.6,3274.95,37,49,72,3,1,0,1,56,1,4,2,0,None
CUST05254,71,Male,17,Retail,Savings,45089.7,3,1,4195.06,3639.66,19,23,29,1,0,0,0,37,0,499,1,0,None
CUST05255,38,Female,3,Retail,Savings,93744.55,4,1,8019.46,4453.31,7,18,52,2,0,0,1,93,1,301,3,1,Account Closure
CUST05256,31,Male,23,SME,Savings,147127.0,1,1,9719.93,5967.53,5,23,49,3,0,1,1,29,1,597,0,0,None
CUST05257,23,Male,4,HNI,FD,1189219.12,3,1,115011.77,65828.6,6,15,51,2,0,0,1,89,1,99,2,0,None
CUST05258,45,Male,2,Retail,Savings,39195.9,3,1,4526.49,2514.82,15,21,58,1,0,0,0,5,1,713,0,0,None
CUST05259,32,Female,14,Retail,Savings,17631.45,1,1,2261.83,1539.55,34,56,100,2,0,0,1,21,1,92,1,1,Full Withdrawal
CUST05260,45,Male,5,Retail,Savings,31538.68,4,1,2051.27,1437.34,22,31,50,2,1,0,0,89,1,502,1,0,None
CUST05261,56,Male,21,Retail,Savings,96094.84,2,1,15827.42,6999.72,14,30,40,1,0,0,0,51,1,650,0,0,None
CUST05262,44,Male,2,SME,RD,461580.75,3,1,41470.59,31945.25,3,15,55,4,1,1,1,91,0,370,1,0,None
CUST05263,53,Female,15,Retail,FD,5745.96,2,1,1073.76,677.54,16,26,74,3,1,0,1,75,1,727,0,0,None
CUST05264,44,Female,11,Retail,Current,36241.82,3,1,3360.65,2988.43,17,43,63,3,1,1,0,91,0,664,1,0,None
CUST05265,55,Female,22,SME,Current,471750.7,4,1,84000.22,74511.33,36,63,88,3,1,0,1,65,0,313,1,0,None
CUST05266,62,Male,10,Retail,Current,62237.64,2,1,6000.03,4776.33,21,47,85,2,0,0,1,29,1,496,3,1,Full Withdrawal
CUST05267,40,Male,20,Retail,Savings,52474.07,1,1,6345.86,5518.24,2,5,49,4,1,1,1,67,1,644,1,0,None
CUST05268,23,Male,1,Retail,Savings,11628.41,3,1,1157.92,1050.68,4,12,54,2,1,0,0,60,1,337,1,0,None
CUST05269,23,Male,19,SME,Savings,182643.52,1,1,18617.81,13358.85,18,35,74,2,0,0,1,55,1,176,1,0,None
CUST05270,36,Male,14,HNI,RD,982798.01,1,1,136582.54,127643.01,18,26,63,2,0,0,1,93,1,216,0,0,None
CUST05271,42,Male,23,Retail,Savings,54323.98,4,1,8195.78,7584.94,21,26,38,3,0,1,1,0,1,58,0,0,None
CUST05272,56,Male,22,HNI,Current,837000.61,1,1,150053.92,69090.15,21,27,43,2,0,0,1,63,0,385,0,0,None
CUST05273,26,Female,14,Retail,Savings,18698.27,3,1,2450.38,1684.67,5,20,63,3,0,1,1,92,1,357,0,0,None
CUST05274,64,Male,1,Retail,Savings,32352.68,1,1,2416.59,1118.78,12,35,84,2,1,0,0,-5,0,194,0,1,Full Withdrawal
CUST05275,48,Female,9,Retail,Current,14464.1,1,1,2868.71,2226.9,16,24,46,2,0,1,0,-2,1,560,1,1,Partial Withdrawal
CUST05276,45,Male,17,Retail,Savings,31978.45,3,1,4777.7,3922.02,28,42,86,2,0,0,1,8,1,181,2,1,Account Closure
CUST05277,28,Male,14,Retail,RD,87358.61,1,1,8732.4,7741.91,25,44,69,3,1,0,1,14,1,262,1,0,None
CUST05278,27,Male,13,Retail,Savings,34181.22,4,1,6662.35,5046.77,21,32,63,4,1,1,1,-6,1,62,1,1,Account Closure
CUST05279,67,Male,13,Retail,Savings,49671.09,3,1,9604.19,6239.8,16,19,35,3,1,1,0,-6,0,36,0,0,None
CUST05280,54,Male,6,Retail,Current,54381.79,4,1,2867.35,1392.86,7,21,31,3,0,1,1,43,1,665,2,0,None
CUST05281,70,Male,7,Retail,FD,21937.62,1,1,947.09,444.0,19,22,57,1,0,0,0,56,1,566,0,0,None
CUST05282,38,Female,2,SME,Savings,280359.55,2,1,13208.6,8811.68,23,39,77,4,1,1,1,57,1,456,0,0,None
CUST05283,67,Female,8,Retail,Current,86033.21,4,1,12874.9,11045.39,22,28,39,3,1,1,0,1,1,628,3,1,Full Withdrawal
CUST05284,63,Male,24,Retail,FD,12650.07,4,1,1944.83,1580.94,25,48,83,1,0,0,0,79,0,539,3,1,Full Withdrawal
CUST05285,51,Female,6,Retail,Savings,92667.86,1,1,14441.77,12772.89,18,30,38,3,1,1,0,-5,0,78,0,1,Account Closure
CUST05286,29,Female,3,Retail,RD,87755.79,2,1,12359.38,10456.59,12,19,40,3,0,1,1,63,1,644,0,0,None
CUST05287,61,Female,18,SME,Savings,323122.1,3,1,27684.65,14202.41,19,39,72,3,0,1,1,80,1,110,0,0,None
CUST05288,67,Female,18,Retail,Savings,23861.56,2,1,1592.54,812.48,36,65,72,2,0,0,1,93,0,467,1,0,None
CUST05289,28,Male,22,Retail,Current,51009.79,3,1,9613.17,6266.9,32,48,76,3,1,0,1,76,0,219,0,0,None
CUST05290,27,Male,23,SME,Savings,217310.76,1,1,40442.06,20428.73,29,34,41,1,0,0,0,27,0,638,0,1,Partial Withdrawal
CUST05291,25,Male,6,Retail,Current,14495.24,2,1,1142.19,574.65,25,33,76,2,0,1,0,19,0,643,1,0,None
CUST05292,22,Male,11,Retail,Current,57900.32,1,1,3871.79,2118.95,37,61,92,3,1,1,0,26,0,689,1,0,None
CUST05293,36,Male,3,Retail,Savings,84804.11,4,1,8485.04,3499.33,25,48,53,3,0,1,1,95,0,467,0,0,None
CUST05294,52,Female,16,HNI,RD,1503805.96,2,1,71799.31,51281.83,34,52,71,2,0,1,0,14,1,614,0,0,None
CUST05295,46,Female,5,Retail,Current,31441.21,3,1,2073.3,1281.58,31,42,60,4,1,1,1,33,1,475,1,0,None
CUST05296,68,Female,24,Retail,Current,32430.24,4,1,3270.52,1735.23,38,61,69,3,1,0,1,49,1,630,0,0,None
CUST05297,54,Female,22,Retail,Savings,30719.41,3,1,2402.23,1138.23,14,32,40,3,1,1,0,3,1,727,0,1,Full Withdrawal
CUST05298,56,Female,2,Retail,Savings,19577.76,4,1,3091.16,2011.47,17,29,58,3,1,1,0,56,1,313,0,0,None
CUST05299,26,Female,15,Retail,FD,45917.81,3,1,8485.31,6203.42,10,32,47,2,0,1,0,57,0,141,0,0,None
CUST05300,26,Male,16,Retail,FD,79524.54,3,1,14748.81,13794.6,14,37,74,2,0,1,0,25,1,250,4,1,Full Withdrawal
CUST05301,57,Male,7,Retail,Savings,72648.42,1,1,9929.91,5358.21,8,25,40,2,0,0,1,14,1,681,1,0,None
CUST05302,38,Male,16,HNI,Current,1789519.82,4,1,273006.21,113156.76,36,44,60,3,1,0,1,-3,1,114,0,1,Full Withdrawal
CUST05303,35,Female,24,SME,Current,181219.68,1,1,21573.3,17362.37,27,36,55,3,1,0,1,14,1,622,0,0,None
CUST05304,50,Male,4,Retail,Savings,59360.83,1,1,3767.63,1994.37,10,27,57,3,1,0,1,25,1,157,1,0,None
CUST05305,29,Female,16,SME,FD,202337.67,1,1,28652.17,19092.23,36,53,81,2,1,0,0,19,0,306,2,0,None
CUST05306,55,Male,17,Retail,Savings,90326.46,1,1,8670.67,7322.59,25,51,81,2,0,1,0,68,1,562,0,0,None
CUST05307,61,Male,2,Retail,Savings,87816.66,3,1,3594.07,1510.72,34,57,88,3,1,1,0,49,0,56,0,0,None
CUST05308,22,Female,16,Retail,Savings,49224.17,1,1,6497.23,3104.61,22,50,90,3,1,1,0,34,0,145,1,1,Partial Withdrawal
CUST05309,50,Male,4,SME,Savings,95768.79,1,1,6870.36,3119.12,23,47,78,2,0,0,1,90,1,29,1,0,None
CUST05310,57,Male,7,SME,Savings,141063.44,1,1,25651.1,13557.88,20,25,67,2,0,0,1,36,1,56,0,0,None
CUST05311,58,Male,18,Retail,FD,90769.06,3,1,17194.49,8514.15,33,60,66,3,1,0,1,39,1,232,2,1,Full Withdrawal
CUST05312,50,Male,6,HNI,FD,1443989.33,4,1,95227.76,54673.21,6,14,41,3,1,1,0,58,1,52,0,0,None
CUST05313,26,Female,18,Retail,Savings,26056.55,3,1,1164.89,944.11,13,40,53,2,0,1,0,71,1,514,0,0,None
CUST05314,53,Male,7,SME,FD,94905.81,3,1,3857.65,1632.9,7,25,37,1,0,0,0,85,1,289,2,0,None
CUST05315,45,Female,2,HNI,Current,1543777.51,3,1,287276.88,126565.61,19,23,67,2,1,0,0,31,1,187,0,0,None
CUST05316,40,Male,19,Retail,Savings,91299.9,4,1,5872.68,4171.82,8,26,72,2,0,0,1,39,1,679,0,0,None
CUST05317,33,Female,9,SME,Savings,458568.25,1,1,50283.47,34501.64,20,32,37,2,1,0,0,-4,0,567,2,1,Account Closure
CUST05318,22,Male,4,Retail,Savings,68400.73,1,1,3361.61,2221.15,16,25,50,3,1,0,1,95,0,547,1,0,None
CUST05319,28,Female,14,Retail,Savings,15386.68,4,1,1534.6,1049.28,10,30,60,2,0,0,1,-7,1,460,0,1,Full Withdrawal
CUST05320,38,Female,5,Retail,FD,11245.4,4,1,1863.0,1505.53,21,29,48,4,1,1,1,43,1,159,1,0,None
CUST05321,55,Male,7,Retail,Current,96992.4,2,1,10190.7,7305.33,21,40,87,1,0,0,0,94,1,26,1,0,None
CUST05322,64,Female,8,HNI,RD,1216920.96,1,1,199688.01,130063.84,5,34,63,1,0,0,0,34,1,305,1,0,None
CUST05323,28,Female,15,SME,FD,320412.08,3,1,48130.47,21416.28,11,40,83,1,0,0,0,20,0,316,0,1,Partial Withdrawal
CUST05324,38,Male,19,Retail,Savings,71925.17,3,1,8830.2,8266.16,2,24,44,2,1,0,0,69,1,241,0,0,None
CUST05325,24,Male,11,SME,FD,183575.15,1,1,29011.04,15423.24,36,52,91,2,1,0,0,50,1,122,2,0,None
CUST05326,50,Female,20,HNI,Savings,1011479.28,4,1,182732.07,160445.49,25,45,72,2,1,0,0,34,1,700,3,1,Full Withdrawal
CUST05327,43,Female,23,Retail,Savings,13491.78,2,1,2251.53,1369.92,8,35,51,3,1,1,0,-8,0,387,1,1,Account Closure
CUST05328,59,Male,4,HNI,Current,1347088.29,3,1,202974.94,157542.06,23,27,50,2,0,1,0,36,0,660,3,1,Full Withdrawal
CUST05329,64,Male,18,Retail,Savings,62672.26,2,1,9544.46,6201.72,24,41,79,2,1,0,0,38,1,687,0,1,Partial Withdrawal
CUST05330,50,Female,14,SME,Savings,148916.19,3,1,9795.08,5826.01,2,18,30,1,0,0,0,-8,1,2,0,1,Partial Withdrawal
CUST05331,71,Female,6,Retail,Current,72895.3,3,1,14003.74,10332.91,25,31,58,2,1,0,0,-8,1,231,2,1,Partial Withdrawal
CUST05332,71,Female,16,Retail,FD,29016.69,1,1,2115.5,1469.97,21,36,51,2,0,0,1,82,1,575,4,1,Full Withdrawal
CUST05333,63,Male,18,Retail,Savings,98568.0,3,1,9446.0,4985.96,33,58,105,2,0,0,1,72,1,365,3,0,None
CUST05334,26,Female,1,Retail,Savings,66088.48,2,1,8120.81,4750.13,32,35,73,2,1,0,0,-7,1,205,0,0,None
CUST05335,51,Male,8,Retail,Current,52625.08,2,1,3167.45,1326.87,34,62,71,2,1,0,0,48,1,447,2,0,None
CUST05336,44,Male,1,Retail,Current,79230.99,1,1,10693.98,5416.19,37,42,83,3,1,0,1,24,1,307,0,0,None
CUST05337,42,Female,1,Retail,Savings,62256.54,3,1,4309.93,2520.05,19,40,69,2,1,0,0,42,1,70,0,0,None
CUST05338,47,Female,19,HNI,RD,750566.45,2,1,140910.47,131704.33,38,52,80,4,1,1,1,5,0,554,5,1,Full Withdrawal
CUST05339,68,Male,21,Retail,Current,63627.66,4,1,11592.21,7997.45,34,51,79,3,1,0,1,40,0,264,0,0,None
CUST05340,42,Male,10,Retail,Current,21989.61,1,1,2795.06,2195.35,34,47,93,1,0,0,0,15,1,74,0,0,None
CUST05341,41,Female,18,Retail,RD,56618.83,4,1,6336.56,4882.19,6,34,72,4,1,1,1,27,0,184,1,0,None
CUST05342,44,Male,12,Retail,RD,31894.61,2,1,1799.38,1690.5,19,25,47,3,1,1,0,57,1,65,1,0,None
CUST05343,25,Female,17,SME,Savings,294629.05,4,1,50596.07,35701.39,10,33,49,2,1,0,0,23,0,171,1,1,Full Withdrawal
CUST05344,42,Female,1,SME,Savings,348005.09,1,1,35043.84,25302.42,32,58,104,3,1,0,1,10,1,448,4,1,Full Withdrawal
CUST05345,42,Male,8,Retail,FD,27036.75,4,1,2147.04,1213.16,8,30,73,1,0,0,0,30,0,547,0,0,None
CUST05346,22,Female,10,Retail,RD,81828.65,2,1,16304.17,12136.25,16,29,48,2,1,0,0,48,1,705,1,0,None
CUST05347,36,Female,10,SME,Current,256545.37,4,1,37693.59,30786.18,5,32,48,4,1,1,1,78,1,196,0,0,None
CUST05348,38,Female,18,Retail,Savings,69009.56,4,1,3575.94,1633.45,9,18,51,2,1,0,0,-8,1,387,0,0,None
CUST05349,35,Female,9,SME,Current,183377.28,4,1,30845.4,20483.46,25,31,64,4,1,1,1,98,1,88,0,0,None
CUST05350,40,Female,2,Retail,Savings,37366.24,3,1,5981.0,3780.26,9,13,37,3,1,0,1,45,1,311,3,0,None
CUST05351,71,Male,3,SME,RD,358162.64,2,1,37317.7,17258.37,6,29,48,2,0,1,0,51,1,337,4,1,Partial Withdrawal
CUST05352,55,Male,2,Retail,Savings,82301.51,4,1,4920.83,2892.01,24,38,45,1,0,0,0,7,1,153,0,1,Partial Withdrawal
CUST05353,27,Female,6,Retail,RD,31752.06,2,1,3797.27,2636.63,35,40,60,2,0,0,1,78,1,315,1,0,None
CUST05354,66,Male,23,HNI,Savings,1167788.48,4,1,189334.75,143407.47,16,38,61,2,0,0,1,85,1,468,0,0,None
CUST05355,70,Male,12,Retail,RD,24245.41,1,1,1264.7,706.83,20,29,40,2,0,0,1,73,0,551,0,0,None
CUST05356,27,Female,22,Retail,Savings,38362.95,1,1,2537.73,1679.89,26,54,94,1,0,0,0,4,0,307,1,1,Account Closure
CUST05357,26,Female,19,Retail,FD,89085.42,1,1,12385.38,9954.67,5,33,59,2,0,1,0,55,1,542,1,0,None
CUST05358,28,Male,15,Retail,RD,79643.64,4,1,10316.01,6522.16,9,14,33,4,1,1,1,19,1,199,3,1,Full Withdrawal
CUST05359,54,Female,19,Retail,Current,40493.45,2,1,7483.76,6865.79,30,38,51,2,0,0,1,65,1,283,2,1,Partial Withdrawal
CUST05360,34,Female,12,Retail,Current,17577.49,1,1,2994.62,1248.42,14,18,39,2,1,0,0,28,1,133,2,1,Partial Withdrawal
CUST05361,22,Male,18,Retail,Savings,44897.15,3,1,8396.34,4560.26,39,44,81,3,1,0,1,53,1,666,2,0,None
CUST05362,34,Female,16,Retail,Current,78313.63,1,1,8971.09,4246.6,37,62,68,2,0,1,0,96,1,184,0,0,None
CUST05363,64,Male,2,SME,FD,444951.15,1,1,73883.31,51549.11,38,47,58,2,0,1,0,46,1,407,2,1,Full Withdrawal
CUST05364,48,Male,11,Retail,Savings,75807.36,3,1,3623.19,1802.74,32,46,81,3,1,1,0,100,0,498,0,0,None
CUST05365,28,Male,12,Retail,FD,69591.44,1,1,6062.72,4898.75,20,34,52,1,0,0,0,52,1,207,0,0,None
CUST05366,24,Male,5,SME,Current,290306.01,4,1,41538.03,37595.76,38,48,89,2,1,0,0,-4,0,556,1,0,None
CUST05367,46,Male,24,Retail,Savings,65385.83,4,1,10604.89,5450.49,26,47,55,1,0,0,0,75,0,245,0,0,None
CUST05368,54,Female,6,Retail,Savings,33372.31,1,1,4381.08,3937.36,38,65,114,2,0,0,1,61,1,601,1,1,Full Withdrawal
CUST05369,61,Female,11,Retail,Savings,21842.11,2,1,2553.73,1908.82,2,23,37,3,0,1,1,76,1,336,0,0,None
CUST05370,38,Female,21,Retail,Savings,41563.79,2,1,3213.82,1632.28,22,28,77,2,1,0,0,12,1,507,0,0,None
CUST05371,66,Female,10,Retail,RD,24511.84,1,1,1663.62,1339.38,27,42,68,2,0,0,1,65,1,96,3,0,None
CUST05372,35,Male,4,Retail,FD,83332.81,3,1,15006.34,6752.56,4,10,38,3,0,1,1,-5,1,26,1,0,None
CUST05373,58,Male,9,Retail,Savings,75490.05,4,1,4737.3,3698.32,6,10,58,2,1,0,0,47,1,69,0,0,None
CUST05374,44,Female,12,Retail,Savings,98171.53,4,1,10764.11,9404.54,30,32,54,2,0,0,1,3,1,522,0,1,Full Withdrawal
CUST05375,45,Male,10,Retail,Current,55737.11,4,1,10152.9,9368.15,34,45,60,1,0,0,0,17,1,75,1,0,None
CUST05376,50,Male,14,Retail,Savings,13474.55,1,1,857.44,368.69,3,19,67,3,0,1,1,-6,0,353,1,1,Full Withdrawal
CUST05377,59,Female,5,Retail,Savings,39938.02,4,1,2412.55,1047.2,19,37,42,3,1,1,0,57,0,569,0,0,None
CUST05378,48,Male,1,SME,Savings,351359.56,1,1,52985.53,48308.11,15,28,64,2,0,1,0,45,0,336,0,0,None
CUST05379,59,Female,5,Retail,FD,42702.01,1,1,3973.51,3315.0,31,46,66,3,0,1,1,14,1,428,1,0,None
CUST05380,61,Male,16,Retail,Savings,48289.14,2,1,5297.95,4375.3,30,55,73,2,0,0,1,16,1,2,0,0,None
CUST05381,66,Male,5,Retail,Savings,44137.23,3,1,6183.4,4998.92,30,35,72,1,0,0,0,49,1,669,2,0,None
CUST05382,71,Male,5,Retail,RD,27360.98,3,1,2753.5,2187.74,20,32,43,3,1,0,1,-7,1,620,2,1,Full Withdrawal
CUST05383,44,Female,18,Retail,Savings,11953.55,3,1,2007.89,1480.36,27,54,77,2,1,0,0,18,1,598,0,0,None
CUST05384,52,Male,6,Retail,FD,22153.23,4,1,4320.71,3659.67,10,26,55,2,0,0,1,94,1,587,0,0,None
CUST05385,57,Male,21,SME,Savings,230566.18,2,1,43643.81,18277.8,14,29,38,1,0,0,0,100,0,419,0,0,None
CUST05386,38,Female,18,Retail,Savings,28316.58,2,1,3603.92,2908.96,39,67,81,3,0,1,1,80,1,133,0,0,None
CUST05387,58,Female,10,HNI,Savings,1978902.51,1,1,191499.67,137995.55,32,51,59,3,1,0,1,-4,1,204,0,0,None
CUST05388,24,Male,15,Retail,Savings,63321.04,2,1,6927.14,6228.21,15,38,66,1,0,0,0,21,1,125,0,0,None
CUST05389,57,Male,24,Retail,Savings,59156.28,1,1,5491.18,5024.46,32,42,52,2,1,0,0,9,1,643,0,0,None
CUST05390,26,Male,22,Retail,Savings,13067.31,2,1,1446.24,770.46,16,32,48,3,0,1,1,53,1,224,0,0,None
CUST05391,67,Female,11,Retail,Savings,68351.73,1,1,2875.95,2399.13,35,57,81,1,0,0,0,32,1,319,3,1,Partial Withdrawal
CUST05392,36,Female,19,Retail,Savings,41535.05,4,1,2028.34,1878.95,11,15,45,1,0,0,0,89,1,284,1,0,None
CUST05393,70,Male,13,Retail,Current,88425.08,2,1,14449.89,7899.14,22,43,59,1,0,0,0,19,0,218,0,0,None
CUST05394,27,Female,20,Retail,FD,54933.37,3,1,5140.12,4462.12,26,40,77,2,0,0,1,49,1,557,0,0,None
CUST05395,31,Male,3,HNI,FD,412131.14,1,1,68869.17,49764.26,38,41,57,2,0,1,0,82,0,715,1,0,None
CUST05396,53,Male,16,SME,Current,166158.99,2,1,19405.89,11978.23,21,37,79,1,0,0,0,17,1,27,0,0,None
CUST05397,44,Male,7,Retail,RD,71738.67,2,1,12120.02,10338.2,8,23,31,2,0,1,0,29,1,107,0,0,None
CUST05398,69,Male,12,Retail,Savings,43048.52,1,1,6292.55,5529.04,19,27,48,2,0,1,0,56,0,263,2,1,Partial Withdrawal
CUST05399,38,Male,15,Retail,Savings,32359.61,2,1,2335.08,1297.03,27,32,46,2,1,0,0,80,1,363,0,0,None
CUST05400,67,Male,8,Retail,Savings,47482.01,3,1,5300.68,4436.43,18,23,46,1,0,0,0,74,0,303,0,0,None
CUST05401,41,Female,23,Retail,FD,11877.32,1,1,1813.59,774.97,8,33,80,2,0,0,1,26,0,304,3,1,Full Withdrawal
CUST05402,65,Male,17,Retail,FD,42238.51,1,1,3923.9,2470.94,29,40,77,2,0,0,1,88,1,123,1,0,None
CUST05403,62,Female,1,Retail,Current,34896.48,1,1,2475.15,1085.06,22,44,85,3,1,0,1,48,1,379,1,0,None
CUST05404,36,Male,21,Retail,Savings,81017.97,1,1,10238.87,5750.25,38,58,90,3,0,1,1,9,0,299,0,1,Partial Withdrawal
CUST05405,65,Male,8,HNI,Current,1854454.58,1,1,155373.07,143362.84,24,38,87,2,0,0,1,52,0,26,1,0,None
CUST05406,67,Male,14,SME,Savings,111574.04,3,1,15073.07,12120.34,11,40,46,3,0,1,1,62,1,332,3,1,Partial Withdrawal
CUST05407,43,Male,10,HNI,Current,1557441.14,1,1,130011.3,106034.58,18,25,67,1,0,0,0,24,1,250,2,0,None
CUST05408,71,Male,19,Retail,Current,12779.36,3,1,2364.85,1120.86,39,48,90,2,0,0,1,47,1,633,0,0,None
CUST05409,27,Male,8,Retail,Savings,97119.46,3,1,9228.71,6628.77,2,13,38,3,0,1,1,-1,1,50,2,1,Partial Withdrawal
CUST05410,25,Male,19,Retail,Savings,74749.92,3,1,13843.09,8497.71,12,30,57,3,0,1,1,48,1,300,3,0,None
CUST05411,44,Male,4,Retail,FD,29708.96,1,1,2516.86,2023.05,34,44,81,2,1,0,0,10,1,127,0,0,None
CUST05412,65,Female,10,Retail,Current,60266.56,3,1,8239.21,4007.53,32,47,77,2,1,0,0,32,1,513,1,0,None
CUST05413,66,Female,23,SME,Savings,436914.69,1,1,26579.68,14753.23,25,46,93,1,0,0,0,94,1,291,3,0,None
CUST05414,40,Male,3,Retail,Savings,93426.66,3,1,15372.38,13746.21,21,27,61,2,0,0,1,32,1,324,3,0,None
CUST05415,66,Male,4,Retail,RD,74460.01,1,1,5363.71,2646.34,6,33,41,1,0,0,0,77,1,296,0,0,None
CUST05416,52,Male,16,Retail,Savings,74128.66,2,1,13212.94,9880.99,27,31,41,3,1,1,0,92,1,434,1,0,None
CUST05417,65,Female,24,Retail,Savings,31349.32,2,1,3523.39,2020.08,8,18,56,2,1,0,0,-10,0,712,0,1,Full Withdrawal
CUST05418,24,Male,4,Retail,Current,99027.39,3,1,5459.02,2429.47,28,41,65,1,0,0,0,35,1,578,1,1,Full Withdrawal
CUST05419,49,Male,20,Retail,Current,28130.71,4,1,2761.48,1444.32,19,42,83,1,0,0,0,96,1,524,2,0,None
CUST05420,24,Male,20,Retail,Savings,13493.61,4,1,2223.16,1952.32,39,41,60,4,1,1,1,20,1,115,0,0,None
CUST05421,35,Female,13,Retail,Savings,97851.12,2,1,5108.53,4601.78,32,58,102,1,0,0,0,52,0,200,0,0,None
CUST05422,39,Male,21,HNI,Savings,421577.74,3,1,59070.07,37267.81,10,22,49,2,0,1,0,35,1,251,1,0,None
CUST05423,48,Female,17,Retail,Current,54553.28,3,1,6609.82,4901.15,3,9,55,2,0,0,1,12,1,169,0,0,None
CUST05424,31,Male,23,SME,Savings,403339.84,3,1,36130.83,24795.65,38,58,71,3,0,1,1,7,1,444,0,0,None
CUST05425,70,Female,16,Retail,Current,85579.57,4,1,13769.65,7626.07,30,35,73,3,1,0,1,51,1,415,2,0,None
CUST05426,36,Female,17,Retail,RD,42682.63,2,1,2065.43,1217.85,35,48,95,3,0,1,1,16,0,597,4,1,Full Withdrawal
CUST05427,40,Male,6,Retail,RD,52707.24,3,1,6304.98,4348.87,16,33,71,1,0,0,0,94,1,288,2,0,None
CUST05428,30,Female,3,Retail,Current,9155.08,2,1,1108.66,867.47,10,27,58,2,0,0,1,33,1,148,4,1,Partial Withdrawal
CUST05429,25,Male,20,Retail,Current,24744.54,2,1,1331.87,789.03,17,39,59,4,1,1,1,35,1,83,0,0,None
CUST05430,36,Female,24,SME,FD,65608.81,1,1,4052.24,3178.59,3,5,13,2,1,0,0,50,1,175,3,1,Full Withdrawal
CUST05431,69,Female,4,SME,FD,472014.36,4,1,49818.62,46258.55,2,29,61,2,0,0,1,1,0,222,3,1,Partial Withdrawal
CUST05432,29,Male,8,Retail,FD,26938.51,2,1,3390.04,1401.8,10,14,35,3,1,1,0,88,0,627,0,0,None
CUST05433,70,Female,20,Retail,Savings,40046.2,1,1,1942.69,952.13,21,45,90,2,1,0,0,94,1,73,1,0,None
CUST05434,22,Male,9,HNI,Savings,1152870.73,4,1,48283.43,43645.77,3,29,45,3,1,0,1,5,1,658,0,0,None
CUST05435,28,Male,22,Retail,RD,57840.98,3,1,4096.11,1799.68,2,25,34,2,0,0,1,10,1,624,0,0,None
CUST05436,52,Male,1,Retail,RD,9887.37,3,1,1167.2,958.01,11,32,71,2,0,1,0,80,1,188,2,0,None
CUST05437,39,Female,13,Retail,Current,26372.14,1,1,1224.84,910.29,24,40,82,3,1,0,1,89,1,495,3,0,None
CUST05438,33,Male,2,SME,RD,368113.81,3,1,57910.8,24683.64,20,41,84,3,1,0,1,53,0,180,0,0,None
CUST05439,69,Male,23,HNI,FD,1487114.0,1,1,95634.08,38291.9,19,45,85,2,1,0,0,2,1,158,1,0,None
CUST05440,51,Female,10,Retail,Current,64211.43,1,1,10506.13,7103.19,25,43,77,2,1,0,0,39,1,580,4,1,Account Closure
CUST05441,54,Male,23,SME,Savings,104103.6,3,1,7574.3,3518.57,23,46,64,2,0,0,1,-3,0,690,0,0,None
CUST05442,68,Male,19,SME,Current,327526.63,4,1,31265.4,27504.75,21,26,44,3,1,0,1,45,1,571,2,0,None
CUST05443,28,Male,17,Retail,Current,57996.04,1,1,6765.52,4495.19,12,16,22,3,1,1,0,45,0,543,0,0,None
CUST05444,49,Male,24,Retail,RD,93255.91,4,1,8911.84,4713.87,10,22,54,3,1,0,1,-3,1,682,0,0,None
CUST05445,70,Male,13,Retail,Current,58799.38,4,1,2574.18,1267.82,16,18,43,2,0,1,0,69,1,673,1,0,None
CUST05446,24,Male,14,HNI,FD,1284429.86,1,1,238097.14,204686.14,17,23,42,2,1,0,0,76,1,19,0,0,None
CUST05447,64,Female,11,Retail,FD,99726.3,4,1,8559.97,6807.8,14,19,67,3,0,1,1,34,0,399,1,1,Full Withdrawal
CUST05448,27,Female,10,SME,Savings,113776.85,1,1,7027.51,5586.02,7,34,61,2,0,0,1,87,1,322,0,0,None
CUST05449,52,Male,7,Retail,Savings,35357.75,3,1,2164.0,967.13,26,47,61,1,0,0,0,13,1,343,0,1,Partial Withdrawal
CUST05450,59,Male,10,SME,Current,203167.97,3,1,39808.33,29596.89,16,25,55,3,0,1,1,10,1,171,0,0,None
CUST05451,36,Male,24,Retail,Savings,30050.63,3,1,1793.7,1575.26,19,31,70,2,0,0,1,2,0,565,0,1,Account Closure
CUST05452,28,Female,1,Retail,Current,7885.45,3,1,752.65,618.11,34,46,84,1,0,0,0,39,1,350,0,0,None
CUST05453,64,Male,14,SME,Savings,122003.17,3,1,6200.13,2882.97,15,34,40,2,1,0,0,40,1,511,0,0,None
CUST05454,51,Male,3,SME,Savings,451889.03,4,1,71251.9,65701.64,35,63,98,4,1,1,1,-7,1,233,0,0,None
CUST05455,48,Female,13,SME,Savings,301766.03,4,1,40883.34,17921.37,3,14,61,3,1,0,1,82,1,433,0,0,None
CUST05456,38,Male,2,Retail,Savings,97269.26,4,1,12194.75,8613.12,21,49,97,1,0,0,0,49,1,271,0,0,None
CUST05457,39,Male,17,SME,Savings,332803.78,2,1,58884.46,54159.38,17,44,92,2,0,1,0,57,1,621,0,0,None
CUST05458,43,Female,21,Retail,RD,70703.55,2,1,9314.05,7937.82,4,18,65,2,1,0,0,10,0,114,0,0,None
CUST05459,47,Female,3,Retail,Savings,94607.89,1,1,18248.44,14132.61,31,52,61,3,0,1,1,23,1,209,0,0,None
CUST05460,48,Male,15,Retail,RD,54072.67,2,1,7550.97,6576.81,24,41,64,2,1,0,0,62,1,9,0,0,None
CUST05461,61,Female,8,Retail,RD,35390.49,3,1,3422.06,2636.03,24,52,86,2,1,0,0,14,1,706,0,0,None
CUST05462,45,Male,6,Retail,RD,92531.5,3,1,4245.3,1826.42,4,22,43,4,1,1,1,94,1,437,1,0,None
CUST05463,29,Female,9,HNI,Current,702143.97,3,1,109565.42,64970.06,14,33,66,4,1,1,1,74,1,105,0,0,None
CUST05464,42,Male,11,Retail,FD,25387.76,1,1,2533.27,1608.42,30,57,73,2,1,0,0,-7,1,349,1,1,Full Withdrawal
CUST05465,50,Female,22,SME,Savings,60100.36,1,1,8165.98,5720.33,24,51,63,2,0,0,1,53,1,371,0,0,None
CUST05466,64,Female,2,Retail,Savings,79300.6,1,1,14291.21,7521.5,18,22,41,2,1,0,0,69,1,426,0,0,None
CUST05467,42,Female,9,Retail,FD,90870.64,1,1,3746.17,3314.03,22,51,89,3,1,0,1,14,0,58,0,0,None
CUST05468,24,Female,18,Retail,Savings,47919.72,4,1,7740.86,4070.03,30,32,64,2,0,1,0,29,1,257,2,1,Full Withdrawal
CUST05469,52,Male,19,HNI,RD,1752117.54,1,1,192111.92,146327.14,38,41,66,3,1,0,1,-4,1,606,0,0,None
CUST05470,48,Male,22,SME,Current,178627.37,1,1,10690.78,9430.7,6,30,51,2,0,1,0,34,1,218,1,0,None
CUST05471,67,Male,18,HNI,Savings,1051563.54,2,1,140061.15,112475.71,22,49,95,4,1,1,1,-6,1,82,0,0,None
CUST05472,48,Female,5,HNI,Savings,1792285.56,4,1,224427.11,106559.55,3,30,52,3,0,1,1,29,0,425,1,0,None
CUST05473,30,Female,18,Retail,FD,57005.92,3,1,9962.88,9198.4,24,31,59,2,0,0,1,10,1,372,0,0,None
CUST05474,54,Male,12,Retail,Current,60902.11,2,1,7518.37,3387.43,12,31,59,2,1,0,0,23,1,304,0,0,None
CUST05475,54,Female,4,SME,FD,240643.11,1,1,41481.17,21156.93,16,34,50,3,1,1,0,37,1,467,1,0,None
CUST05476,47,Female,15,Retail,Savings,62370.3,3,1,7928.41,3778.55,24,51,56,3,0,1,1,11,1,584,5,1,Full Withdrawal
CUST05477,49,Female,11,Retail,Savings,14210.78,3,1,1584.66,1215.12,8,23,63,1,0,0,0,80,1,170,0,0,None
CUST05478,65,Female,19,Retail,Savings,70435.89,3,1,7000.58,5909.02,35,61,97,3,1,1,0,50,1,698,0,0,None
CUST05479,64,Male,5,Retail,Savings,7066.01,2,1,479.02,254.32,39,57,66,3,1,0,1,63,1,108,3,1,Account Closure
CUST05480,52,Male,6,Retail,Savings,42079.34,4,1,5615.28,5270.43,7,34,64,2,0,0,1,94,0,112,0,0,None
CUST05481,22,Male,13,Retail,Savings,44620.98,4,1,5670.44,2702.44,17,39,46,3,1,0,1,68,0,224,2,0,None
CUST05482,41,Male,23,Retail,Savings,16079.9,3,1,3153.56,1809.28,3,29,66,2,1,0,0,-8,1,723,1,0,None
CUST05483,33,Female,10,Retail,FD,5936.43,1,1,629.17,421.34,33,43,86,3,1,1,0,100,1,158,0,0,None
CUST05484,38,Female,24,Retail,Current,11760.37,4,1,1263.58,1067.56,39,62,86,3,1,0,1,66,1,60,0,0,None
CUST05485,36,Female,14,Retail,Savings,47398.5,4,1,3138.7,1905.5,29,49,65,2,0,0,1,79,1,484,1,0,None
CUST05486,55,Female,4,SME,Current,369553.67,1,1,50115.71,25004.88,10,13,55,3,1,0,1,45,1,636,2,1,Partial Withdrawal
CUST05487,71,Male,20,Retail,Current,11553.14,2,1,2029.38,1330.69,26,30,54,3,1,1,0,54,1,528,2,1,Account Closure
CUST05488,37,Male,23,Retail,Current,29358.51,2,1,2338.93,1548.54,27,44,65,4,1,1,1,100,1,259,0,0,None
CUST05489,25,Male,12,SME,Current,396566.94,1,1,16438.68,6721.99,27,44,91,4,1,1,1,62,0,598,1,0,None
CUST05490,29,Male,15,Retail,Savings,75503.19,2,1,11373.48,4680.06,6,8,20,2,0,1,0,28,0,85,0,0,None
CUST05491,55,Male,10,Retail,Savings,44140.13,3,1,1987.18,1098.32,18,38,85,2,0,0,1,15,1,667,1,1,Partial Withdrawal
CUST05492,67,Male,11,SME,Savings,457387.04,4,1,48247.11,38967.81,27,46,63,2,0,0,1,7,0,578,0,0,None
CUST05493,46,Male,9,Retail,Savings,61692.64,2,1,8515.66,5120.42,27,52,65,2,1,0,0,61,1,427,0,0,None
CUST05494,36,Male,11,SME,Current,287448.05,3,1,29251.25,15098.4,10,21,44,2,0,1,0,4,1,151,0,0,None
CUST05495,49,Female,2,SME,FD,214806.9,3,1,17548.12,8109.62,24,48,78,1,0,0,0,35,1,551,1,0,None
CUST05496,30,Male,13,Retail,Savings,50260.89,3,1,8437.93,4677.04,25,43,52,2,0,0,1,11,1,422,0,0,None
CUST05497,23,Male,22,Retail,FD,65023.82,3,1,5731.8,3810.45,10,12,58,3,1,0,1,27,1,361,0,0,None
CUST05498,38,Male,8,Retail,FD,54373.62,3,1,3741.31,1688.67,11,17,66,2,0,1,0,35,1,420,0,0,None
CUST05499,31,Female,21,Retail,Savings,47782.45,1,1,4880.67,1992.36,7,12,41,2,0,0,1,-7,1,654,1,1,Partial Withdrawal
CUST05500,30,Male,21,Retail,RD,97478.6,4,1,5952.67,2797.87,5,30,39,3,0,1,1,10,1,373,0,0,None
CUST05501,52,Male,8,Retail,Savings,94491.31,4,1,14217.49,11457.72,2,27,54,3,1,0,1,69,0,384,3,0,None
CUST05502,23,Female,1,Retail,RD,63088.27,1,1,9691.17,6361.97,7,27,66,3,1,0,1,35,1,175,0,0,None
CUST05503,45,Female,6,Retail,Savings,46759.69,1,1,1980.95,1277.4,39,61,97,3,1,0,1,78,0,563,1,1,Full Withdrawal
CUST05504,40,Female,13,Retail,Savings,76761.3,3,1,11604.67,4767.94,30,38,84,3,1,1,0,12,0,659,0,0,None
CUST05505,38,Male,9,Retail,Current,53728.8,2,1,4719.43,3733.16,4,13,23,1,0,0,0,6,0,286,1,1,Full Withdrawal
CUST05506,64,Male,6,Retail,RD,99579.11,4,1,14438.23,7378.66,25,45,63,3,0,1,1,85,1,76,1,0,None
CUST05507,70,Male,15,SME,Savings,486294.75,2,1,74421.31,33487.81,10,19,64,1,0,0,0,55,1,576,3,1,Account Closure
CUST05508,31,Female,23,Retail,FD,11475.21,4,1,969.02,836.38,18,45,78,3,1,1,0,-10,1,728,1,0,None
CUST05509,71,Male,16,Retail,FD,43181.51,3,1,3008.1,2006.66,39,49,90,3,1,1,0,100,1,42,5,1,Account Closure
CUST05510,49,Male,4,HNI,Savings,1627327.37,2,1,280254.13,227542.03,15,35,61,3,1,0,1,62,1,422,2,0,None
CUST05511,59,Male,17,Retail,Current,85025.08,4,1,13456.88,11465.76,37,66,90,4,1,1,1,98,1,224,1,0,None
CUST05512,69,Male,9,Retail,Current,82270.1,4,1,14310.29,13316.29,34,53,65,2,0,0,1,79,1,562,0,0,None
CUST05513,49,Male,12,Retail,Savings,97837.58,3,1,10734.27,7975.94,21,36,67,1,0,0,0,38,1,424,0,1,Full Withdrawal
CUST05514,71,Female,22,Retail,FD,51466.45,2,1,5816.69,2545.11,35,54,65,2,1,0,0,24,1,559,0,0,None
CUST05515,71,Female,19,Retail,RD,18306.37,3,1,1740.33,1229.94,4,10,48,3,1,0,1,49,1,574,3,1,Partial Withdrawal
CUST05516,22,Male,20,Retail,FD,66963.1,2,1,8025.53,5459.27,21,50,95,4,1,1,1,-5,0,237,0,1,Account Closure
CUST05517,24,Male,12,Retail,RD,11721.15,2,1,1681.41,725.8,4,31,63,2,0,1,0,30,1,686,1,0,None
CUST05518,36,Female,22,SME,Savings,380034.7,4,1,64730.24,36796.95,7,36,71,3,1,0,1,62,1,319,1,0,None
CUST05519,31,Male,6,Retail,Savings,77060.64,1,1,5340.87,3347.11,30,32,57,1,0,0,0,73,1,47,0,0,None
CUST05520,42,Male,12,Retail,FD,98304.09,2,1,10308.84,5036.24,32,39,53,2,0,0,1,38,0,386,0,0,None
CUST05521,58,Male,9,SME,FD,364568.72,2,1,41485.1,16793.95,22,30,70,2,0,0,1,15,0,179,0,1,Partial Withdrawal
CUST05522,36,Female,20,Retail,Savings,6500.69,3,1,767.6,626.62,2,31,48,1,0,0,0,94,1,224,0,0,None
CUST05523,44,Female,5,SME,Savings,283849.3,2,1,35968.15,31234.7,34,40,70,2,0,1,0,23,1,640,2,1,Full Withdrawal
CUST05524,35,Female,21,Retail,FD,16512.41,2,1,2778.7,1461.61,11,39,77,3,0,1,1,100,1,2,0,0,None
CUST05525,36,Male,3,SME,Savings,109060.09,2,1,19827.13,7972.29,27,36,59,1,0,0,0,63,1,165,1,0,None
CUST05526,31,Male,2,Retail,Savings,52267.39,2,1,3421.7,3043.48,4,11,21,3,0,1,1,95,1,441,1,0,None
CUST05527,30,Female,8,SME,Current,67590.27,2,1,10410.87,4931.4,15,17,36,1,0,0,0,83,1,150,4,1,Account Closure
CUST05528,65,Male,10,HNI,RD,1675000.93,1,1,195401.12,121495.76,9,35,84,1,0,0,0,-7,1,64,3,1,Full Withdrawal
CUST05529,60,Female,15,Retail,FD,83770.73,4,1,8949.62,5381.24,33,46,68,2,1,0,0,92,1,219,0,0,None
CUST05530,26,Female,9,Retail,FD,66827.95,2,1,3885.04,1905.01,37,43,67,2,0,0,1,87,1,593,3,1,Full Withdrawal
CUST05531,46,Male,10,Retail,Savings,98832.42,3,1,4967.49,3623.02,28,34,39,4,1,1,1,-2,1,599,2,0,None
CUST05532,63,Female,11,Retail,Current,21962.92,3,1,4314.61,3905.58,34,50,76,1,0,0,0,58,1,586,0,0,None
CUST05533,47,Male,9,Retail,Savings,9861.41,2,1,1408.0,961.03,22,40,80,3,0,1,1,95,1,445,3,0,None
CUST05534,29,Female,14,Retail,RD,85849.74,2,1,9648.49,9022.32,27,33,55,2,1,0,0,-2,1,306,1,1,Partial Withdrawal
CUST05535,43,Male,5,Retail,Current,37152.87,2,1,6014.39,3036.81,15,35,49,2,1,0,0,14,1,445,0,0,None
CUST05536,46,Male,9,Retail,Current,45968.4,1,1,2509.01,2174.5,37,48,72,3,1,1,0,29,1,446,5,1,Full Withdrawal
CUST05537,69,Female,4,Retail,FD,92938.48,4,1,12750.36,6901.76,29,33,77,1,0,0,0,56,1,384,0,0,None
CUST05538,33,Female,2,Retail,Savings,46866.2,3,1,6828.3,3672.24,29,41,51,3,1,1,0,14,1,40,0,0,None
CUST05539,30,Male,19,Retail,RD,33311.81,1,1,3741.88,1738.97,22,49,90,3,1,1,0,40,0,676,0,0,None
CUST05540,31,Female,1,Retail,Savings,10652.07,1,1,856.59,749.51,30,39,65,2,0,0,1,7,1,363,1,1,Account Closure
CUST05541,69,Male,21,Retail,Savings,47078.86,2,1,9073.68,7247.89,39,65,73,4,1,1,1,99,0,679,0,0,None
CUST05542,31,Male,1,Retail,Savings,67220.39,4,1,5927.6,3484.9,35,49,57,3,0,1,1,48,1,528,1,1,Full Withdrawal
CUST05543,30,Male,12,Retail,FD,30571.63,2,1,1833.3,1085.64,2,9,32,2,1,0,0,64,1,312,1,0,None
CUST05544,47,Male,11,Retail,FD,73189.04,3,1,10310.56,8914.89,21,25,58,3,0,1,1,76,1,119,4,0,None
CUST05545,56,Male,1,Retail,Savings,50435.08,4,1,6651.97,6054.42,27,52,84,3,1,1,0,48,1,52,0,0,None
CUST05546,48,Male,14,SME,Savings,277141.69,2,1,44554.3,32584.09,28,48,93,1,0,0,0,23,1,216,4,1,Partial Withdrawal
CUST05547,52,Male,11,Retail,RD,20365.06,3,1,3270.74,2040.16,24,32,49,1,0,0,0,42,1,447,5,1,Partial Withdrawal
CUST05548,40,Male,7,Retail,Savings,76922.57,1,1,10710.53,4597.27,8,11,54,3,0,1,1,87,0,160,1,0,None
CUST05549,64,Male,2,SME,Current,276669.06,3,1,20253.74,9511.37,23,46,78,3,1,1,0,36,1,436,0,0,None
CUST05550,59,Female,15,SME,Current,131823.59,3,1,23984.42,11464.15,38,63,97,3,0,1,1,13,1,338,2,1,Account Closure
CUST05551,27,Male,8,HNI,FD,1677245.65,3,1,133718.88,73845.16,36,56,82,2,0,0,1,50,1,267,0,0,None
CUST05552,36,Female,22,Retail,Current,26893.3,4,1,1480.14,801.3,5,19,46,3,1,0,1,46,1,331,0,0,None
CUST05553,50,Female,20,Retail,Savings,14344.9,1,1,1265.79,884.26,30,56,78,3,0,1,1,55,1,385,1,0,None
CUST05554,68,Female,15,SME,RD,440131.04,4,1,51634.92,47465.65,38,50,71,2,0,0,1,66,1,152,5,1,Account Closure
CUST05555,66,Female,8,Retail,Savings,18571.16,1,1,1358.47,1187.19,37,47,82,2,0,0,1,9,1,41,1,1,Account Closure
CUST05556,26,Female,10,Retail,Savings,84638.88,2,1,7904.21,5375.18,4,24,56,1,0,0,0,60,1,470,0,1,Full Withdrawal
CUST05557,35,Male,19,SME,Savings,116076.04,2,1,14183.44,5808.32,3,23,35,1,0,0,0,62,1,455,2,0,None
CUST05558,23,Male,3,SME,RD,210789.62,3,1,19323.15,8456.19,6,28,64,1,0,0,0,23,1,374,1,0,None
CUST05559,44,Female,20,HNI,FD,1797338.74,3,1,97578.92,85205.23,19,45,92,1,0,0,0,43,1,305,2,0,None
CUST05560,65,Female,14,HNI,Savings,1660869.9,4,1,118842.16,66075.83,35,50,60,1,0,0,0,54,0,652,1,0,None
CUST05561,67,Female,9,SME,FD,107625.68,1,1,17981.36,10338.38,16,29,41,1,0,0,0,61,1,705,0,0,None
CUST05562,40,Male,9,Retail,Savings,55864.53,1,1,10764.71,5133.45,2,4,30,3,0,1,1,40,1,451,0,0,None
CUST05563,45,Female,21,SME,RD,344225.29,1,1,21944.33,11470.57,23,25,69,3,1,0,1,30,0,111,1,0,None
CUST05564,41,Male,6,Retail,Savings,25000.67,3,1,3724.18,1995.99,26,44,79,3,0,1,1,-10,0,727,0,1,Partial Withdrawal
CUST05565,68,Male,8,Retail,FD,98019.16,3,1,18123.03,11356.82,18,23,33,3,0,1,1,14,1,571,0,0,None
CUST05566,48,Male,11,SME,Current,385450.6,1,1,33866.79,25153.88,34,48,56,3,1,1,0,82,1,584,0,0,None
CUST05567,45,Female,8,Retail,Savings,20330.47,3,1,3511.35,2086.57,18,42,53,2,0,1,0,41,1,17,0,0,None
CUST05568,38,Female,12,Retail,FD,15551.61,1,1,2873.78,1860.56,39,68,106,2,0,0,1,70,1,134,5,1,Account Closure
CUST05569,46,Male,10,Retail,Savings,93820.65,4,1,8248.68,4124.71,6,18,49,2,0,0,1,60,0,572,1,0,None
CUST05570,67,Female,23,SME,Current,441946.55,2,1,21690.09,9348.74,38,57,63,2,0,1,0,88,0,312,5,1,Account Closure
CUST05571,52,Male,4,Retail,FD,8663.89,1,1,1617.43,956.76,12,25,43,4,1,1,1,5,1,652,2,1,Full Withdrawal
CUST05572,49,Male,16,SME,Current,57560.79,3,1,5346.09,2322.18,13,33,78,3,1,0,1,10,0,533,0,0,None
CUST05573,71,Male,20,Retail,Savings,9543.78,4,1,402.73,227.48,35,56,89,3,1,0,1,-9,1,194,0,0,None
CUST05574,49,Male,6,SME,RD,204787.32,3,1,23752.7,20443.46,36,38,81,1,0,0,0,79,1,660,0,0,None
CUST05575,43,Male,9,SME,Savings,189684.62,3,1,11104.19,6682.63,17,36,62,1,0,0,0,58,1,624,0,0,None
CUST05576,26,Male,23,Retail,Current,48904.1,3,1,9011.67,4562.55,25,28,37,2,0,1,0,-6,1,276,2,0,None
CUST05577,65,Female,5,Retail,FD,95798.98,1,1,6207.7,5562.95,32,44,92,3,1,0,1,62,1,95,0,0,None
CUST05578,63,Female,21,Retail,RD,52940.42,4,1,4696.19,3529.85,15,31,53,3,1,0,1,100,0,164,0,0,None
CUST05579,29,Male,24,HNI,Current,1404793.73,1,1,233858.86,220654.84,33,49,69,4,1,1,1,42,1,318,1,0,None
CUST05580,59,Male,6,Retail,Savings,98489.23,2,1,16646.21,9407.41,14,21,69,1,0,0,0,7,1,536,0,0,None
CUST05581,49,Male,17,HNI,FD,1311988.99,1,1,241674.67,123303.14,39,44,54,1,0,0,0,8,1,186,0,0,None
CUST05582,68,Male,17,Retail,Savings,98646.71,2,1,11796.51,6651.66,18,31,36,2,0,0,1,52,1,49,0,0,None
CUST05583,33,Male,24,SME,Savings,296133.56,4,1,58597.52,49624.53,37,61,77,2,0,0,1,-5,1,209,1,1,Account Closure
CUST05584,46,Male,22,SME,RD,156635.23,4,1,19201.95,9281.08,19,48,76,2,1,0,0,52,1,226,0,0,None
CUST05585,59,Female,13,SME,Current,100178.2,1,1,16681.0,8884.18,20,32,47,3,1,1,0,16,1,181,1,1,Partial Withdrawal
CUST05586,65,Female,17,HNI,Savings,1718262.36,1,1,168225.42,132208.04,8,37,84,3,0,1,1,43,1,390,0,0,None
CUST05587,36,Male,14,Retail,Current,51122.81,3,1,9744.35,7852.97,31,40,85,3,1,0,1,20,1,177,2,0,None
CUST05588,65,Male,2,Retail,Savings,7186.38,2,1,1075.1,997.01,13,16,54,3,1,1,0,53,1,599,0,0,None
CUST05589,62,Male,19,SME,Savings,487964.52,3,1,25537.97,23982.28,12,29,62,3,1,0,1,10,1,496,3,1,Full Withdrawal
CUST05590,55,Female,3,SME,Savings,497959.91,3,1,28564.56,21850.23,30,33,69,2,1,0,0,3,1,113,1,0,None
CUST05591,66,Male,2,Retail,FD,69257.09,4,1,12641.48,7579.04,4,26,51,2,1,0,0,69,1,121,0,0,None
CUST05592,34,Male,2,Retail,FD,58380.78,1,1,9897.26,6424.88,35,40,84,2,0,1,0,-9,1,49,3,1,Account Closure
CUST05593,29,Female,22,Retail,Current,85741.38,4,1,7958.09,5105.89,35,64,101,2,0,0,1,7,0,168,0,1,Account Closure
CUST05594,34,Male,7,Retail,Savings,83701.19,1,1,10333.36,6334.95,32,59,96,1,0,0,0,7,1,218,1,0,None
CUST05595,57,Male,4,Retail,FD,61098.38,4,1,10780.18,6317.56,23,26,58,3,0,1,1,24,0,433,2,1,Account Closure
CUST05596,27,Male,17,Retail,Savings,59274.92,4,1,3351.94,1650.31,3,29,77,2,1,0,0,67,0,180,0,0,None
CUST05597,59,Male,6,SME,Current,88338.62,4,1,5486.03,3299.23,28,38,78,2,1,0,0,71,1,494,0,0,None
CUST05598,53,Male,7,Retail,FD,96001.06,2,1,14830.66,13838.14,37,64,69,1,0,0,0,72,1,396,3,1,Partial Withdrawal
CUST05599,42,Male,20,Retail,Current,12300.88,4,1,653.83,578.76,33,47,63,4,1,1,1,14,1,609,0,0,None
CUST05600,65,Male,6,Retail,Current,42717.87,2,1,4118.46,3045.72,36,65,102,3,0,1,1,88,1,493,1,0,None
CUST05601,65,Male,9,Retail,RD,67779.41,4,1,5441.96,2753.87,18,39,87,3,0,1,1,-4,1,320,2,1,Account Closure
CUST05602,70,Female,20,SME,Current,166004.55,1,1,26833.93,23701.49,35,38,47,1,0,0,0,-8,1,711,0,0,None
CUST05603,28,Male,4,HNI,Current,1261709.9,2,1,50962.56,29126.44,27,47,53,1,0,0,0,91,1,375,0,0,None
CUST05604,47,Male,5,Retail,Current,90112.34,1,1,5268.11,3688.43,11,20,60,1,0,0,0,46,1,666,1,1,Full Withdrawal
CUST05605,36,Female,19,SME,Savings,212608.42,1,1,11872.31,10702.73,10,22,50,3,1,0,1,65,1,89,0,0,None
CUST05606,70,Female,10,SME,FD,251514.08,1,1,22860.7,13352.47,26,35,82,1,0,0,0,43,1,376,1,1,Account Closure
CUST05607,63,Female,18,SME,FD,181048.16,2,1,13976.32,12611.37,21,38,63,3,1,0,1,5,1,547,3,1,Full Withdrawal
CUST05608,44,Male,15,Retail,Savings,80591.19,3,1,6167.26,3264.46,16,45,79,3,1,0,1,9,1,619,2,1,Partial Withdrawal
CUST05609,59,Male,1,HNI,Savings,1370101.54,2,1,136000.28,123867.25,28,52,71,2,0,0,1,-6,0,349,0,1,Full Withdrawal
CUST05610,62,Female,5,Retail,RD,50148.99,3,1,3723.45,2223.89,12,33,46,2,1,0,0,50,1,434,2,0,None
CUST05611,36,Female,5,Retail,Current,11154.3,2,1,635.73,385.27,17,35,71,1,0,0,0,20,0,234,1,0,None
CUST05612,69,Male,8,Retail,Savings,46610.96,4,1,6214.18,4375.74,31,58,70,1,0,0,0,13,1,144,1,1,Partial Withdrawal
CUST05613,61,Female,22,Retail,Savings,12678.73,3,1,2437.84,1440.43,23,49,76,3,1,1,0,96,0,595,1,0,None
CUST05614,37,Male,22,Retail,Current,33458.4,4,1,4588.7,2971.14,25,41,72,4,1,1,1,52,1,680,0,0,None
CUST05615,53,Female,22,Retail,Savings,17053.74,3,1,2747.75,1856.73,25,33,79,2,1,0,0,34,1,603,3,1,Full Withdrawal
CUST05616,58,Female,20,Retail,Savings,36775.69,2,1,7191.42,4818.69,37,39,51,2,0,0,1,33,1,67,0,0,None
CUST05617,39,Female,15,SME,FD,478726.58,2,1,30880.75,28676.18,19,34,67,3,1,0,1,77,1,657,4,0,None
CUST05618,41,Female,17,SME,FD,86272.94,3,1,9797.98,5437.72,21,38,53,3,1,0,1,69,0,408,0,0,None
CUST05619,67,Female,19,Retail,Savings,19096.65,4,1,2541.68,1414.49,9,31,56,3,1,0,1,100,0,675,2,0,None
CUST05620,23,Male,13,SME,Savings,441292.8,1,1,40395.08,34774.38,16,20,68,2,0,1,0,28,1,96,0,0,None
CUST05621,44,Male,22,SME,Current,494016.57,3,1,68224.04,41999.05,14,33,76,1,0,0,0,17,1,565,0,0,None
CUST05622,51,Male,21,SME,Savings,200640.97,3,1,28051.87,12350.07,37,57,91,1,0,0,0,-6,1,409,0,0,None
CUST05623,24,Male,10,Retail,Savings,56188.41,4,1,9819.3,6526.79,15,22,59,3,1,0,1,66,1,597,1,0,None
CUST05624,67,Female,17,SME,Savings,153398.86,1,1,26569.06,18668.11,25,54,61,2,0,0,1,4,1,407,1,0,None
CUST05625,60,Male,5,HNI,Savings,1593463.15,3,1,100075.08,74028.64,38,62,79,2,0,0,1,94,1,55,1,0,None
CUST05626,68,Male,18,SME,Savings,113017.82,1,1,7574.76,4009.33,25,52,92,3,1,1,0,38,1,7,0,0,None
CUST05627,70,Female,17,Retail,RD,76857.67,1,1,5808.87,5432.99,19,29,56,3,1,1,0,-7,1,261,0,0,None
CUST05628,22,Female,4,Retail,Savings,41780.59,2,1,3417.52,2752.33,33,47,77,2,1,0,0,3,1,619,1,0,None
CUST05629,62,Male,22,Retail,Savings,53799.13,4,1,7011.05,5581.34,36,63,77,2,0,1,0,80,1,711,4,1,Partial Withdrawal
CUST05630,43,Male,7,Retail,Savings,52856.78,3,1,4883.88,4298.2,21,34,76,2,0,0,1,-1,1,580,2,1,Full Withdrawal
CUST05631,50,Male,5,Retail,Current,95785.4,3,1,18436.2,7639.41,33,49,89,3,1,0,1,76,1,6,5,1,Full Withdrawal
CUST05632,35,Female,8,Retail,FD,19598.2,1,1,1154.89,851.42,38,66,93,2,1,0,0,90,0,508,0,0,None
CUST05633,69,Male,8,SME,Savings,161275.89,3,1,12811.37,10887.23,38,46,58,2,0,0,1,81,1,252,4,1,Partial Withdrawal
CUST05634,49,Female,11,SME,FD,400649.27,1,1,71688.5,30030.71,34,47,65,2,0,0,1,33,1,398,0,0,None
CUST05635,42,Male,9,Retail,Savings,99400.42,3,1,13269.26,10826.13,2,20,48,3,1,0,1,66,0,525,1,0,None
CUST05636,66,Male,19,HNI,FD,1704622.95,4,1,217490.37,205383.44,29,43,65,2,1,0,0,25,1,624,4,1,Account Closure
CUST05637,53,Female,19,Retail,Savings,67355.73,3,1,9099.44,6609.61,28,52,96,3,1,0,1,48,1,256,0,0,None
CUST05638,27,Male,9,SME,Savings,90775.3,1,1,7294.91,4621.92,18,36,77,3,1,0,1,21,1,71,0,0,None
CUST05639,22,Male,23,SME,Savings,382516.8,1,1,61903.29,40205.23,16,25,54,3,0,1,1,98,0,405,2,0,None
CUST05640,42,Male,20,SME,Savings,372104.04,3,1,44446.02,34388.53,15,34,58,3,1,0,1,90,0,395,1,0,None
CUST05641,25,Male,17,HNI,Current,1296191.38,3,1,60681.65,43294.88,32,35,64,2,1,0,0,54,1,6,0,0,None
CUST05642,24,Male,16,Retail,Savings,63413.88,1,1,4334.04,3610.96,35,53,74,3,0,1,1,53,0,420,0,0,None
CUST05643,70,Male,7,SME,FD,308015.15,2,1,52565.82,33216.38,4,30,38,1,0,0,0,-7,0,587,3,1,Partial Withdrawal
CUST05644,51,Male,22,Retail,Savings,82975.77,2,1,7899.89,4973.21,13,26,51,3,0,1,1,-10,1,567,1,1,Partial Withdrawal
CUST05645,52,Male,3,SME,Current,336916.38,3,1,55170.41,44703.53,27,41,65,2,0,0,1,71,1,34,1,0,None
CUST05646,55,Female,21,SME,Savings,411937.57,4,1,60200.67,45453.63,25,41,90,2,0,0,1,66,1,478,0,0,None
CUST05647,40,Female,19,SME,Current,359547.06,3,1,31724.12,26266.11,35,47,92,2,0,1,0,78,1,713,1,0,None
CUST05648,41,Male,8,Retail,Savings,65561.1,4,1,3955.02,3511.82,9,34,55,2,0,1,0,10,1,561,0,0,None
CUST05649,44,Female,5,SME,Savings,118875.45,3,1,20103.18,10953.68,13,23,62,3,1,0,1,68,1,93,0,0,None
CUST05650,61,Male,6,Retail,Savings,65337.34,1,1,9336.31,5352.22,10,19,64,3,1,1,0,30,0,341,0,0,None
CUST05651,46,Male,2,Retail,FD,78211.48,3,1,6892.59,4754.67,27,48,75,2,1,0,0,30,1,154,0,0,None
CUST05652,36,Male,24,SME,Current,114045.33,4,1,14110.14,12864.91,39,65,90,2,0,1,0,-1,1,117,3,1,Account Closure
CUST05653,59,Male,19,Retail,Savings,60232.44,4,1,8306.32,7135.78,20,36,83,1,0,0,0,88,1,223,0,0,None
CUST05654,44,Male,13,SME,Savings,55431.21,3,1,2236.04,1470.52,22,47,72,3,1,1,0,-7,1,307,0,1,Partial Withdrawal
CUST05655,23,Male,6,Retail,Savings,44067.66,3,1,6490.38,4642.02,14,32,60,2,1,0,0,58,1,505,2,1,Full Withdrawal
CUST05656,36,Female,6,Retail,Savings,59314.99,2,1,8599.04,6808.47,36,63,104,3,1,1,0,33,1,587,0,0,None
CUST05657,65,Female,2,SME,Current,275034.11,3,1,14635.27,10061.37,4,19,41,1,0,0,0,48,1,352,2,1,Account Closure
CUST05658,56,Male,24,Retail,Savings,83894.53,3,1,13929.89,6326.21,26,32,80,2,0,0,1,27,1,319,1,1,Full Withdrawal
CUST05659,31,Female,5,Retail,Savings,80632.01,1,1,13869.85,8238.76,33,50,73,3,0,1,1,91,1,60,0,0,None
CUST05660,35,Female,11,SME,Current,394806.55,4,1,34121.55,14542.15,22,48,57,3,1,0,1,13,1,677,3,1,Account Closure
CUST05661,48,Female,11,Retail,Savings,16328.6,2,1,1076.94,827.55,15,44,92,3,1,0,1,13,1,660,0,0,None
CUST05662,35,Male,24,Retail,Savings,67737.88,1,1,10149.64,5941.78,32,41,72,3,1,0,1,93,0,717,0,0,None
CUST05663,56,Male,14,Retail,Current,59433.11,3,1,3550.3,2861.89,9,27,37,2,1,0,0,8,1,418,1,1,Full Withdrawal
CUST05664,54,Male,13,SME,Savings,440105.39,4,1,78024.87,49650.39,8,31,49,3,1,0,1,73,1,700,1,0,None
CUST05665,22,Male,8,SME,FD,203177.06,3,1,23735.29,10089.24,37,49,56,1,0,0,0,81,1,314,0,0,None
CUST05666,55,Female,15,SME,FD,469734.95,3,1,87168.45,53067.18,36,59,64,2,0,1,0,32,1,683,2,0,None
CUST05667,40,Male,12,Retail,Savings,29200.26,3,1,4168.25,2168.67,20,39,74,3,1,0,1,64,1,196,0,0,None
CUST05668,45,Male,3,SME,Savings,103333.69,3,1,8846.89,4581.45,3,31,80,3,1,0,1,76,1,566,0,0,None
CUST05669,63,Female,21,SME,Savings,256981.83,4,1,29523.62,17941.07,6,9,23,2,0,1,0,68,1,456,0,0,None
CUST05670,25,Female,23,SME,Savings,375568.35,1,1,46831.7,43931.86,3,5,40,2,0,0,1,74,1,114,1,0,None
CUST05671,57,Male,5,Retail,RD,26127.15,3,1,4452.73,4132.3,19,42,63,1,0,0,0,89,0,444,0,0,None
CUST05672,34,Female,6,SME,Savings,299636.28,3,1,53304.34,44876.91,16,26,69,4,1,1,1,2,1,194,0,0,None
CUST05673,53,Male,2,SME,FD,62856.81,2,1,9383.38,5020.17,17,26,70,2,0,0,1,21,1,22,0,0,None
CUST05674,30,Male,8,Retail,Current,57739.05,2,1,5027.44,4123.31,13,35,55,3,1,0,1,-1,1,4,2,1,Full Withdrawal
CUST05675,60,Male,5,Retail,FD,93604.6,4,1,11660.42,4762.7,37,62,93,3,1,1,0,48,1,42,0,0,None
CUST05676,37,Female,22,SME,FD,282365.98,3,1,17195.95,7411.32,23,26,46,3,1,0,1,35,1,473,0,1,Full Withdrawal
CUST05677,71,Female,17,Retail,FD,33996.52,3,1,2611.53,2245.01,29,42,87,2,0,1,0,90,1,564,3,0,None
CUST05678,24,Male,2,HNI,Current,599110.14,3,1,53014.89,37658.07,23,51,100,1,0,0,0,21,0,556,2,0,None
CUST05679,41,Male,11,SME,FD,292928.73,4,1,15127.31,9156.85,5,12,20,2,0,0,1,38,0,254,0,0,None
CUST05680,31,Male,4,Retail,Savings,98738.88,4,1,17930.8,14474.68,13,42,88,2,1,0,0,73,1,588,1,0,None
CUST05681,43,Male,11,Retail,RD,28924.06,3,1,1724.54,798.29,22,25,56,2,1,0,0,28,0,416,1,1,Partial Withdrawal
CUST05682,69,Male,9,Retail,Current,73583.71,3,1,11147.5,6216.71,28,53,66,4,1,1,1,100,1,70,2,0,None
CUST05683,24,Male,6,HNI,Savings,1185945.63,4,1,143387.82,114736.74,24,37,66,2,0,1,0,40,1,107,0,0,None
CUST05684,32,Female,24,Retail,RD,71365.38,3,1,12352.12,6348.28,28,47,75,2,1,0,0,5,1,257,0,0,None
CUST05685,46,Female,2,SME,FD,332266.76,1,1,52686.12,38479.49,17,23,55,3,1,1,0,28,1,486,0,0,None
CUST05686,63,Male,15,Retail,FD,31228.24,1,1,5045.17,3260.26,33,47,69,2,0,1,0,49,1,616,0,0,None
CUST05687,69,Male,5,Retail,Savings,75294.87,4,1,8051.69,4116.83,37,66,114,4,1,1,1,-6,1,230,0,0,None
CUST05688,29,Male,12,Retail,RD,46604.95,1,1,8082.98,7182.62,18,42,72,3,1,0,1,70,1,532,1,0,None
CUST05689,30,Male,13,Retail,FD,66990.74,2,1,3695.12,2363.18,19,43,57,3,1,0,1,89,1,114,0,0,None
CUST05690,36,Female,17,HNI,Current,402087.82,3,1,44674.79,32584.09,28,33,81,4,1,1,1,53,1,325,0,0,None
CUST05691,53,Female,4,Retail,RD,72291.92,2,1,14396.09,7761.95,8,17,55,4,1,1,1,37,1,549,2,0,None
CUST05692,24,Male,10,Retail,Savings,37062.65,2,1,7104.85,4197.14,39,63,105,2,0,0,1,15,1,360,0,0,None
CUST05693,25,Male,1,Retail,Savings,51393.73,2,1,2731.78,1166.31,21,32,47,2,0,0,1,40,1,179,1,1,Full Withdrawal
CUST05694,51,Female,11,Retail,Current,72335.4,1,1,9524.96,6341.41,36,58,76,3,1,0,1,57,1,2,4,1,Account Closure
CUST05695,34,Male,16,Retail,Savings,9057.15,3,1,819.71,483.35,34,49,91,2,0,1,0,91,1,590,2,0,None
CUST05696,65,Female,11,SME,Current,191266.09,3,1,29943.78,17402.49,27,48,53,3,1,0,1,99,1,401,3,1,Full Withdrawal
CUST05697,42,Male,9,Retail,Savings,56887.55,4,1,8972.65,7980.89,25,28,49,2,0,1,0,15,1,562,0,0,None
CUST05698,62,Female,2,Retail,Savings,12042.84,2,1,481.89,379.31,25,28,49,2,0,1,0,9,1,722,1,1,Full Withdrawal
CUST05699,67,Male,7,Retail,Savings,71799.89,1,1,12588.75,8201.69,32,37,51,1,0,0,0,66,0,145,0,0,None
CUST05700,40,Female,19,HNI,Current,1897686.93,2,1,143793.87,72967.22,28,53,87,4,1,1,1,99,1,616,0,0,None
CUST05701,60,Female,18,Retail,Savings,20516.09,2,1,3991.3,3733.02,10,22,68,2,0,0,1,60,0,415,0,0,None
CUST05702,69,Male,20,Retail,Savings,74678.99,3,1,13805.83,6090.04,3,26,63,3,1,1,0,13,1,56,2,1,Full Withdrawal
CUST05703,43,Female,7,SME,Savings,410017.36,4,1,28908.46,13727.42,7,17,23,3,1,0,1,56,1,317,1,0,None
CUST05704,41,Female,23,Retail,FD,44033.46,1,1,6244.55,3426.24,32,51,75,1,0,0,0,56,1,416,1,0,None
CUST05705,58,Male,9,Retail,FD,20673.87,3,1,1807.23,1671.67,26,50,86,1,0,0,0,39,1,337,4,1,Partial Withdrawal
CUST05706,52,Male,12,Retail,Savings,95713.44,2,1,5405.65,2991.41,17,35,42,2,0,0,1,5,0,344,2,1,Account Closure
CUST05707,31,Male,3,SME,Current,464130.14,3,1,83469.34,55948.2,7,10,50,2,0,0,1,84,0,237,1,0,None
CUST05708,39,Male,23,Retail,Savings,22446.13,2,1,1547.26,1266.65,24,52,61,4,1,1,1,22,1,488,3,1,Account Closure
CUST05709,64,Male,22,SME,Savings,393636.42,1,1,42258.76,38499.93,6,32,56,3,1,0,1,67,1,644,1,0,None
CUST05710,60,Female,16,Retail,RD,62750.31,3,1,11788.92,8638.91,18,43,50,2,0,1,0,39,1,325,2,0,None
CUST05711,67,Male,7,Retail,Savings,82538.81,3,1,4296.7,2626.8,10,36,43,2,0,0,1,78,1,500,1,0,None
CUST05712,41,Female,23,Retail,Savings,99629.19,3,1,12761.85,12022.04,27,35,75,2,1,0,0,-9,1,511,2,0,None
CUST05713,39,Male,5,Retail,Savings,9262.38,3,1,1218.4,504.89,14,27,37,3,0,1,1,48,1,635,0,0,None
CUST05714,32,Male,23,SME,RD,339346.44,3,1,55004.89,47177.43,8,25,68,2,1,0,0,30,1,500,1,0,None
CUST05715,43,Male,7,Retail,Current,98967.43,1,1,17056.14,9424.99,19,30,70,3,1,0,1,66,1,41,0,0,None
CUST05716,65,Male,19,Retail,Current,56132.01,4,1,6054.57,5143.95,38,67,95,2,0,1,0,52,1,385,1,0,None
CUST05717,39,Male,17,Retail,Current,72991.7,1,1,11604.9,5677.02,25,37,79,3,1,0,1,71,1,602,2,0,None
CUST05718,55,Male,16,HNI,Savings,436050.03,3,1,80961.54,47828.04,33,43,84,2,0,1,0,51,1,426,2,0,None
CUST05719,44,Male,21,Retail,FD,38893.5,2,1,7070.94,3046.05,8,13,25,2,0,0,1,73,1,707,2,1,Account Closure
CUST05720,22,Female,24,HNI,Savings,1465593.22,2,1,176297.75,89875.23,21,38,80,4,1,1,1,-9,1,535,0,0,None
CUST05721,31,Female,21,Retail,Current,98868.49,3,1,13557.31,9917.66,35,55,75,2,1,0,0,-4,0,269,3,1,Account Closure
CUST05722,22,Male,19,Retail,Current,13708.31,4,1,2024.02,1657.32,20,41,88,2,0,0,1,66,0,726,0,0,None
CUST05723,59,Female,18,Retail,Savings,45101.54,3,1,7714.95,6952.52,15,21,26,2,0,0,1,-3,0,317,1,1,Full Withdrawal
CUST05724,60,Female,19,Retail,Savings,94358.79,1,1,11439.8,5328.97,33,46,64,3,1,1,0,-8,0,328,2,1,Account Closure
CUST05725,70,Male,4,Retail,Current,15715.84,4,1,910.01,434.36,10,21,70,2,0,1,0,3,1,414,2,1,Partial Withdrawal
CUST05726,30,Female,1,Retail,Savings,66838.66,4,1,6794.03,6225.55,37,52,66,2,0,0,1,76,1,174,2,0,None
CUST05727,52,Female,4,HNI,Savings,1781318.86,1,1,276518.28,227100.61,27,48,62,3,0,1,1,61,1,86,0,0,None
CUST05728,28,Male,4,SME,Savings,178045.86,4,1,24892.21,17346.47,21,42,68,3,0,1,1,22,0,299,0,0,None
CUST05729,38,Male,9,SME,FD,198675.84,3,1,31899.13,21123.57,30,43,87,2,0,0,1,16,0,15,0,1,Account Closure
CUST05730,56,Male,8,Retail,FD,21751.76,3,1,2610.05,1270.43,17,41,86,2,1,0,0,0,1,542,1,1,Account Closure
CUST05731,69,Male,2,Retail,FD,54047.24,2,1,3670.07,2233.66,32,37,72,1,0,0,0,86,1,444,2,0,None
CUST05732,58,Female,23,Retail,Current,40856.54,1,1,2387.38,1444.2,25,46,54,4,1,1,1,0,1,113,0,0,None
CUST05733,39,Male,6,SME,Current,279223.16,4,1,32669.64,24717.54,31,57,104,2,0,1,0,91,1,639,2,0,None
CUST05734,54,Female,23,HNI,Savings,1248229.15,4,1,91015.84,66386.75,9,19,46,3,0,1,1,96,1,25,1,0,None
CUST05735,25,Female,11,Retail,Savings,38269.17,4,1,7545.25,3265.89,27,42,87,1,0,0,0,7,1,514,2,1,Full Withdrawal
CUST05736,44,Female,4,Retail,FD,99659.68,3,1,7155.61,6201.51,16,22,38,3,0,1,1,81,1,65,0,0,None
CUST05737,32,Female,14,Retail,FD,39966.73,1,1,5223.07,4782.51,11,21,70,3,0,1,1,94,1,172,2,0,None
CUST05738,30,Male,21,Retail,FD,44207.37,3,1,1780.8,1476.49,37,65,77,1,0,0,0,79,1,154,0,0,None
CUST05739,51,Male,22,Retail,Current,6888.23,4,1,555.08,276.49,25,28,77,2,1,0,0,83,0,392,0,0,None
CUST05740,29,Female,9,Retail,FD,41178.45,3,1,3354.49,1659.44,9,22,50,2,0,1,0,98,1,83,2,0,None
CUST05741,61,Male,2,SME,RD,252179.77,4,1,39864.07,31865.81,2,31,36,1,0,0,0,63,1,159,2,0,None
CUST05742,26,Male,1,Retail,Savings,53981.7,4,1,6440.03,4137.57,11,24,54,3,0,1,1,31,0,335,0,0,None
CUST05743,33,Female,4,Retail,Savings,67419.31,3,1,2827.21,2341.9,24,38,64,3,1,1,0,-8,0,618,0,1,Full Withdrawal
CUST05744,22,Female,12,HNI,Current,396854.99,4,1,39950.34,17638.61,39,61,108,2,1,0,0,21,0,562,0,1,Full Withdrawal
CUST05745,36,Male,5,Retail,Savings,15021.65,3,1,2150.57,1707.64,11,23,52,1,0,0,0,25,1,378,1,0,None
CUST05746,46,Female,9,Retail,FD,36553.72,2,1,5185.99,3284.04,34,58,93,3,0,1,1,-1,1,477,2,1,Partial Withdrawal
CUST05747,39,Female,22,Retail,Savings,70952.14,3,1,3449.85,1438.73,32,41,79,4,1,1,1,74,1,394,1,0,None
CUST05748,59,Male,4,Retail,Current,57054.2,2,1,10761.91,7531.58,39,68,109,1,0,0,0,44,1,240,1,0,None
CUST05749,63,Male,16,Retail,Current,69121.3,2,1,5496.43,4311.78,14,36,51,4,1,1,1,60,0,46,0,0,None
CUST05750,67,Female,2,SME,Current,112399.54,3,1,20529.12,14176.01,36,49,57,2,1,0,0,14,1,698,5,1,Partial Withdrawal
CUST05751,47,Male,16,Retail,Savings,23400.46,1,1,1735.06,811.29,33,43,55,2,1,0,0,51,0,85,0,0,None
CUST05752,61,Male,16,Retail,RD,83832.33,1,1,10969.97,9310.76,23,36,84,2,0,1,0,23,0,213,2,1,Account Closure
CUST05753,24,Male,21,SME,Savings,111442.22,3,1,11698.41,6719.53,8,20,59,2,0,0,1,14,1,235,0,0,None
CUST05754,43,Female,24,Retail,FD,67226.04,3,1,8942.13,8108.75,7,27,56,2,0,0,1,62,1,269,0,0,None
CUST05755,47,Male,24,SME,FD,281226.93,4,1,33651.07,30244.96,17,46,81,3,1,0,1,-3,1,435,1,0,None
CUST05756,40,Male,22,SME,Savings,89580.69,4,1,3612.57,1843.13,13,22,49,1,0,0,0,42,1,336,0,0,None
CUST05757,65,Male,11,Retail,RD,99234.23,3,1,9547.64,6320.55,10,38,82,3,1,1,0,88,1,83,0,0,None
CUST05758,65,Female,1,SME,Current,350985.39,1,1,14669.34,6976.02,6,32,74,4,1,1,1,97,0,186,1,0,None
CUST05759,68,Male,15,Retail,Current,62204.36,4,1,9289.51,7178.57,4,12,20,3,1,0,1,81,1,62,1,0,None
CUST05760,60,Female,24,HNI,Current,1006685.37,4,1,177739.69,154376.58,37,59,99,1,0,0,0,-1,1,279,1,1,Account Closure
CUST05761,57,Female,4,Retail,Current,54042.02,1,1,5488.2,4152.4,11,37,48,3,0,1,1,67,1,671,2,0,None
CUST05762,42,Male,18,HNI,Savings,408844.09,3,1,50683.72,27534.5,9,37,51,2,0,0,1,82,1,392,0,0,None
CUST05763,62,Female,17,SME,FD,81839.07,1,1,4135.65,1827.85,10,25,35,3,0,1,1,-10,1,215,0,0,None
CUST05764,69,Female,7,Retail,Current,8030.22,2,1,816.12,357.54,14,39,74,3,1,1,0,47,1,395,0,0,None
CUST05765,47,Female,18,Retail,Savings,93026.08,4,1,5787.87,4259.93,20,49,57,3,0,1,1,8,0,45,0,0,None
CUST05766,34,Male,13,HNI,FD,758470.59,4,1,38190.73,35300.87,24,49,74,2,0,0,1,67,1,87,4,1,Account Closure
CUST05767,57,Female,20,SME,FD,210178.45,4,1,14192.36,11104.15,25,48,94,1,0,0,0,9,0,557,0,0,None
CUST05768,45,Female,20,Retail,Current,94764.91,1,1,16994.67,13627.08,4,7,31,2,0,1,0,91,1,125,1,0,None
CUST05769,62,Female,10,SME,Savings,53089.52,1,1,10466.74,6082.38,34,55,76,1,0,0,0,37,1,245,3,1,Account Closure
CUST05770,47,Male,1,Retail,Savings,15300.47,3,1,2764.4,1996.78,24,37,47,3,0,1,1,89,0,555,1,0,None
CUST05771,42,Female,2,Retail,Savings,64317.76,4,1,12551.44,7206.16,15,17,32,2,1,0,0,94,1,125,0,0,None
CUST05772,39,Male,17,Retail,Current,56119.89,2,1,8806.84,7890.19,20,49,71,2,1,0,0,61,0,704,3,1,Full Withdrawal
CUST05773,36,Male,22,Retail,RD,78765.01,3,1,5163.27,2441.62,34,61,74,2,0,0,1,47,1,431,0,0,None
CUST05774,36,Male,3,SME,Savings,464571.23,1,1,60444.1,45188.82,24,46,62,2,0,0,1,27,1,484,0,0,None
CUST05775,27,Female,17,Retail,Savings,5770.99,2,1,906.36,726.87,28,39,74,3,1,0,1,31,1,226,1,0,None
CUST05776,64,Male,12,SME,FD,365480.04,3,1,44644.87,35009.15,13,15,50,1,0,0,0,77,0,176,0,0,None
CUST05777,52,Male,24,Retail,Savings,25039.36,1,1,3223.74,1745.73,8,31,78,2,0,1,0,-4,1,75,2,1,Account Closure
CUST05778,49,Female,12,Retail,Savings,32684.56,2,1,4372.88,2918.1,37,48,86,4,1,1,1,96,1,520,0,0,None
CUST05779,29,Male,20,Retail,Current,40187.32,3,1,4609.3,3525.38,19,28,48,2,1,0,0,58,1,674,2,0,None
CUST05780,50,Female,10,Retail,FD,72122.71,2,1,6238.19,5689.35,17,31,76,4,1,1,1,67,1,8,0,0,None
CUST05781,42,Male,7,Retail,FD,12053.26,1,1,1710.65,1154.37,15,30,46,2,1,0,0,62,0,505,1,1,Full Withdrawal
CUST05782,38,Male,10,Retail,FD,51221.99,3,1,2487.41,1406.08,22,33,50,2,1,0,0,9,1,52,0,1,Partial Withdrawal
CUST05783,70,Female,18,Retail,Savings,52371.15,1,1,3527.11,2160.66,28,30,70,2,1,0,0,41,1,81,0,0,None
CUST05784,45,Female,22,Retail,FD,63507.63,4,1,11942.09,8332.3,26,33,50,1,0,0,0,15,1,470,0,0,None
CUST05785,71,Male,6,Retail,Savings,34502.01,4,1,4078.5,3821.54,39,52,100,1,0,0,0,78,0,520,4,1,Partial Withdrawal
CUST05786,57,Female,7,Retail,Savings,29679.95,2,1,5089.2,3794.42,16,37,43,1,0,0,0,73,1,318,2,0,None
CUST05787,52,Male,17,SME,Savings,166406.51,4,1,26000.44,12612.94,11,27,46,1,0,0,0,45,0,654,0,0,None
CUST05788,68,Male,12,HNI,Savings,842584.18,1,1,76939.27,66454.7,31,45,62,4,1,1,1,59,0,69,0,0,None
CUST05789,55,Male,17,Retail,Savings,9236.25,2,1,1557.08,778.22,10,26,64,3,1,0,1,60,1,347,0,0,None
CUST05790,23,Male,18,Retail,Current,32890.27,3,1,1796.19,756.75,29,55,85,2,0,0,1,89,1,87,0,0,None
CUST05791,63,Male,14,Retail,Current,79794.48,1,1,14362.73,6536.7,19,48,58,4,1,1,1,51,1,652,0,0,None
CUST05792,24,Male,11,HNI,Savings,1780085.22,3,1,265036.18,220607.36,12,29,54,3,1,1,0,51,1,124,2,0,None
CUST05793,51,Male,2,Retail,FD,95423.45,3,1,17971.25,16103.01,39,64,112,2,0,0,1,25,1,286,0,0,None
CUST05794,29,Male,21,Retail,FD,87416.46,3,1,16021.83,8772.14,3,16,53,2,0,1,0,9,1,136,0,0,None
CUST05795,28,Male,1,Retail,Savings,37674.77,3,1,3799.2,2560.51,23,44,63,2,0,0,1,99,1,488,1,0,None
CUST05796,33,Female,11,Retail,Savings,73995.74,1,1,13104.14,9546.01,24,36,75,2,1,0,0,7,1,322,1,0,None
CUST05797,40,Female,2,Retail,Savings,31059.31,4,1,4040.27,2546.5,21,34,66,4,1,1,1,61,1,197,2,0,None
CUST05798,47,Female,16,SME,Savings,269419.33,1,1,17549.51,7650.33,30,58,104,3,1,0,1,16,1,717,0,0,None
CUST05799,49,Male,22,Retail,FD,88696.93,4,1,15320.46,6605.55,27,30,40,3,1,1,0,-6,1,721,0,0,None
CUST05800,36,Female,3,Retail,Savings,38273.68,3,1,7090.86,4553.69,13,36,77,3,1,1,0,84,1,419,3,0,None
CUST05801,35,Female,20,Retail,Savings,24324.71,4,1,1302.04,1092.19,30,34,78,3,1,0,1,35,1,79,1,0,None
CUST05802,69,Male,1,Retail,Savings,96672.77,3,1,18260.37,8154.1,20,38,48,2,1,0,0,30,1,106,0,0,None
CUST05803,35,Male,21,HNI,FD,1018767.87,2,1,138758.61,71200.05,35,50,65,1,0,0,0,74,1,624,0,0,None
CUST05804,24,Female,20,Retail,Savings,39855.44,3,1,1759.36,964.78,28,56,74,3,1,0,1,41,0,627,1,0,None
CUST05805,71,Female,8,SME,Current,411106.99,4,1,52081.97,36849.0,31,39,64,2,0,0,1,-8,1,579,2,1,Account Closure
CUST05806,50,Female,19,Retail,Savings,52889.53,2,1,8857.93,3753.62,38,59,83,3,1,0,1,47,1,650,1,0,None
CUST05807,27,Female,1,Retail,FD,43111.67,2,1,5402.28,4716.32,32,47,56,3,1,0,1,79,1,386,1,0,None
CUST05808,70,Female,5,HNI,RD,973660.63,3,1,149125.28,98258.6,29,39,88,2,1,0,0,70,1,655,1,0,None
CUST05809,44,Female,1,Retail,Current,95633.28,1,1,17284.11,11526.39,26,37,50,3,0,1,1,83,1,375,3,1,Full Withdrawal
CUST05810,49,Male,11,SME,FD,110669.76,4,1,19827.8,11491.9,7,34,68,2,1,0,0,76,1,191,3,0,None
CUST05811,35,Male,21,Retail,FD,32112.96,2,1,2203.57,1138.37,8,20,66,2,0,1,0,14,1,135,1,0,None
CUST05812,35,Female,9,SME,FD,143086.48,1,1,15502.1,9301.54,7,19,66,2,0,0,1,57,1,276,1,0,None
CUST05813,41,Male,5,Retail,FD,62431.28,3,1,3607.68,3255.46,36,64,106,3,1,1,0,30,1,188,0,0,None
CUST05814,34,Female,2,Retail,Savings,57581.03,3,1,7785.86,3517.86,26,46,77,1,0,0,0,64,1,264,0,0,None
CUST05815,48,Female,13,SME,Current,497705.56,3,1,95935.87,41578.68,22,51,60,1,0,0,0,51,1,367,1,1,Full Withdrawal
CUST05816,56,Female,18,HNI,RD,1522046.67,3,1,105166.6,48686.7,18,32,41,3,1,0,1,30,1,90,2,0,None
CUST05817,66,Female,12,HNI,Savings,663070.78,4,1,69344.51,57371.32,27,38,82,3,1,0,1,91,1,58,0,0,None
CUST05818,23,Male,14,SME,RD,249444.86,2,1,48054.13,20501.29,18,35,54,2,1,0,0,71,1,648,1,0,None
CUST05819,62,Male,5,SME,Current,443461.68,4,1,70962.26,41388.09,8,19,32,4,1,1,1,22,0,109,1,0,None
CUST05820,66,Male,24,Retail,Current,10642.68,2,1,546.9,346.56,26,37,66,1,0,0,0,89,0,54,3,0,None
CUST05821,61,Female,10,Retail,Current,25527.63,1,1,2770.93,1881.22,35,64,76,4,1,1,1,27,0,694,2,0,None
CUST05822,69,Female,20,Retail,FD,10994.34,1,1,2177.56,874.86,27,40,58,3,1,0,1,7,1,256,2,1,Full Withdrawal
CUST05823,45,Female,2,Retail,Savings,10333.14,2,1,1162.67,776.34,7,9,52,4,1,1,1,43,1,380,1,0,None
CUST05824,50,Male,4,Retail,Savings,47195.79,3,1,6640.65,3368.19,11,40,76,3,1,1,0,38,1,669,1,1,Full Withdrawal
CUST05825,24,Male,12,Retail,FD,81973.2,1,1,12472.74,5660.53,18,37,72,1,0,0,0,50,1,693,0,0,None
CUST05826,66,Female,11,Retail,RD,68078.88,4,1,9955.11,6902.01,15,36,63,3,1,0,1,5,1,31,1,0,None
CUST05827,25,Male,4,SME,Current,126896.66,2,1,15607.65,12630.99,4,33,81,4,1,1,1,75,1,4,1,0,None
CUST05828,71,Male,11,Retail,Savings,29931.47,1,1,1833.22,1675.77,17,46,51,3,1,1,0,74,1,413,2,0,None
CUST05829,23,Female,9,Retail,Savings,6054.9,2,1,928.5,837.47,6,18,53,2,0,0,1,33,1,300,0,0,None
CUST05830,41,Female,10,Retail,RD,47811.43,3,1,9052.26,5607.41,24,32,43,3,1,0,1,20,1,94,0,0,None
CUST05831,36,Male,6,SME,Savings,224335.91,2,1,42774.46,33673.41,28,43,62,1,0,0,0,84,1,383,2,1,Account Closure
CUST05832,70,Female,15,SME,Current,348485.11,1,1,47025.38,36801.64,6,15,61,2,1,0,0,16,1,534,0,0,None
CUST05833,53,Male,10,Retail,Savings,11841.85,2,1,1406.24,881.23,38,43,53,2,0,0,1,30,0,503,0,0,None
CUST05834,63,Female,22,Retail,Savings,78759.84,1,1,7358.83,3341.02,39,43,63,3,1,1,0,90,1,638,1,0,None
CUST05835,22,Male,21,Retail,Savings,41614.54,1,1,2354.18,1436.3,19,30,48,4,1,1,1,-8,1,96,1,0,None
CUST05836,59,Male,6,Retail,Savings,83813.88,1,1,15195.36,14371.72,13,23,71,2,0,1,0,84,1,542,0,0,None
CUST05837,56,Female,1,Retail,FD,52016.25,4,1,3221.29,2271.88,22,38,59,3,0,1,1,23,1,5,2,1,Account Closure
CUST05838,28,Male,21,Retail,Savings,82947.67,3,1,7139.42,4196.3,8,17,31,3,1,1,0,79,0,194,0,0,None
CUST05839,66,Female,22,Retail,Savings,49350.59,3,1,7820.28,6327.37,18,32,65,2,1,0,0,77,1,198,0,0,None
CUST05840,34,Female,24,Retail,Current,43176.65,2,1,6595.76,5128.07,10,33,79,1,0,0,0,-1,1,619,1,0,None
CUST05841,70,Female,20,HNI,RD,416124.49,2,1,61986.75,44527.56,25,51,63,3,1,1,0,46,1,619,0,0,None
CUST05842,22,Female,21,HNI,Current,1298216.77,1,1,205992.1,154615.18,12,37,52,1,0,0,0,18,1,419,1,1,Full Withdrawal
CUST05843,35,Male,4,Retail,Savings,81503.5,3,1,10327.83,7453.76,26,34,56,4,1,1,1,27,1,586,0,0,None
CUST05844,50,Female,23,Retail,Savings,11368.1,2,1,736.56,682.02,38,52,101,2,1,0,0,66,1,336,2,0,None
CUST05845,24,Male,22,Retail,Current,10951.62,2,1,2187.45,1487.52,8,15,39,3,1,1,0,90,1,48,0,0,None
CUST05846,67,Male,14,Retail,FD,46620.28,3,1,8519.5,6173.27,18,29,49,3,1,0,1,92,1,470,0,0,None
CUST05847,45,Female,20,HNI,Savings,1210481.59,1,1,131923.56,86991.74,20,40,71,4,1,1,1,-5,0,590,0,0,None
CUST05848,22,Male,22,Retail,Savings,62810.63,2,1,7842.04,5725.65,22,51,78,4,1,1,1,3,1,488,0,0,None
CUST05849,69,Female,20,SME,FD,53639.28,1,1,5523.14,4915.34,10,22,40,3,1,1,0,83,1,656,0,0,None
CUST05850,31,Male,8,Retail,Current,71190.3,3,1,10114.47,5935.83,9,26,42,3,1,0,1,92,0,48,0,0,None
CUST05851,34,Female,11,HNI,Current,402434.6,3,1,63175.15,42500.87,28,51,100,2,0,0,1,-7,1,129,2,0,None
CUST05852,57,Female,15,Retail,Savings,95757.77,2,1,7378.15,4771.72,24,45,76,2,0,1,0,34,0,381,1,1,Partial Withdrawal
CUST05853,30,Male,19,SME,Savings,98560.19,2,1,10767.45,6663.84,11,33,50,4,1,1,1,81,1,528,1,0,None
CUST05854,35,Female,8,Retail,Savings,29837.28,3,1,4249.95,3619.13,3,27,47,1,0,0,0,28,1,532,1,0,None
CUST05855,57,Female,13,Retail,Savings,32670.27,1,1,6471.43,3414.13,8,23,60,4,1,1,1,63,0,416,0,0,None
CUST05856,31,Male,18,Retail,RD,94048.58,1,1,8650.58,5838.75,3,27,55,2,1,0,0,43,1,386,1,0,None
CUST05857,61,Male,22,Retail,Savings,50869.91,4,1,8098.49,7357.87,17,46,62,3,1,0,1,15,1,59,0,0,None
CUST05858,44,Female,24,HNI,Current,1024407.09,3,1,97797.57,47792.71,7,17,30,4,1,1,1,87,0,443,0,0,None
CUST05859,56,Male,17,HNI,Current,1200633.69,2,1,65763.94,26473.57,17,34,51,2,0,0,1,18,0,470,1,1,Account Closure
CUST05860,28,Male,6,SME,Savings,406613.19,3,1,66368.76,36228.91,26,36,85,2,0,0,1,51,1,261,0,0,None
CUST05861,63,Female,15,Retail,FD,34292.29,2,1,4934.29,4476.74,11,18,30,3,1,0,1,-3,0,194,3,1,Account Closure
CUST05862,56,Male,13,SME,Current,305413.87,1,1,37350.39,16740.2,10,17,39,2,0,0,1,28,1,241,0,0,None
CUST05863,23,Female,18,Retail,RD,61571.64,2,1,9112.96,4332.22,33,52,83,3,0,1,1,7,0,167,0,0,None
CUST05864,36,Female,11,Retail,Savings,51709.1,4,1,9343.21,5383.43,33,58,103,1,0,0,0,62,0,44,3,1,Account Closure
CUST05865,30,Female,13,Retail,Savings,10886.99,1,1,1753.26,1443.52,3,23,60,2,1,0,0,11,1,169,0,0,None
CUST05866,68,Male,1,Retail,Savings,54584.05,4,1,9675.07,7867.81,22,40,51,2,0,0,1,7,1,574,0,1,Full Withdrawal
CUST05867,38,Male,18,Retail,Savings,58429.7,3,1,5048.5,2261.17,4,9,26,3,0,1,1,26,0,75,0,1,Full Withdrawal
CUST05868,60,Male,5,Retail,Savings,70944.31,2,1,11924.13,10894.04,35,57,76,2,1,0,0,100,1,51,0,0,None
CUST05869,39,Female,6,Retail,FD,99576.5,1,1,9718.82,5164.1,30,50,88,2,0,0,1,22,1,607,0,0,None
CUST05870,36,Male,1,SME,Savings,253866.54,2,1,10993.51,6094.25,21,45,89,1,0,0,0,37,1,463,1,1,Partial Withdrawal
CUST05871,39,Male,7,Retail,RD,53469.31,4,1,2508.22,1536.36,24,52,76,2,0,0,1,98,0,396,0,0,None
CUST05872,45,Male,4,Retail,Current,12125.22,1,1,1901.92,1424.48,38,60,101,1,0,0,0,37,1,305,1,1,Full Withdrawal
CUST05873,44,Male,9,Retail,Current,84000.87,4,1,7014.53,4817.02,9,21,66,3,1,1,0,-9,0,331,0,0,None
CUST05874,33,Male,15,Retail,Savings,14324.8,1,1,1277.97,1163.9,37,64,85,3,1,0,1,15,1,369,2,1,Account Closure
CUST05875,44,Female,6,Retail,Savings,93713.85,3,1,13083.62,9296.45,15,37,70,1,0,0,0,6,0,726,4,1,Partial Withdrawal
CUST05876,42,Male,17,Retail,FD,38107.53,3,1,6045.44,5267.82,24,47,72,1,0,0,0,-7,0,476,0,1,Partial Withdrawal
CUST05877,47,Male,20,Retail,Savings,37070.33,2,1,4797.7,2125.44,28,40,58,2,0,1,0,-2,0,278,0,1,Partial Withdrawal
CUST05878,29,Male,18,SME,FD,449880.7,4,1,68840.55,59942.64,16,28,61,3,1,0,1,-1,1,294,1,1,Full Withdrawal
CUST05879,51,Female,22,Retail,Current,95296.51,4,1,18160.51,9239.02,36,59,104,2,1,0,0,58,1,537,1,0,None
CUST05880,55,Female,4,SME,FD,470801.36,1,1,83174.4,49855.16,23,49,75,3,1,0,1,27,1,253,3,1,Partial Withdrawal
CUST05881,23,Male,9,Retail,FD,97457.84,3,1,7653.23,4407.78,37,57,94,3,1,0,1,38,1,103,1,1,Partial Withdrawal
CUST05882,26,Female,14,Retail,Savings,71954.78,2,1,13317.87,7797.68,16,25,42,3,1,0,1,29,1,547,2,1,Account Closure
CUST05883,52,Male,3,SME,Current,158226.74,3,1,13854.69,12542.3,33,61,107,3,0,1,1,38,0,585,1,0,None
CUST05884,54,Female,1,Retail,Savings,41704.41,4,1,6076.09,3906.18,19,43,78,3,0,1,1,75,0,166,1,0,None
CUST05885,25,Male,11,Retail,Current,32484.38,2,1,5845.71,3199.84,32,49,65,3,1,0,1,94,1,446,3,0,None
CUST05886,27,Female,1,SME,Savings,209787.52,3,1,29318.1,16474.46,37,63,99,3,0,1,1,8,1,613,1,1,Account Closure
CUST05887,44,Female,12,Retail,Savings,51802.18,3,1,8754.12,7369.53,26,48,58,1,0,0,0,26,1,516,0,0,None
CUST05888,66,Female,9,SME,Savings,317590.81,1,1,59826.34,41669.82,11,35,50,3,1,0,1,86,1,413,1,0,None
CUST05889,40,Male,5,Retail,RD,5829.45,1,1,1135.05,734.63,15,24,51,2,1,0,0,38,1,714,0,0,None
CUST05890,64,Male,15,SME,Current,162044.38,4,1,17128.3,15582.43,27,37,48,2,1,0,0,-5,1,135,0,0,None
CUST05891,66,Female,18,Retail,RD,95444.92,3,1,18978.55,17299.03,20,45,69,1,0,0,0,53,1,593,2,1,Full Withdrawal
CUST05892,29,Male,9,Retail,Savings,68590.46,1,1,5725.18,4670.97,31,44,52,2,1,0,0,12,0,458,0,0,None
CUST05893,60,Female,13,Retail,Current,85934.05,3,1,9792.17,6706.69,13,26,51,1,0,0,0,67,1,193,0,0,None
CUST05894,34,Female,13,Retail,Savings,50433.79,2,1,8155.79,3785.4,32,35,83,3,1,0,1,20,1,362,1,0,None
CUST05895,22,Female,24,Retail,Savings,6919.77,3,1,1350.91,1066.37,19,47,81,2,0,0,1,42,1,340,2,0,None
CUST05896,27,Male,13,Retail,FD,99094.58,3,1,4803.18,4074.59,3,10,39,3,0,1,1,22,1,455,0,0,None
CUST05897,28,Female,10,Retail,RD,10589.05,4,1,2025.71,1759.58,15,20,55,1,0,0,0,6,1,544,0,1,Account Closure
CUST05898,69,Female,10,Retail,Savings,23313.55,2,1,4657.77,3353.72,21,35,41,3,1,0,1,54,0,284,0,0,None
CUST05899,48,Female,22,Retail,RD,9981.81,2,1,1851.95,1369.08,21,26,50,3,1,1,0,65,0,220,0,0,None
CUST05900,36,Male,7,HNI,Current,1775469.61,1,1,101808.05,80439.56,35,45,90,2,0,1,0,56,1,62,2,0,None
CUST05901,55,Male,22,Retail,RD,60406.94,2,1,10541.74,9283.7,35,43,61,1,0,0,0,34,1,2,1,0,None
CUST05902,44,Male,5,Retail,Current,24918.62,4,1,3547.46,1507.61,38,45,87,2,0,0,1,89,1,636,1,0,None
CUST05903,69,Male,20,Retail,RD,95882.06,1,1,3981.43,2825.91,4,23,50,3,1,1,0,77,1,253,0,0,None
CUST05904,70,Female,7,Retail,FD,91781.2,3,1,18126.8,10930.51,36,52,61,3,0,1,1,94,1,593,0,0,None
CUST05905,45,Female,20,HNI,Savings,1903057.02,2,1,121955.12,104666.47,34,51,74,3,0,1,1,67,1,326,2,1,Partial Withdrawal
CUST05906,36,Male,10,Retail,Savings,67592.15,3,1,6995.21,3312.9,20,22,33,2,0,1,0,26,1,520,1,0,None
CUST05907,56,Female,10,HNI,Savings,1642846.58,1,1,73671.16,66328.78,32,43,68,1,0,0,0,81,1,140,0,0,None
CUST05908,25,Male,21,Retail,Current,39180.82,2,1,3507.59,1642.27,23,28,65,3,1,0,1,16,1,639,0,0,None
CUST05909,65,Male,24,SME,FD,399522.54,1,1,52310.33,23494.12,28,54,78,2,0,0,1,9,1,221,1,1,Account Closure
CUST05910,58,Male,13,Retail,FD,29338.04,1,1,5543.03,3273.57,39,44,57,2,0,0,1,68,1,156,1,0,None
CUST05911,38,Male,15,SME,FD,85368.54,2,1,16942.1,16045.83,29,48,83,2,0,1,0,31,1,645,1,0,None
CUST05912,52,Female,6,Retail,Savings,48991.67,2,1,5278.23,3951.24,22,36,48,1,0,0,0,14,0,171,0,1,Partial Withdrawal
CUST05913,59,Male,20,Retail,Savings,72957.11,1,1,7916.53,3281.73,21,46,61,2,1,0,0,97,0,369,1,0,None
CUST05914,31,Female,12,Retail,Savings,66778.57,4,1,4384.34,2354.81,39,62,73,4,1,1,1,59,1,12,0,0,None
CUST05915,71,Male,19,Retail,FD,34091.44,2,1,4082.02,1967.7,14,16,41,1,0,0,0,40,1,31,1,0,None
CUST05916,48,Female,11,HNI,Savings,868090.12,1,1,165295.61,66209.54,30,51,83,2,0,0,1,99,1,665,1,0,None
CUST05917,63,Male,6,Retail,Savings,16949.62,3,1,1126.53,769.66,22,33,52,4,1,1,1,67,0,391,0,0,None
CUST05918,27,Male,1,Retail,Savings,7269.13,3,1,600.69,366.19,34,56,68,2,0,1,0,28,1,157,0,0,None
CUST05919,27,Male,2,SME,Savings,306283.53,2,1,55930.7,41237.94,33,35,51,2,1,0,0,95,1,203,1,0,None
CUST05920,36,Male,23,Retail,Savings,29343.43,2,1,4114.8,2135.58,29,32,41,3,1,1,0,19,0,277,1,0,None
CUST05921,25,Male,15,HNI,Savings,1271347.87,3,1,118084.26,101207.56,15,25,37,3,1,0,1,36,1,56,2,0,None
CUST05922,69,Female,4,SME,RD,354744.66,1,1,60320.5,36840.13,23,25,66,2,1,0,0,36,0,535,0,0,None
CUST05923,61,Female,5,Retail,Savings,54722.56,1,1,3142.95,2091.94,38,54,72,3,0,1,1,39,0,727,0,0,None
CUST05924,28,Female,15,SME,FD,180082.96,1,1,31935.23,25639.75,35,63,71,2,0,1,0,17,1,74,4,1,Full Withdrawal
CUST05925,70,Male,11,Retail,Savings,53621.93,4,1,6589.08,3237.81,18,34,65,2,0,0,1,20,1,636,0,0,None
CUST05926,66,Male,10,Retail,FD,76251.06,2,1,12284.77,6686.46,34,59,78,4,1,1,1,62,1,389,0,0,None
CUST05927,68,Male,17,Retail,Current,30268.21,4,1,3721.25,1805.23,34,63,87,2,0,0,1,37,0,252,0,0,None
CUST05928,47,Female,2,Retail,FD,38050.39,4,1,3021.34,2484.89,39,67,93,3,1,0,1,55,0,318,1,0,None
CUST05929,52,Female,20,SME,FD,304359.49,4,1,43382.12,19679.73,27,53,99,3,1,1,0,42,0,594,2,0,None
CUST05930,23,Female,24,HNI,Current,1448021.26,4,1,93783.39,62736.55,8,11,51,3,1,1,0,49,1,716,1,0,None
CUST05931,49,Female,10,Retail,RD,13983.83,1,1,1073.67,872.3,26,39,73,1,0,0,0,36,1,552,0,0,None
CUST05932,63,Male,20,Retail,Current,77024.66,2,1,9850.85,6691.38,31,50,87,2,0,0,1,34,1,253,5,1,Full Withdrawal
CUST05933,34,Male,3,HNI,FD,342413.63,2,1,35062.26,23834.35,34,58,90,2,0,0,1,-10,1,638,1,1,Full Withdrawal
CUST05934,39,Male,19,Retail,Savings,41580.48,4,1,6620.96,2880.26,29,40,82,3,1,0,1,55,1,199,2,1,Account Closure
CUST05935,51,Male,5,Retail,RD,28291.81,2,1,3773.32,3134.02,19,33,77,2,1,0,0,81,1,476,0,0,None
CUST05936,32,Male,3,Retail,FD,56618.92,3,1,5719.28,4187.68,11,21,29,3,0,1,1,89,1,637,0,0,None
CUST05937,34,Male,8,HNI,Savings,1409564.43,1,1,130070.08,99780.94,3,30,48,3,1,0,1,12,1,647,0,0,None
CUST05938,45,Female,5,Retail,Current,81305.55,2,1,15132.5,12426.65,15,41,47,2,1,0,0,9,1,402,2,1,Partial Withdrawal
CUST05939,50,Female,12,SME,FD,412041.19,1,1,19124.16,13546.4,14,18,59,3,1,1,0,22,0,724,0,0,None
CUST05940,26,Female,14,SME,FD,163079.68,3,1,24554.09,16690.46,2,26,49,2,0,0,1,83,1,474,2,0,None
CUST05941,56,Female,7,Retail,RD,93598.35,1,1,9612.9,7351.38,33,56,74,3,0,1,1,91,1,98,0,0,None
CUST05942,40,Male,11,Retail,Savings,63610.7,3,1,6385.07,5714.67,26,35,46,2,0,1,0,78,1,231,0,0,None
CUST05943,34,Male,8,SME,Savings,449768.11,4,1,64901.67,48752.41,11,26,39,3,1,1,0,37,1,229,0,0,None
CUST05944,26,Female,5,Retail,Current,89292.93,2,1,15722.2,13105.66,16,41,78,3,1,0,1,5,0,718,0,0,None
CUST05945,65,Male,8,SME,Savings,362777.23,4,1,56559.13,37563.72,30,55,83,2,0,0,1,91,0,335,0,0,None
CUST05946,35,Male,12,HNI,Savings,355102.21,2,1,52277.37,37862.65,18,43,89,2,0,0,1,100,1,80,0,0,None
CUST05947,59,Male,15,Retail,Current,6092.65,4,1,727.42,363.04,24,52,99,1,0,0,0,28,1,505,0,0,None
CUST05948,43,Male,19,SME,Savings,114821.33,3,1,13212.32,8834.88,8,35,60,3,1,1,0,-4,0,279,0,0,None
CUST05949,30,Male,16,SME,Savings,487486.28,2,1,55434.23,26713.17,37,54,102,2,0,0,1,51,1,468,1,0,None
CUST05950,70,Male,14,SME,Savings,284501.99,4,1,18000.89,11824.1,7,14,19,3,1,0,1,33,0,138,1,0,None
CUST05951,61,Male,7,Retail,FD,96360.96,1,1,12480.72,5438.14,3,13,38,1,0,0,0,86,0,178,0,0,None
CUST05952,47,Female,8,Retail,Savings,19745.24,1,1,1786.44,1280.72,33,55,99,1,0,0,0,87,1,104,2,0,None
CUST05953,66,Male,7,Retail,Savings,34619.51,4,1,4809.22,2682.12,6,11,39,3,1,0,1,70,1,230,0,0,None
CUST05954,26,Male,18,SME,Current,294876.74,3,1,37005.16,31931.9,20,44,86,2,0,1,0,38,1,435,1,0,None
CUST05955,50,Male,24,Retail,Savings,37079.96,4,1,7059.57,4284.77,3,23,71,4,1,1,1,93,1,307,2,0,None
CUST05956,43,Male,6,SME,RD,174977.76,1,1,19175.61,17349.62,24,49,94,2,1,0,0,-7,1,449,0,0,None
CUST05957,70,Female,19,Retail,Savings,66555.69,2,1,9737.33,6427.5,5,21,29,1,0,0,0,2,1,625,0,0,None
CUST05958,24,Female,4,Retail,FD,17478.94,2,1,2357.01,2043.25,5,30,40,3,0,1,1,15,1,682,2,1,Account Closure
CUST05959,49,Female,23,Retail,Current,97411.41,4,1,14563.31,8206.42,12,24,31,3,1,1,0,2,1,636,0,0,None
CUST05960,59,Male,3,SME,FD,74273.13,2,1,6143.57,3983.38,21,43,81,2,0,0,1,85,1,338,1,0,None
CUST05961,35,Female,17,Retail,Savings,79640.44,1,1,6463.6,4838.11,15,26,55,4,1,1,1,32,0,631,2,1,Partial Withdrawal
CUST05962,68,Female,22,Retail,Savings,32323.36,2,1,4187.44,2270.67,36,45,76,4,1,1,1,1,1,561,1,1,Full Withdrawal
CUST05963,35,Male,19,Retail,FD,31160.38,4,1,5479.55,4172.84,15,19,41,1,0,0,0,67,0,407,0,0,None
CUST05964,64,Male,15,SME,Savings,377544.4,4,1,58595.42,32739.1,4,24,33,2,0,1,0,74,1,511,4,1,Full Withdrawal
CUST05965,32,Male,6,Retail,FD,16335.46,4,1,1931.33,1286.96,16,21,49,2,0,1,0,22,1,303,0,0,None
CUST05966,30,Female,12,Retail,Savings,54586.89,1,1,4411.45,1821.28,22,36,72,4,1,1,1,94,1,170,1,0,None
CUST05967,59,Female,19,HNI,FD,745251.21,3,1,120354.76,53317.19,3,13,38,1,0,0,0,56,1,581,1,0,None
CUST05968,68,Male,6,SME,RD,404833.4,2,1,76189.4,39992.25,22,44,92,1,0,0,0,-4,0,587,1,0,None
CUST05969,65,Female,11,HNI,RD,1292757.44,4,1,95771.67,80790.22,11,34,72,1,0,0,0,68,0,299,0,0,None
CUST05970,27,Male,20,Retail,Savings,38834.27,3,1,6518.53,4975.02,28,49,82,4,1,1,1,-4,1,646,4,1,Account Closure
CUST05971,22,Male,20,Retail,Savings,24015.09,4,1,1623.21,1446.92,20,34,43,3,1,1,0,32,0,495,0,0,None
CUST05972,46,Female,10,SME,RD,471573.17,4,1,86828.54,77936.52,13,23,55,2,0,1,0,37,1,142,0,0,None
CUST05973,37,Female,16,Retail,FD,38659.13,1,1,5517.74,3344.13,17,38,48,1,0,0,0,79,0,26,1,0,None
CUST05974,36,Male,18,SME,Savings,91688.19,1,1,6322.96,3807.32,9,29,44,2,0,0,1,15,1,654,2,1,Full Withdrawal
CUST05975,55,Male,14,Retail,Current,34415.18,3,1,1576.27,1355.05,38,55,98,2,0,0,1,65,1,380,0,0,None
CUST05976,38,Male,4,Retail,Savings,77577.92,4,1,11725.02,7440.04,26,45,57,2,1,0,0,48,1,312,0,0,None
CUST05977,24,Male,12,Retail,RD,70522.1,2,1,9659.86,8418.19,25,45,84,3,0,1,1,45,0,363,1,0,None
CUST05978,24,Female,20,Retail,Savings,37439.58,2,1,5159.58,3499.54,19,37,52,2,1,0,0,29,1,157,2,1,Account Closure
CUST05979,58,Female,23,Retail,Current,18916.37,2,1,2216.28,1404.22,22,35,59,3,1,0,1,98,1,210,0,0,None
CUST05980,38,Female,21,Retail,Current,54236.63,3,1,7501.52,4152.0,9,21,68,2,0,1,0,55,1,206,1,1,Account Closure
CUST05981,70,Male,8,HNI,RD,1774466.84,1,1,318899.54,149744.94,20,45,71,1,0,0,0,93,1,128,0,0,None
CUST05982,59,Female,7,Retail,FD,16738.14,3,1,3219.08,2218.74,31,49,94,2,0,1,0,4,0,697,0,0,None
CUST05983,22,Male,9,SME,Savings,99063.73,1,1,9423.07,5454.77,28,35,51,2,0,1,0,33,0,246,0,0,None
CUST05984,28,Female,24,SME,Current,327646.18,2,1,38681.75,20779.53,37,65,74,2,1,0,0,84,1,261,1,0,None
CUST05985,47,Female,17,Retail,RD,60916.06,2,1,5097.73,2514.78,37,53,91,3,1,0,1,48,0,49,0,0,None
CUST05986,68,Female,10,Retail,FD,93792.43,1,1,9928.27,6093.4,27,30,76,2,1,0,0,90,0,104,3,0,None
CUST05987,60,Male,3,SME,Current,276530.79,2,1,46275.26,32657.84,21,36,74,1,0,0,0,23,0,573,3,1,Full Withdrawal
CUST05988,40,Male,21,Retail,FD,28164.78,3,1,3041.75,2617.01,15,43,77,4,1,1,1,1,1,177,0,0,None
CUST05989,51,Male,8,SME,Savings,263430.66,1,1,27044.44,23017.64,34,62,89,2,1,0,0,-5,1,305,0,0,None
CUST05990,64,Female,14,SME,FD,114145.48,2,1,20091.63,17485.44,10,14,54,3,1,1,0,93,1,98,0,0,None
CUST05991,35,Male,7,HNI,Savings,1333132.8,4,1,53596.71,38425.01,24,50,79,2,0,1,0,85,1,69,2,0,None
CUST05992,34,Male,16,Retail,Savings,68234.02,2,1,12033.08,8516.44,31,44,54,3,1,0,1,89,1,628,0,0,None
CUST05993,41,Male,18,Retail,FD,95816.84,4,1,6613.78,5938.04,29,55,101,1,0,0,0,-1,1,68,0,1,Partial Withdrawal
CUST05994,47,Female,11,Retail,Savings,54103.16,2,1,4540.44,2536.75,32,39,72,2,0,0,1,69,0,145,0,0,None
CUST05995,48,Male,6,Retail,Savings,94307.58,4,1,9228.7,4429.76,27,51,76,4,1,1,1,14,1,129,1,1,Partial Withdrawal
CUST05996,46,Female,20,SME,Savings,52490.56,2,1,9495.77,4230.61,37,43,54,1,0,0,0,83,1,61,0,0,None
CUST05997,30,Female,21,Retail,Savings,50876.38,4,1,9431.92,8343.24,37,45,86,3,1,1,0,29,1,266,1,0,None
CUST05998,62,Female,14,Retail,FD,66196.19,1,1,9650.65,5833.58,12,19,68,3,0,1,1,82,1,637,0,0,None
CUST05999,69,Male,21,SME,Current,95621.91,1,1,10548.13,7112.6,13,35,80,1,0,0,0,37,1,701,0,0,None
CUST06000,33,Male,13,Retail,Savings,45061.25,4,1,5523.63,4649.15,3,23,36,1,0,0,0,76,1,434,5,0,None
